Longitud Sexa finca;Latitud Sexa finca;Municipio Finca;HORA INICIO TURNO;HORA FIN TURNO;FINCA;FECHA;lat_decimal;lon_decimal;fecha_dt;hora_inicio_turno_dt;hora_fin_turno_dt;fecha_clima;lat_key;lon_key;fecha_key;clima_fuente;clima_temp_promedio_dia_c;clima_temp_min_dia_c;clima_temp_max_dia_c;clima_precipitacion_dia_mm;clima_viento_promedio_dia_kmh;clima_presion_promedio_dia_hpa;clima_horas_validas_dia;clima_horas_lluvia_dia;clima_observacion_dia;clima_estado_dia;fue_lluvioso_dia;clima_imputado
75°50'28.7''W;4°10'32.5''N;Sevilla;6:00:00;14:00:00;13INDOS;01/01/2026;4.175694444;-75.84130556;01/01/2026;01/01/2026 6:00;01/01/2026 14:00;01/01/2026;4.17569;-75.84131;01/01/2026;Open-Meteo Archive;17.4;12.9;22.9;22.1;10;;;;Dato obtenido por fallback Open-Meteo;Lluvioso;Sí;No
75°50'28.7''W;4°10'32.5''N;Sevilla;14:00:00;22:00:00;13INDOS;01/01/2026;4.175694444;-75.84130556;01/01/2026;01/01/2026 14:00;01/01/2026 22:00;01/01/2026;4.17569;-75.84131;01/01/2026;Open-Meteo Archive;17.4;12.9;22.9;22.1;10;;;;Dato obtenido por fallback Open-Meteo;Lluvioso;Sí;No
75°51'47.2''W;4°07'04.0''N;Sevilla;6:00:00;14:00:00;13CRIST;01/01/2026;4.117777778;-75.86311111;01/01/2026;01/01/2026 6:00;01/01/2026 14:00;01/01/2026;4.11778;-75.86311;01/01/2026;Open-Meteo Archive;15.2;10.7;20.1;13.3;8.5;;;;Dato obtenido por fallback Open-Meteo;Lluvioso;Sí;No
75°51'47.2''W;4°07'04.0''N;Sevilla;14:00:00;22:00:00;13CRIST;01/01/2026;4.117777778;-75.86311111;01/01/2026;01/01/2026 14:00;01/01/2026 22:00;01/01/2026;4.11778;-75.86311;01/01/2026;Open-Meteo Archive;15.2;10.7;20.1;13.3;8.5;;;;Dato obtenido por fallback Open-Meteo;Lluvioso;Sí;No
75°50'28.7''W;4°10'32.5''N;Sevilla;6:00:00;14:00:00;13INDOS;02/01/2026;4.175694444;-75.84130556;02/01/2026;02/01/2026 6:00;02/01/2026 14:00;02/01/2026;4.17569;-75.84131;02/01/2026;Open-Meteo Archive;16.8;14.4;19.6;8.5;5.5;;;;Dato obtenido por fallback Open-Meteo;Lluvioso;Sí;No
75°50'28.7''W;4°10'32.5''N;Sevilla;14:00:00;22:00:00;13INDOS;02/01/2026;4.175694444;-75.84130556;02/01/2026;02/01/2026 14:00;02/01/2026 22:00;02/01/2026;4.17569;-75.84131;02/01/2026;Open-Meteo Archive;16.8;14.4;19.6;8.5;5.5;;;;Dato obtenido por fallback Open-Meteo;Lluvioso;Sí;No
75°51'47.2''W;4°07'04.0''N;Sevilla;6:00:00;14:00:00;13CRIST;02/01/2026;4.117777778;-75.86311111;02/01/2026;02/01/2026 6:00;02/01/2026 14:00;02/01/2026;4.11778;-75.86311;02/01/2026;Open-Meteo Archive;14.7;12.1;17.6;2.6;7.7;;;;Dato obtenido por fallback Open-Meteo;Lluvioso;Sí;No
75°51'47.2''W;4°07'04.0''N;Sevilla;14:00:00;22:00:00;13CRIST;02/01/2026;4.117777778;-75.86311111;02/01/2026;02/01/2026 14:00;02/01/2026 22:00;02/01/2026;4.11778;-75.86311;02/01/2026;Open-Meteo Archive;14.7;12.1;17.6;2.6;7.7;;;;Dato obtenido por fallback Open-Meteo;Lluvioso;Sí;No
76°15'47.6''W;4°25'33.3''N;Bolivar;6:00:00;14:00:00;35PLAYA;02/01/2026;4.425916667;-76.26322222;02/01/2026;02/01/2026 6:00;02/01/2026 14:00;02/01/2026;4.42592;-76.26322;02/01/2026;Open-Meteo Archive;14.5;13.7;16.2;9.6;10.3;;;;Dato obtenido por fallback Open-Meteo;Lluvioso;Sí;No
76°15'47.6''W;4°25'33.3''N;Bolivar;14:00:00;22:00:00;35PLAYA;02/01/2026;4.425916667;-76.26322222;02/01/2026;02/01/2026 14:00;02/01/2026 22:00;02/01/2026;4.42592;-76.26322;02/01/2026;Open-Meteo Archive;14.5;13.7;16.2;9.6;10.3;;;;Dato obtenido por fallback Open-Meteo;Lluvioso;Sí;No
76°15'47.6''W;4°25'33.3''N;Bolivar;6:00:00;14:00:00;35PLAYA;02/01/2026;4.425916667;-76.26322222;02/01/2026;02/01/2026 6:00;02/01/2026 14:00;02/01/2026;4.42592;-76.26322;02/01/2026;Open-Meteo Archive;14.5;13.7;16.2;9.6;10.3;;;;Dato obtenido por fallback Open-Meteo;Lluvioso;Sí;No
76°34'23.0''W;3°41'39.8''N;Cumbre;6:00:00;14:00:00;32PORRA;02/01/2026;3.694388889;-76.57305556;02/01/2026;02/01/2026 6:00;02/01/2026 14:00;02/01/2026;3.69439;-76.57306;02/01/2026;Meteostat Daily;23.4;20;28;3.2;7.1;1014.7;;;Dato diario obtenido correctamente;Lluvioso;Sí;No
76°34'23.0''W;3°41'39.8''N;Cumbre;14:00:00;22:00:00;32PORRA;02/01/2026;3.694388889;-76.57305556;02/01/2026;02/01/2026 14:00;02/01/2026 22:00;02/01/2026;3.69439;-76.57306;02/01/2026;Meteostat Daily;23.4;20;28;3.2;7.1;1014.7;;;Dato diario obtenido correctamente;Lluvioso;Sí;No
76°34'23.0''W;3°41'39.8''N;Cumbre;14:00:00;22:00:00;32PORRA;03/01/2026;3.694388889;-76.57305556;03/01/2026;03/01/2026 14:00;03/01/2026 22:00;03/01/2026;3.69439;-76.57306;03/01/2026;Meteostat Daily;23.5;19;30;23.5;9.5;1015;;;Dato diario obtenido correctamente;Lluvioso;Sí;No
76°34'23.0''W;3°41'39.8''N;Cumbre;6:00:00;14:00:00;32PORRA;03/01/2026;3.694388889;-76.57305556;03/01/2026;03/01/2026 6:00;03/01/2026 14:00;03/01/2026;3.69439;-76.57306;03/01/2026;Meteostat Daily;23.5;19;30;23.5;9.5;1015;;;Dato diario obtenido correctamente;Lluvioso;Sí;No
76°29'25.4''W;3°50'31.0''N;Restrepo;22:00:00;6:00:00;34SUIZA;03/01/2026;3.841944444;-76.49038889;03/01/2026;03/01/2026 22:00;04/01/2026 6:00;03/01/2026;3.84194;-76.49039;03/01/2026;Meteostat Daily;23.5;19;30;23.5;9.5;1015;;;Dato diario obtenido correctamente;Lluvioso;Sí;No
76°24'26.8''W;4°04'11.9''N;Riofrio;6:00:00;14:00:00;31GRACI;03/01/2026;4.069972222;-76.40744444;03/01/2026;03/01/2026 6:00;03/01/2026 14:00;03/01/2026;4.06997;-76.40744;03/01/2026;Open-Meteo Archive;16.2;14.1;19.1;35.6;8.2;;;;Dato obtenido por fallback Open-Meteo;Lluvioso;Sí;No
76°24'26.8''W;4°04'11.9''N;Riofrio;14:00:00;22:00:00;31GRACI;03/01/2026;4.069972222;-76.40744444;03/01/2026;03/01/2026 14:00;03/01/2026 22:00;03/01/2026;4.06997;-76.40744;03/01/2026;Open-Meteo Archive;16.2;14.1;19.1;35.6;8.2;;;;Dato obtenido por fallback Open-Meteo;Lluvioso;Sí;No
76°24'26.8''W;4°04'11.9''N;Riofrio;6:00:00;14:00:00;31GRACI;03/01/2026;4.069972222;-76.40744444;03/01/2026;03/01/2026 6:00;03/01/2026 14:00;03/01/2026;4.06997;-76.40744;03/01/2026;Open-Meteo Archive;16.2;14.1;19.1;35.6;8.2;;;;Dato obtenido por fallback Open-Meteo;Lluvioso;Sí;No
76°24'26.8''W;4°04'11.9''N;Riofrio;14:00:00;22:00:00;31GRACI;03/01/2026;4.069972222;-76.40744444;03/01/2026;03/01/2026 14:00;03/01/2026 22:00;03/01/2026;4.06997;-76.40744;03/01/2026;Open-Meteo Archive;16.2;14.1;19.1;35.6;8.2;;;;Dato obtenido por fallback Open-Meteo;Lluvioso;Sí;No
75°50'28.7''W;4°10'32.5''N;Sevilla;6:00:00;14:00:00;13INDOS;03/01/2026;4.175694444;-75.84130556;03/01/2026;03/01/2026 6:00;03/01/2026 14:00;03/01/2026;4.17569;-75.84131;03/01/2026;Open-Meteo Archive;17.1;14.2;20.5;24.4;5.9;;;;Dato obtenido por fallback Open-Meteo;Lluvioso;Sí;No
75°50'28.7''W;4°10'32.5''N;Sevilla;14:00:00;22:00:00;13INDOS;03/01/2026;4.175694444;-75.84130556;03/01/2026;03/01/2026 14:00;03/01/2026 22:00;03/01/2026;4.17569;-75.84131;03/01/2026;Open-Meteo Archive;17.1;14.2;20.5;24.4;5.9;;;;Dato obtenido por fallback Open-Meteo;Lluvioso;Sí;No
75°51'47.2''W;4°07'04.0''N;Sevilla;6:00:00;14:00:00;13CRIST;03/01/2026;4.117777778;-75.86311111;03/01/2026;03/01/2026 6:00;03/01/2026 14:00;03/01/2026;4.11778;-75.86311;03/01/2026;Open-Meteo Archive;14.7;11.2;18.2;31.1;7.7;;;;Dato obtenido por fallback Open-Meteo;Lluvioso;Sí;No
75°51'47.2''W;4°07'04.0''N;Sevilla;14:00:00;22:00:00;13CRIST;03/01/2026;4.117777778;-75.86311111;03/01/2026;03/01/2026 14:00;03/01/2026 22:00;03/01/2026;4.11778;-75.86311;03/01/2026;Open-Meteo Archive;14.7;11.2;18.2;31.1;7.7;;;;Dato obtenido por fallback Open-Meteo;Lluvioso;Sí;No
76°15'47.6''W;4°25'33.3''N;Bolivar;6:00:00;14:00:00;35PLAYA;03/01/2026;4.425916667;-76.26322222;03/01/2026;03/01/2026 6:00;03/01/2026 14:00;03/01/2026;4.42592;-76.26322;03/01/2026;Open-Meteo Archive;14.9;13;18.9;14.6;10.7;;;;Dato obtenido por fallback Open-Meteo;Lluvioso;Sí;No
76°15'47.6''W;4°25'33.3''N;Bolivar;14:00:00;22:00:00;35PLAYA;03/01/2026;4.425916667;-76.26322222;03/01/2026;03/01/2026 14:00;03/01/2026 22:00;03/01/2026;4.42592;-76.26322;03/01/2026;Open-Meteo Archive;14.9;13;18.9;14.6;10.7;;;;Dato obtenido por fallback Open-Meteo;Lluvioso;Sí;No
76°16'08.8''W;4°26'03.0''N;Bolivar;6:00:00;14:00:00;35ALEJA;03/01/2026;4.434166667;-76.26911111;03/01/2026;03/01/2026 6:00;03/01/2026 14:00;03/01/2026;4.43417;-76.26911;03/01/2026;Open-Meteo Archive;14.1;12.2;18.1;14.6;10.7;;;;Dato obtenido por fallback Open-Meteo;Lluvioso;Sí;No
76°34'23.0''W;3°41'39.8''N;Cumbre;14:00:00;22:00:00;32PORRA;04/01/2026;3.694388889;-76.57305556;04/01/2026;04/01/2026 14:00;04/01/2026 22:00;04/01/2026;3.69439;-76.57306;04/01/2026;Meteostat Daily;23.4;19;29;7;7.9;1015.5;;;Dato diario obtenido correctamente;Lluvioso;Sí;No
76°24'26.8''W;4°04'11.9''N;Riofrio;14:00:00;22:00:00;31GRACI;04/01/2026;4.069972222;-76.40744444;04/01/2026;04/01/2026 14:00;04/01/2026 22:00;04/01/2026;4.06997;-76.40744;04/01/2026;Open-Meteo Archive;16.3;14.6;19.3;39.5;8.7;;;;Dato obtenido por fallback Open-Meteo;Lluvioso;Sí;No
75°51'47.2''W;4°07'04.0''N;Sevilla;6:00:00;14:00:00;13CRIST;04/01/2026;4.117777778;-75.86311111;04/01/2026;04/01/2026 6:00;04/01/2026 14:00;04/01/2026;4.11778;-75.86311;04/01/2026;Open-Meteo Archive;14.9;11.6;18.3;27.7;6.9;;;;Dato obtenido por fallback Open-Meteo;Lluvioso;Sí;No
76°29'25.4''W;3°50'31.0''N;Restrepo;14:00:00;22:00:00;34SUIZA;04/01/2026;3.841944444;-76.49038889;04/01/2026;04/01/2026 14:00;04/01/2026 22:00;04/01/2026;3.84194;-76.49039;04/01/2026;Meteostat Daily;23.4;19;29;7;7.9;1015.5;;;Dato diario obtenido correctamente;Lluvioso;Sí;No
76°29'25.4''W;3°50'31.0''N;Restrepo;22:00:00;6:00:00;34SUIZA;04/01/2026;3.841944444;-76.49038889;04/01/2026;04/01/2026 22:00;05/01/2026 6:00;04/01/2026;3.84194;-76.49039;04/01/2026;Meteostat Daily;23.4;19;29;7;7.9;1015.5;;;Dato diario obtenido correctamente;Lluvioso;Sí;No
76°29'25.4''W;3°50'31.0''N;Restrepo;6:00:00;14:00:00;34SUIZA;04/01/2026;3.841944444;-76.49038889;04/01/2026;04/01/2026 6:00;04/01/2026 14:00;04/01/2026;3.84194;-76.49039;04/01/2026;Meteostat Daily;23.4;19;29;7;7.9;1015.5;;;Dato diario obtenido correctamente;Lluvioso;Sí;No
76°34'23.0''W;3°41'39.8''N;Cumbre;6:00:00;14:00:00;32PORRA;04/01/2026;3.694388889;-76.57305556;04/01/2026;04/01/2026 6:00;04/01/2026 14:00;04/01/2026;3.69439;-76.57306;04/01/2026;Meteostat Daily;23.4;19;29;7;7.9;1015.5;;;Dato diario obtenido correctamente;Lluvioso;Sí;No
76°24'26.8''W;4°04'11.9''N;Riofrio;6:00:00;14:00:00;31GRACI;04/01/2026;4.069972222;-76.40744444;04/01/2026;04/01/2026 6:00;04/01/2026 14:00;04/01/2026;4.06997;-76.40744;04/01/2026;Open-Meteo Archive;16.3;14.6;19.3;39.5;8.7;;;;Dato obtenido por fallback Open-Meteo;Lluvioso;Sí;No
75°51'47.2''W;4°07'04.0''N;Sevilla;14:00:00;22:00:00;13CRIST;04/01/2026;4.117777778;-75.86311111;04/01/2026;04/01/2026 14:00;04/01/2026 22:00;04/01/2026;4.11778;-75.86311;04/01/2026;Open-Meteo Archive;14.9;11.6;18.3;27.7;6.9;;;;Dato obtenido por fallback Open-Meteo;Lluvioso;Sí;No
75°50'28.7''W;4°10'32.5''N;Sevilla;6:00:00;14:00:00;13INDOS;04/01/2026;4.175694444;-75.84130556;04/01/2026;04/01/2026 6:00;04/01/2026 14:00;04/01/2026;4.17569;-75.84131;04/01/2026;Open-Meteo Archive;17;14.2;19.7;13.1;6.8;;;;Dato obtenido por fallback Open-Meteo;Lluvioso;Sí;No
75°50'28.7''W;4°10'32.5''N;Sevilla;14:00:00;22:00:00;13INDOS;04/01/2026;4.175694444;-75.84130556;04/01/2026;04/01/2026 14:00;04/01/2026 22:00;04/01/2026;4.17569;-75.84131;04/01/2026;Open-Meteo Archive;17;14.2;19.7;13.1;6.8;;;;Dato obtenido por fallback Open-Meteo;Lluvioso;Sí;No
76°15'47.6''W;4°25'33.3''N;Bolivar;6:00:00;14:00:00;35PLAYA;04/01/2026;4.425916667;-76.26322222;04/01/2026;04/01/2026 6:00;04/01/2026 14:00;04/01/2026;4.42592;-76.26322;04/01/2026;Open-Meteo Archive;14.5;12.9;17.3;14.8;7.9;;;;Dato obtenido por fallback Open-Meteo;Lluvioso;Sí;No
76°15'47.6''W;4°25'33.3''N;Bolivar;14:00:00;22:00:00;35PLAYA;04/01/2026;4.425916667;-76.26322222;04/01/2026;04/01/2026 14:00;04/01/2026 22:00;04/01/2026;4.42592;-76.26322;04/01/2026;Open-Meteo Archive;14.5;12.9;17.3;14.8;7.9;;;;Dato obtenido por fallback Open-Meteo;Lluvioso;Sí;No
76°16'08.8''W;4°26'03.0''N;Bolivar;6:00:00;14:00:00;35ALEJA;04/01/2026;4.434166667;-76.26911111;04/01/2026;04/01/2026 6:00;04/01/2026 14:00;04/01/2026;4.43417;-76.26911;04/01/2026;Open-Meteo Archive;13.8;12.1;16.5;14.8;7.9;;;;Dato obtenido por fallback Open-Meteo;Lluvioso;Sí;No
76°34'23.0''W;3°41'39.8''N;Cumbre;6:00:00;14:00:00;32PORRA;05/01/2026;3.694388889;-76.57305556;05/01/2026;05/01/2026 6:00;05/01/2026 14:00;05/01/2026;3.69439;-76.57306;05/01/2026;Meteostat Daily;23;20;28;13.7;8.7;1015.6;;;Dato diario obtenido correctamente;Lluvioso;Sí;No
76°34'23.0''W;3°41'39.8''N;Cumbre;14:00:00;22:00:00;32PORRA;05/01/2026;3.694388889;-76.57305556;05/01/2026;05/01/2026 14:00;05/01/2026 22:00;05/01/2026;3.69439;-76.57306;05/01/2026;Meteostat Daily;23;20;28;13.7;8.7;1015.6;;;Dato diario obtenido correctamente;Lluvioso;Sí;No
76°24'26.8''W;4°04'11.9''N;Riofrio;14:00:00;22:00:00;31GRACI;05/01/2026;4.069972222;-76.40744444;05/01/2026;05/01/2026 14:00;05/01/2026 22:00;05/01/2026;4.06997;-76.40744;05/01/2026;Open-Meteo Archive;15.9;14.4;17.9;46.1;6.2;;;;Dato obtenido por fallback Open-Meteo;Lluvioso;Sí;No
76°29'25.4''W;3°50'31.0''N;Restrepo;22:00:00;6:00:00;34SUIZA;05/01/2026;3.841944444;-76.49038889;05/01/2026;05/01/2026 22:00;06/01/2026 6:00;05/01/2026;3.84194;-76.49039;05/01/2026;Meteostat Daily;23;20;28;13.7;8.7;1015.6;;;Dato diario obtenido correctamente;Lluvioso;Sí;No
76°29'25.4''W;3°50'31.0''N;Restrepo;6:00:00;14:00:00;34SUIZA;05/01/2026;3.841944444;-76.49038889;05/01/2026;05/01/2026 6:00;05/01/2026 14:00;05/01/2026;3.84194;-76.49039;05/01/2026;Meteostat Daily;23;20;28;13.7;8.7;1015.6;;;Dato diario obtenido correctamente;Lluvioso;Sí;No
75°50'28.7''W;4°10'32.5''N;Sevilla;6:00:00;14:00:00;13INDOS;05/01/2026;4.175694444;-75.84130556;05/01/2026;05/01/2026 6:00;05/01/2026 14:00;05/01/2026;4.17569;-75.84131;05/01/2026;Open-Meteo Archive;16.9;14.7;20.1;18.1;5.9;;;;Dato obtenido por fallback Open-Meteo;Lluvioso;Sí;No
75°50'28.7''W;4°10'32.5''N;Sevilla;14:00:00;22:00:00;13INDOS;05/01/2026;4.175694444;-75.84130556;05/01/2026;05/01/2026 14:00;05/01/2026 22:00;05/01/2026;4.17569;-75.84131;05/01/2026;Open-Meteo Archive;16.9;14.7;20.1;18.1;5.9;;;;Dato obtenido por fallback Open-Meteo;Lluvioso;Sí;No
75°51'47.2''W;4°07'04.0''N;Sevilla;6:00:00;14:00:00;13CRIST;05/01/2026;4.117777778;-75.86311111;05/01/2026;05/01/2026 6:00;05/01/2026 14:00;05/01/2026;4.11778;-75.86311;05/01/2026;Open-Meteo Archive;14.7;11.7;17.2;23.6;8.1;;;;Dato obtenido por fallback Open-Meteo;Lluvioso;Sí;No
75°51'47.2''W;4°07'04.0''N;Sevilla;14:00:00;22:00:00;13CRIST;05/01/2026;4.117777778;-75.86311111;05/01/2026;05/01/2026 14:00;05/01/2026 22:00;05/01/2026;4.11778;-75.86311;05/01/2026;Open-Meteo Archive;14.7;11.7;17.2;23.6;8.1;;;;Dato obtenido por fallback Open-Meteo;Lluvioso;Sí;No
76°24'26.8''W;4°04'11.9''N;Riofrio;6:00:00;14:00:00;31GRACI;05/01/2026;4.069972222;-76.40744444;05/01/2026;05/01/2026 6:00;05/01/2026 14:00;05/01/2026;4.06997;-76.40744;05/01/2026;Open-Meteo Archive;15.9;14.4;17.9;46.1;6.2;;;;Dato obtenido por fallback Open-Meteo;Lluvioso;Sí;No
76°15'47.6''W;4°25'33.3''N;Bolivar;6:00:00;14:00:00;35PLAYA;05/01/2026;4.425916667;-76.26322222;05/01/2026;05/01/2026 6:00;05/01/2026 14:00;05/01/2026;4.42592;-76.26322;05/01/2026;Open-Meteo Archive;14.2;12.7;16.8;22.1;11.2;;;;Dato obtenido por fallback Open-Meteo;Lluvioso;Sí;No
76°15'47.6''W;4°25'33.3''N;Bolivar;14:00:00;22:00:00;35PLAYA;05/01/2026;4.425916667;-76.26322222;05/01/2026;05/01/2026 14:00;05/01/2026 22:00;05/01/2026;4.42592;-76.26322;05/01/2026;Open-Meteo Archive;14.2;12.7;16.8;22.1;11.2;;;;Dato obtenido por fallback Open-Meteo;Lluvioso;Sí;No
76°16'08.8''W;4°26'03.0''N;Bolivar;6:00:00;14:00:00;35ALEJA;05/01/2026;4.434166667;-76.26911111;05/01/2026;05/01/2026 6:00;05/01/2026 14:00;05/01/2026;4.43417;-76.26911;05/01/2026;Open-Meteo Archive;13.4;11.9;16;22.1;11.2;;;;Dato obtenido por fallback Open-Meteo;Lluvioso;Sí;No
76°29'25.4''W;3°50'31.0''N;Restrepo;14:00:00;22:00:00;34SUIZA;05/01/2026;3.841944444;-76.49038889;05/01/2026;05/01/2026 14:00;05/01/2026 22:00;05/01/2026;3.84194;-76.49039;05/01/2026;Meteostat Daily;23;20;28;13.7;8.7;1015.6;;;Dato diario obtenido correctamente;Lluvioso;Sí;No
76°24'26.8''W;4°04'11.9''N;Riofrio;6:00:00;14:00:00;31GRACI;06/01/2026;4.069972222;-76.40744444;06/01/2026;06/01/2026 6:00;06/01/2026 14:00;06/01/2026;4.06997;-76.40744;06/01/2026;Open-Meteo Archive;15.6;13.4;18;39.9;6.4;;;;Dato obtenido por fallback Open-Meteo;Lluvioso;Sí;No
76°24'26.8''W;4°04'11.9''N;Riofrio;14:00:00;22:00:00;31GRACI;06/01/2026;4.069972222;-76.40744444;06/01/2026;06/01/2026 14:00;06/01/2026 22:00;06/01/2026;4.06997;-76.40744;06/01/2026;Open-Meteo Archive;15.6;13.4;18;39.9;6.4;;;;Dato obtenido por fallback Open-Meteo;Lluvioso;Sí;No
76°29'25.4''W;3°50'31.0''N;Restrepo;6:00:00;14:00:00;34SUIZA;06/01/2026;3.841944444;-76.49038889;06/01/2026;06/01/2026 6:00;06/01/2026 14:00;06/01/2026;3.84194;-76.49039;06/01/2026;Meteostat Daily;23;19;29;21.2;8;1014.7;;;Dato diario obtenido correctamente;Lluvioso;Sí;No
76°29'25.4''W;3°50'31.0''N;Restrepo;14:00:00;22:00:00;34SUIZA;06/01/2026;3.841944444;-76.49038889;06/01/2026;06/01/2026 14:00;06/01/2026 22:00;06/01/2026;3.84194;-76.49039;06/01/2026;Meteostat Daily;23;19;29;21.2;8;1014.7;;;Dato diario obtenido correctamente;Lluvioso;Sí;No
76°29'25.4''W;3°50'31.0''N;Restrepo;22:00:00;6:00:00;34SUIZA;06/01/2026;3.841944444;-76.49038889;06/01/2026;06/01/2026 22:00;07/01/2026 6:00;06/01/2026;3.84194;-76.49039;06/01/2026;Meteostat Daily;23;19;29;21.2;8;1014.7;;;Dato diario obtenido correctamente;Lluvioso;Sí;No
76°34'23.0''W;3°41'39.8''N;Cumbre;6:00:00;14:00:00;32PORRA;06/01/2026;3.694388889;-76.57305556;06/01/2026;06/01/2026 6:00;06/01/2026 14:00;06/01/2026;3.69439;-76.57306;06/01/2026;Meteostat Daily;23;19;29;21.2;8;1014.7;;;Dato diario obtenido correctamente;Lluvioso;Sí;No
76°34'23.0''W;3°41'39.8''N;Cumbre;14:00:00;22:00:00;32PORRA;06/01/2026;3.694388889;-76.57305556;06/01/2026;06/01/2026 14:00;06/01/2026 22:00;06/01/2026;3.69439;-76.57306;06/01/2026;Meteostat Daily;23;19;29;21.2;8;1014.7;;;Dato diario obtenido correctamente;Lluvioso;Sí;No
76°34'23.0''W;3°41'39.8''N;Cumbre;6:00:00;14:00:00;32PORRA;07/01/2026;3.694388889;-76.57305556;07/01/2026;07/01/2026 6:00;07/01/2026 14:00;07/01/2026;3.69439;-76.57306;07/01/2026;Meteostat Daily;22.9;19;29;2.9;6.4;1014.3;;;Dato diario obtenido correctamente;Lluvioso;Sí;No
76°34'23.0''W;3°41'39.8''N;Cumbre;14:00:00;22:00:00;32PORRA;07/01/2026;3.694388889;-76.57305556;07/01/2026;07/01/2026 14:00;07/01/2026 22:00;07/01/2026;3.69439;-76.57306;07/01/2026;Meteostat Daily;22.9;19;29;2.9;6.4;1014.3;;;Dato diario obtenido correctamente;Lluvioso;Sí;No
76°24'26.8''W;4°04'11.9''N;Riofrio;6:00:00;14:00:00;31GRACI;07/01/2026;4.069972222;-76.40744444;07/01/2026;07/01/2026 6:00;07/01/2026 14:00;07/01/2026;4.06997;-76.40744;07/01/2026;Open-Meteo Archive;16.6;14.3;19.9;8.2;12;;;;Dato obtenido por fallback Open-Meteo;Lluvioso;Sí;No
76°24'26.8''W;4°04'11.9''N;Riofrio;14:00:00;22:00:00;31GRACI;07/01/2026;4.069972222;-76.40744444;07/01/2026;07/01/2026 14:00;07/01/2026 22:00;07/01/2026;4.06997;-76.40744;07/01/2026;Open-Meteo Archive;16.6;14.3;19.9;8.2;12;;;;Dato obtenido por fallback Open-Meteo;Lluvioso;Sí;No
76°29'25.4''W;3°50'31.0''N;Restrepo;6:00:00;14:00:00;34SUIZA;07/01/2026;3.841944444;-76.49038889;07/01/2026;07/01/2026 6:00;07/01/2026 14:00;07/01/2026;3.84194;-76.49039;07/01/2026;Meteostat Daily;22.9;19;29;2.9;6.4;1014.3;;;Dato diario obtenido correctamente;Lluvioso;Sí;No
76°29'25.4''W;3°50'31.0''N;Restrepo;22:00:00;6:00:00;34SUIZA;07/01/2026;3.841944444;-76.49038889;07/01/2026;07/01/2026 22:00;08/01/2026 6:00;07/01/2026;3.84194;-76.49039;07/01/2026;Meteostat Daily;22.9;19;29;2.9;6.4;1014.3;;;Dato diario obtenido correctamente;Lluvioso;Sí;No
76°29'25.4''W;3°50'31.0''N;Restrepo;14:00:00;22:00:00;34SUIZA;07/01/2026;3.841944444;-76.49038889;07/01/2026;07/01/2026 14:00;07/01/2026 22:00;07/01/2026;3.84194;-76.49039;07/01/2026;Meteostat Daily;22.9;19;29;2.9;6.4;1014.3;;;Dato diario obtenido correctamente;Lluvioso;Sí;No
76°29'25.4''W;3°50'31.0''N;Restrepo;6:00:00;14:00:00;34SUIZA;08/01/2026;3.841944444;-76.49038889;08/01/2026;08/01/2026 6:00;08/01/2026 14:00;08/01/2026;3.84194;-76.49039;08/01/2026;Meteostat Daily;23.6;20;29;13.1;7.7;1013.3;;;Dato diario obtenido correctamente;Lluvioso;Sí;No
76°24'26.8''W;4°04'11.9''N;Riofrio;14:00:00;22:00:00;31GRACI;05/01/2026;4.069972222;-76.40744444;05/01/2026;05/01/2026 14:00;05/01/2026 22:00;05/01/2026;4.06997;-76.40744;05/01/2026;Open-Meteo Archive;15.9;14.4;17.9;46.1;6.2;;;;Dato obtenido por fallback Open-Meteo;Lluvioso;Sí;No
76°24'26.8''W;4°04'11.9''N;Riofrio;6:00:00;14:00:00;31GRACI;06/01/2026;4.069972222;-76.40744444;06/01/2026;06/01/2026 6:00;06/01/2026 14:00;06/01/2026;4.06997;-76.40744;06/01/2026;Open-Meteo Archive;15.6;13.4;18;39.9;6.4;;;;Dato obtenido por fallback Open-Meteo;Lluvioso;Sí;No
76°24'26.8''W;4°04'11.9''N;Riofrio;14:00:00;22:00:00;31GRACI;06/01/2026;4.069972222;-76.40744444;06/01/2026;06/01/2026 14:00;06/01/2026 22:00;06/01/2026;4.06997;-76.40744;06/01/2026;Open-Meteo Archive;15.6;13.4;18;39.9;6.4;;;;Dato obtenido por fallback Open-Meteo;Lluvioso;Sí;No
76°24'26.8''W;4°04'11.9''N;Riofrio;6:00:00;14:00:00;31GRACI;07/01/2026;4.069972222;-76.40744444;07/01/2026;07/01/2026 6:00;07/01/2026 14:00;07/01/2026;4.06997;-76.40744;07/01/2026;Open-Meteo Archive;16.6;14.3;19.9;8.2;12;;;;Dato obtenido por fallback Open-Meteo;Lluvioso;Sí;No
76°24'26.8''W;4°04'11.9''N;Riofrio;14:00:00;22:00:00;31GRACI;07/01/2026;4.069972222;-76.40744444;07/01/2026;07/01/2026 14:00;07/01/2026 22:00;07/01/2026;4.06997;-76.40744;07/01/2026;Open-Meteo Archive;16.6;14.3;19.9;8.2;12;;;;Dato obtenido por fallback Open-Meteo;Lluvioso;Sí;No
76°29'25.4''W;3°50'31.0''N;Restrepo;6:00:00;14:00:00;34SUIZA;02/01/2026;3.841944444;-76.49038889;02/01/2026;02/01/2026 6:00;02/01/2026 14:00;02/01/2026;3.84194;-76.49039;02/01/2026;Meteostat Daily;23.4;20;28;3.2;7.1;1014.7;;;Dato diario obtenido correctamente;Lluvioso;Sí;No
76°29'25.4''W;3°50'31.0''N;Restrepo;14:00:00;22:00:00;34SUIZA;02/01/2026;3.841944444;-76.49038889;02/01/2026;02/01/2026 14:00;02/01/2026 22:00;02/01/2026;3.84194;-76.49039;02/01/2026;Meteostat Daily;23.4;20;28;3.2;7.1;1014.7;;;Dato diario obtenido correctamente;Lluvioso;Sí;No
76°29'25.4''W;3°50'31.0''N;Restrepo;22:00:00;6:00:00;34SUIZA;02/01/2026;3.841944444;-76.49038889;02/01/2026;02/01/2026 22:00;03/01/2026 6:00;02/01/2026;3.84194;-76.49039;02/01/2026;Meteostat Daily;23.4;20;28;3.2;7.1;1014.7;;;Dato diario obtenido correctamente;Lluvioso;Sí;No
76°29'25.4''W;3°50'31.0''N;Restrepo;6:00:00;14:00:00;34SUIZA;03/01/2026;3.841944444;-76.49038889;03/01/2026;03/01/2026 6:00;03/01/2026 14:00;03/01/2026;3.84194;-76.49039;03/01/2026;Meteostat Daily;23.5;19;30;23.5;9.5;1015;;;Dato diario obtenido correctamente;Lluvioso;Sí;No
76°29'25.4''W;3°50'31.0''N;Restrepo;14:00:00;22:00:00;34SUIZA;03/01/2026;3.841944444;-76.49038889;03/01/2026;03/01/2026 14:00;03/01/2026 22:00;03/01/2026;3.84194;-76.49039;03/01/2026;Meteostat Daily;23.5;19;30;23.5;9.5;1015;;;Dato diario obtenido correctamente;Lluvioso;Sí;No
75°50'28.7''W;4°10'32.5''N;Sevilla;6:00:00;14:00:00;13INDOS;06/01/2026;4.175694444;-75.84130556;06/01/2026;06/01/2026 6:00;06/01/2026 14:00;06/01/2026;4.17569;-75.84131;06/01/2026;Open-Meteo Archive;17.1;14.8;20.5;21.3;7.8;;;;Dato obtenido por fallback Open-Meteo;Lluvioso;Sí;No
75°50'28.7''W;4°10'32.5''N;Sevilla;14:00:00;22:00:00;13INDOS;06/01/2026;4.175694444;-75.84130556;06/01/2026;06/01/2026 14:00;06/01/2026 22:00;06/01/2026;4.17569;-75.84131;06/01/2026;Open-Meteo Archive;17.1;14.8;20.5;21.3;7.8;;;;Dato obtenido por fallback Open-Meteo;Lluvioso;Sí;No
75°51'47.2''W;4°07'04.0''N;Sevilla;6:00:00;14:00:00;13CRIST;06/01/2026;4.117777778;-75.86311111;06/01/2026;06/01/2026 6:00;06/01/2026 14:00;06/01/2026;4.11778;-75.86311;06/01/2026;Open-Meteo Archive;14.8;12;18.1;26.4;6;;;;Dato obtenido por fallback Open-Meteo;Lluvioso;Sí;No
75°51'47.2''W;4°07'04.0''N;Sevilla;14:00:00;22:00:00;13CRIST;06/01/2026;4.117777778;-75.86311111;06/01/2026;06/01/2026 14:00;06/01/2026 22:00;06/01/2026;4.11778;-75.86311;06/01/2026;Open-Meteo Archive;14.8;12;18.1;26.4;6;;;;Dato obtenido por fallback Open-Meteo;Lluvioso;Sí;No
75°51'47.2''W;4°07'04.0''N;Sevilla;6:00:00;14:00:00;13CRIST;07/01/2026;4.117777778;-75.86311111;07/01/2026;07/01/2026 6:00;07/01/2026 14:00;07/01/2026;4.11778;-75.86311;07/01/2026;Open-Meteo Archive;15;11.5;18.9;22.6;7.6;;;;Dato obtenido por fallback Open-Meteo;Lluvioso;Sí;No
75°50'28.7''W;4°10'32.5''N;Sevilla;6:00:00;14:00:00;13INDOS;07/01/2026;4.175694444;-75.84130556;07/01/2026;07/01/2026 6:00;07/01/2026 14:00;07/01/2026;4.17569;-75.84131;07/01/2026;Open-Meteo Archive;17.4;14.7;21.3;15.2;6.5;;;;Dato obtenido por fallback Open-Meteo;Lluvioso;Sí;No
75°50'28.7''W;4°10'32.5''N;Sevilla;14:00:00;22:00:00;13INDOS;07/01/2026;4.175694444;-75.84130556;07/01/2026;07/01/2026 14:00;07/01/2026 22:00;07/01/2026;4.17569;-75.84131;07/01/2026;Open-Meteo Archive;17.4;14.7;21.3;15.2;6.5;;;;Dato obtenido por fallback Open-Meteo;Lluvioso;Sí;No
75°51'47.2''W;4°07'04.0''N;Sevilla;14:00:00;22:00:00;13CRIST;07/01/2026;4.117777778;-75.86311111;07/01/2026;07/01/2026 14:00;07/01/2026 22:00;07/01/2026;4.11778;-75.86311;07/01/2026;Open-Meteo Archive;15;11.5;18.9;22.6;7.6;;;;Dato obtenido por fallback Open-Meteo;Lluvioso;Sí;No
75°50'28.7''W;4°10'32.5''N;Sevilla;6:00:00;14:00:00;13INDOS;08/01/2026;4.175694444;-75.84130556;08/01/2026;08/01/2026 6:00;08/01/2026 14:00;08/01/2026;4.17569;-75.84131;08/01/2026;Open-Meteo Archive;17.1;13.5;20.6;20.3;7.4;;;;Dato obtenido por fallback Open-Meteo;Lluvioso;Sí;No
75°50'28.7''W;4°10'32.5''N;Sevilla;14:00:00;22:00:00;13INDOS;08/01/2026;4.175694444;-75.84130556;08/01/2026;08/01/2026 14:00;08/01/2026 22:00;08/01/2026;4.17569;-75.84131;08/01/2026;Open-Meteo Archive;17.1;13.5;20.6;20.3;7.4;;;;Dato obtenido por fallback Open-Meteo;Lluvioso;Sí;No
75°51'47.2''W;4°07'04.0''N;Sevilla;6:00:00;14:00:00;13CRIST;08/01/2026;4.117777778;-75.86311111;08/01/2026;08/01/2026 6:00;08/01/2026 14:00;08/01/2026;4.11778;-75.86311;08/01/2026;Open-Meteo Archive;14.5;10.8;18.2;26.1;6.6;;;;Dato obtenido por fallback Open-Meteo;Lluvioso;Sí;No
75°51'47.2''W;4°07'04.0''N;Sevilla;14:00:00;22:00:00;13CRIST;08/01/2026;4.117777778;-75.86311111;08/01/2026;08/01/2026 14:00;08/01/2026 22:00;08/01/2026;4.11778;-75.86311;08/01/2026;Open-Meteo Archive;14.5;10.8;18.2;26.1;6.6;;;;Dato obtenido por fallback Open-Meteo;Lluvioso;Sí;No
75°50'28.7''W;4°10'32.5''N;Sevilla;6:00:00;14:00:00;13INDOS;10/01/2026;4.175694444;-75.84130556;10/01/2026;10/01/2026 6:00;10/01/2026 14:00;10/01/2026;4.17569;-75.84131;10/01/2026;Open-Meteo Archive;17;15.1;19.7;45.8;5.3;;;;Dato obtenido por fallback Open-Meteo;Lluvioso;Sí;No
75°50'28.7''W;4°10'32.5''N;Sevilla;14:00:00;22:00:00;13INDOS;10/01/2026;4.175694444;-75.84130556;10/01/2026;10/01/2026 14:00;10/01/2026 22:00;10/01/2026;4.17569;-75.84131;10/01/2026;Open-Meteo Archive;17;15.1;19.7;45.8;5.3;;;;Dato obtenido por fallback Open-Meteo;Lluvioso;Sí;No
75°51'47.2''W;4°07'04.0''N;Sevilla;6:00:00;14:00:00;13CRIST;10/01/2026;4.117777778;-75.86311111;10/01/2026;10/01/2026 6:00;10/01/2026 14:00;10/01/2026;4.11778;-75.86311;10/01/2026;Open-Meteo Archive;14.8;12.4;17.5;42.2;7;;;;Dato obtenido por fallback Open-Meteo;Lluvioso;Sí;No
75°51'47.2''W;4°07'04.0''N;Sevilla;14:00:00;22:00:00;13CRIST;10/01/2026;4.117777778;-75.86311111;10/01/2026;10/01/2026 14:00;10/01/2026 22:00;10/01/2026;4.11778;-75.86311;10/01/2026;Open-Meteo Archive;14.8;12.4;17.5;42.2;7;;;;Dato obtenido por fallback Open-Meteo;Lluvioso;Sí;No
75°51'29.7''W;4°10'31.8''N;Sevilla;6:00:00;14:00:00;13CANAD;11/01/2026;4.1755;-75.85825;11/01/2026;11/01/2026 6:00;11/01/2026 14:00;11/01/2026;4.1755;-75.85825;11/01/2026;Open-Meteo Archive;15;13.9;16.4;32;6.3;;;;Dato obtenido por fallback Open-Meteo;Lluvioso;Sí;No
75°51'29.7''W;4°10'31.8''N;Sevilla;14:00:00;22:00:00;13CANAD;11/01/2026;4.1755;-75.85825;11/01/2026;11/01/2026 14:00;11/01/2026 22:00;11/01/2026;4.1755;-75.85825;11/01/2026;Open-Meteo Archive;15;13.9;16.4;32;6.3;;;;Dato obtenido por fallback Open-Meteo;Lluvioso;Sí;No
75°51'47.2''W;4°07'04.0''N;Sevilla;6:00:00;14:00:00;13CRIST;11/01/2026;4.117777778;-75.86311111;11/01/2026;11/01/2026 6:00;11/01/2026 14:00;11/01/2026;4.11778;-75.86311;11/01/2026;Open-Meteo Archive;14.6;13.4;16;47.4;7.9;;;;Dato obtenido por fallback Open-Meteo;Lluvioso;Sí;No
75°51'47.2''W;4°07'04.0''N;Sevilla;14:00:00;22:00:00;13CRIST;11/01/2026;4.117777778;-75.86311111;11/01/2026;11/01/2026 14:00;11/01/2026 22:00;11/01/2026;4.11778;-75.86311;11/01/2026;Open-Meteo Archive;14.6;13.4;16;47.4;7.9;;;;Dato obtenido por fallback Open-Meteo;Lluvioso;Sí;No
75°52'10.8''W;4°08'12.2''N;Sevilla;6:00:00;14:00:00;13ALSAC;12/01/2026;4.136722222;-75.86966667;12/01/2026;12/01/2026 6:00;12/01/2026 14:00;12/01/2026;4.13672;-75.86967;12/01/2026;Open-Meteo Archive;14;13.1;15.4;21.6;5.9;;;;Dato obtenido por fallback Open-Meteo;Lluvioso;Sí;No
75°51'47.2''W;4°07'04.0''N;Sevilla;6:00:00;14:00:00;13CRIST;12/01/2026;4.117777778;-75.86311111;12/01/2026;12/01/2026 6:00;12/01/2026 14:00;12/01/2026;4.11778;-75.86311;12/01/2026;Open-Meteo Archive;14.3;13.4;16;28.3;6.5;;;;Dato obtenido por fallback Open-Meteo;Lluvioso;Sí;No
75°51'47.2''W;4°07'04.0''N;Sevilla;14:00:00;22:00:00;13CRIST;12/01/2026;4.117777778;-75.86311111;12/01/2026;12/01/2026 14:00;12/01/2026 22:00;12/01/2026;4.11778;-75.86311;12/01/2026;Open-Meteo Archive;14.3;13.4;16;28.3;6.5;;;;Dato obtenido por fallback Open-Meteo;Lluvioso;Sí;No
75°51'29.7''W;4°10'31.8''N;Sevilla;14:00:00;22:00:00;13CANAD;12/01/2026;4.1755;-75.85825;12/01/2026;12/01/2026 14:00;12/01/2026 22:00;12/01/2026;4.1755;-75.85825;12/01/2026;Open-Meteo Archive;14.6;13.7;16;21.6;5.9;;;;Dato obtenido por fallback Open-Meteo;Lluvioso;Sí;No
75°51'29.7''W;4°10'31.8''N;Sevilla;6:00:00;14:00:00;13CANAD;14/01/2026;4.1755;-75.85825;14/01/2026;14/01/2026 6:00;14/01/2026 14:00;14/01/2026;4.1755;-75.85825;14/01/2026;Open-Meteo Archive;14.9;10.7;18.5;24;7.7;;;;Dato obtenido por fallback Open-Meteo;Lluvioso;Sí;No
75°51'29.7''W;4°10'31.8''N;Sevilla;14:00:00;22:00:00;13CANAD;14/01/2026;4.1755;-75.85825;14/01/2026;14/01/2026 14:00;14/01/2026 22:00;14/01/2026;4.1755;-75.85825;14/01/2026;Open-Meteo Archive;14.9;10.7;18.5;24;7.7;;;;Dato obtenido por fallback Open-Meteo;Lluvioso;Sí;No
75°51'47.2''W;4°07'04.0''N;Sevilla;6:00:00;14:00:00;13CRIST;14/01/2026;4.117777778;-75.86311111;14/01/2026;14/01/2026 6:00;14/01/2026 14:00;14/01/2026;4.11778;-75.86311;14/01/2026;Open-Meteo Archive;14.7;10.4;19.2;14.9;8.4;;;;Dato obtenido por fallback Open-Meteo;Lluvioso;Sí;No
75°51'47.2''W;4°07'04.0''N;Sevilla;14:00:00;22:00:00;13CRIST;14/01/2026;4.117777778;-75.86311111;14/01/2026;14/01/2026 14:00;14/01/2026 22:00;14/01/2026;4.11778;-75.86311;14/01/2026;Open-Meteo Archive;14.7;10.4;19.2;14.9;8.4;;;;Dato obtenido por fallback Open-Meteo;Lluvioso;Sí;No
75°51'29.7''W;4°10'31.8''N;Sevilla;6:00:00;14:00:00;13CANAD;15/01/2026;4.1755;-75.85825;15/01/2026;15/01/2026 6:00;15/01/2026 14:00;15/01/2026;4.1755;-75.85825;15/01/2026;Open-Meteo Archive;14.8;12.9;16.8;24.1;6.5;;;;Dato obtenido por fallback Open-Meteo;Lluvioso;Sí;No
75°51'29.7''W;4°10'31.8''N;Sevilla;14:00:00;22:00:00;13CANAD;15/01/2026;4.1755;-75.85825;15/01/2026;15/01/2026 14:00;15/01/2026 22:00;15/01/2026;4.1755;-75.85825;15/01/2026;Open-Meteo Archive;14.8;12.9;16.8;24.1;6.5;;;;Dato obtenido por fallback Open-Meteo;Lluvioso;Sí;No
75°51'47.2''W;4°07'04.0''N;Sevilla;6:00:00;14:00:00;13CRIST;15/01/2026;4.117777778;-75.86311111;15/01/2026;15/01/2026 6:00;15/01/2026 14:00;15/01/2026;4.11778;-75.86311;15/01/2026;Open-Meteo Archive;14.6;12.7;16.7;12.6;7.2;;;;Dato obtenido por fallback Open-Meteo;Lluvioso;Sí;No
75°51'47.2''W;4°07'04.0''N;Sevilla;14:00:00;22:00:00;13CRIST;15/01/2026;4.117777778;-75.86311111;15/01/2026;15/01/2026 14:00;15/01/2026 22:00;15/01/2026;4.11778;-75.86311;15/01/2026;Open-Meteo Archive;14.6;12.7;16.7;12.6;7.2;;;;Dato obtenido por fallback Open-Meteo;Lluvioso;Sí;No
75°51'29.7''W;4°10'31.8''N;Sevilla;6:00:00;14:00:00;13CANAD;15/01/2026;4.1755;-75.85825;15/01/2026;15/01/2026 6:00;15/01/2026 14:00;15/01/2026;4.1755;-75.85825;15/01/2026;Open-Meteo Archive;14.8;12.9;16.8;24.1;6.5;;;;Dato obtenido por fallback Open-Meteo;Lluvioso;Sí;No
75°51'29.7''W;4°10'31.8''N;Sevilla;14:00:00;22:00:00;13CANAD;15/01/2026;4.1755;-75.85825;15/01/2026;15/01/2026 14:00;15/01/2026 22:00;15/01/2026;4.1755;-75.85825;15/01/2026;Open-Meteo Archive;14.8;12.9;16.8;24.1;6.5;;;;Dato obtenido por fallback Open-Meteo;Lluvioso;Sí;No
75°51'47.2''W;4°07'04.0''N;Sevilla;6:00:00;14:00:00;13CRIST;15/01/2026;4.117777778;-75.86311111;15/01/2026;15/01/2026 6:00;15/01/2026 14:00;15/01/2026;4.11778;-75.86311;15/01/2026;Open-Meteo Archive;14.6;12.7;16.7;12.6;7.2;;;;Dato obtenido por fallback Open-Meteo;Lluvioso;Sí;No
75°52'33.4''W;4°06'28.8''N;Sevilla;14:00:00;22:00:00;13SINAB;15/01/2026;4.108;-75.87594444;15/01/2026;15/01/2026 14:00;15/01/2026 22:00;15/01/2026;4.108;-75.87594;15/01/2026;Open-Meteo Archive;12.8;11;14.9;12.6;7.2;;;;Dato obtenido por fallback Open-Meteo;Lluvioso;Sí;No
76°24'26.8''W;4°04'11.9''N;Riofrio;6:00:00;14:00:00;31GRACI;08/01/2026;4.069972222;-76.40744444;08/01/2026;08/01/2026 6:00;08/01/2026 14:00;08/01/2026;4.06997;-76.40744;08/01/2026;Open-Meteo Archive;16.3;14;19.9;7.5;10.3;;;;Dato obtenido por fallback Open-Meteo;Lluvioso;Sí;No
76°24'26.8''W;4°04'11.9''N;Riofrio;14:00:00;22:00:00;31GRACI;08/01/2026;4.069972222;-76.40744444;08/01/2026;08/01/2026 14:00;08/01/2026 22:00;08/01/2026;4.06997;-76.40744;08/01/2026;Open-Meteo Archive;16.3;14;19.9;7.5;10.3;;;;Dato obtenido por fallback Open-Meteo;Lluvioso;Sí;No
76°24'26.8''W;4°04'11.9''N;Riofrio;6:00:00;14:00:00;31GRACI;09/01/2026;4.069972222;-76.40744444;09/01/2026;09/01/2026 6:00;09/01/2026 14:00;09/01/2026;4.06997;-76.40744;09/01/2026;Open-Meteo Archive;16.1;14.1;19.9;68.6;8.2;;;;Dato obtenido por fallback Open-Meteo;Lluvioso;Sí;No
76°24'26.8''W;4°04'11.9''N;Riofrio;14:00:00;22:00:00;31GRACI;09/01/2026;4.069972222;-76.40744444;09/01/2026;09/01/2026 14:00;09/01/2026 22:00;09/01/2026;4.06997;-76.40744;09/01/2026;Open-Meteo Archive;16.1;14.1;19.9;68.6;8.2;;;;Dato obtenido por fallback Open-Meteo;Lluvioso;Sí;No
76°24'26.8''W;4°04'11.9''N;Riofrio;14:00:00;22:00:00;31GRACI;10/01/2026;4.069972222;-76.40744444;10/01/2026;10/01/2026 14:00;10/01/2026 22:00;10/01/2026;4.06997;-76.40744;10/01/2026;Open-Meteo Archive;15.8;14.7;17.6;71.8;7.1;;;;Dato obtenido por fallback Open-Meteo;Lluvioso;Sí;No
76°24'26.8''W;4°04'11.9''N;Riofrio;6:00:00;14:00:00;31GRACI;10/01/2026;4.069972222;-76.40744444;10/01/2026;10/01/2026 6:00;10/01/2026 14:00;10/01/2026;4.06997;-76.40744;10/01/2026;Open-Meteo Archive;15.8;14.7;17.6;71.8;7.1;;;;Dato obtenido por fallback Open-Meteo;Lluvioso;Sí;No
76°24'26.8''W;4°04'11.9''N;Riofrio;6:00:00;14:00:00;31GRACI;11/01/2026;4.069972222;-76.40744444;11/01/2026;11/01/2026 6:00;11/01/2026 14:00;11/01/2026;4.06997;-76.40744;11/01/2026;Open-Meteo Archive;15.6;14.5;17.2;82.1;6.4;;;;Dato obtenido por fallback Open-Meteo;Lluvioso;Sí;No
76°24'26.8''W;4°04'11.9''N;Riofrio;14:00:00;22:00:00;31GRACI;11/01/2026;4.069972222;-76.40744444;11/01/2026;11/01/2026 14:00;11/01/2026 22:00;11/01/2026;4.06997;-76.40744;11/01/2026;Open-Meteo Archive;15.6;14.5;17.2;82.1;6.4;;;;Dato obtenido por fallback Open-Meteo;Lluvioso;Sí;No
76°24'26.8''W;4°04'11.9''N;Riofrio;14:00:00;22:00:00;31GRACI;12/01/2026;4.069972222;-76.40744444;12/01/2026;12/01/2026 14:00;12/01/2026 22:00;12/01/2026;4.06997;-76.40744;12/01/2026;Open-Meteo Archive;15.3;14.3;16.9;49.5;4.8;;;;Dato obtenido por fallback Open-Meteo;Lluvioso;Sí;No
76°24'26.8''W;4°04'11.9''N;Riofrio;6:00:00;14:00:00;31GRACI;12/01/2026;4.069972222;-76.40744444;12/01/2026;12/01/2026 6:00;12/01/2026 14:00;12/01/2026;4.06997;-76.40744;12/01/2026;Open-Meteo Archive;15.3;14.3;16.9;49.5;4.8;;;;Dato obtenido por fallback Open-Meteo;Lluvioso;Sí;No
76°24'26.8''W;4°04'11.9''N;Riofrio;14:00:00;22:00:00;31GRACI;12/01/2026;4.069972222;-76.40744444;12/01/2026;12/01/2026 14:00;12/01/2026 22:00;12/01/2026;4.06997;-76.40744;12/01/2026;Open-Meteo Archive;15.3;14.3;16.9;49.5;4.8;;;;Dato obtenido por fallback Open-Meteo;Lluvioso;Sí;No
76°24'26.8''W;4°04'11.9''N;Riofrio;6:00:00;14:00:00;31GRACI;13/01/2026;4.069972222;-76.40744444;13/01/2026;13/01/2026 6:00;13/01/2026 14:00;13/01/2026;4.06997;-76.40744;13/01/2026;Open-Meteo Archive;16;14.3;19.2;33.6;10;;;;Dato obtenido por fallback Open-Meteo;Lluvioso;Sí;No
76°24'26.8''W;4°04'11.9''N;Riofrio;14:00:00;22:00:00;31GRACI;13/01/2026;4.069972222;-76.40744444;13/01/2026;13/01/2026 14:00;13/01/2026 22:00;13/01/2026;4.06997;-76.40744;13/01/2026;Open-Meteo Archive;16;14.3;19.2;33.6;10;;;;Dato obtenido por fallback Open-Meteo;Lluvioso;Sí;No
76°24'26.8''W;4°04'11.9''N;Riofrio;6:00:00;14:00:00;31GRACI;13/01/2026;4.069972222;-76.40744444;13/01/2026;13/01/2026 6:00;13/01/2026 14:00;13/01/2026;4.06997;-76.40744;13/01/2026;Open-Meteo Archive;16;14.3;19.2;33.6;10;;;;Dato obtenido por fallback Open-Meteo;Lluvioso;Sí;No
76°24'26.8''W;4°04'11.9''N;Riofrio;6:00:00;14:00:00;31GRACI;14/01/2026;4.069972222;-76.40744444;14/01/2026;14/01/2026 6:00;14/01/2026 14:00;14/01/2026;4.06997;-76.40744;14/01/2026;Open-Meteo Archive;16.3;13.8;20.7;4.8;11.2;;;;Dato obtenido por fallback Open-Meteo;Lluvioso;Sí;No
76°24'26.8''W;4°04'11.9''N;Riofrio;14:00:00;22:00:00;31GRACI;14/01/2026;4.069972222;-76.40744444;14/01/2026;14/01/2026 14:00;14/01/2026 22:00;14/01/2026;4.06997;-76.40744;14/01/2026;Open-Meteo Archive;16.3;13.8;20.7;4.8;11.2;;;;Dato obtenido por fallback Open-Meteo;Lluvioso;Sí;No
76°24'26.8''W;4°04'11.9''N;Riofrio;6:00:00;14:00:00;31GRACI;14/01/2026;4.069972222;-76.40744444;14/01/2026;14/01/2026 6:00;14/01/2026 14:00;14/01/2026;4.06997;-76.40744;14/01/2026;Open-Meteo Archive;16.3;13.8;20.7;4.8;11.2;;;;Dato obtenido por fallback Open-Meteo;Lluvioso;Sí;No
76°24'26.8''W;4°04'11.9''N;Riofrio;14:00:00;22:00:00;31GRACI;14/01/2026;4.069972222;-76.40744444;14/01/2026;14/01/2026 14:00;14/01/2026 22:00;14/01/2026;4.06997;-76.40744;14/01/2026;Open-Meteo Archive;16.3;13.8;20.7;4.8;11.2;;;;Dato obtenido por fallback Open-Meteo;Lluvioso;Sí;No
76°24'26.8''W;4°04'11.9''N;Riofrio;14:00:00;22:00:00;31GRACI;14/01/2026;4.069972222;-76.40744444;14/01/2026;14/01/2026 14:00;14/01/2026 22:00;14/01/2026;4.06997;-76.40744;14/01/2026;Open-Meteo Archive;16.3;13.8;20.7;4.8;11.2;;;;Dato obtenido por fallback Open-Meteo;Lluvioso;Sí;No
76°24'26.8''W;4°04'11.9''N;Riofrio;6:00:00;14:00:00;31GRACI;15/01/2026;4.069972222;-76.40744444;15/01/2026;15/01/2026 6:00;15/01/2026 14:00;15/01/2026;4.06997;-76.40744;15/01/2026;Open-Meteo Archive;15.6;14.4;17.7;15.7;7;;;;Dato obtenido por fallback Open-Meteo;Lluvioso;Sí;No
76°25'07.7''W;4°03'46.6''N;Riofrio;14:00:00;22:00:00;31ALASK;15/01/2026;4.062944444;-76.41880556;15/01/2026;15/01/2026 14:00;15/01/2026 22:00;15/01/2026;4.06294;-76.41881;15/01/2026;Open-Meteo Archive;14.7;13.4;16.7;15.7;7;;;;Dato obtenido por fallback Open-Meteo;Lluvioso;Sí;No
76°24'26.8''W;4°04'11.9''N;Riofrio;6:00:00;14:00:00;31GRACI;15/01/2026;4.069972222;-76.40744444;15/01/2026;15/01/2026 6:00;15/01/2026 14:00;15/01/2026;4.06997;-76.40744;15/01/2026;Open-Meteo Archive;15.6;14.4;17.7;15.7;7;;;;Dato obtenido por fallback Open-Meteo;Lluvioso;Sí;No
76°24'26.8''W;4°04'11.9''N;Riofrio;14:00:00;22:00:00;31GRACI;15/01/2026;4.069972222;-76.40744444;15/01/2026;15/01/2026 14:00;15/01/2026 22:00;15/01/2026;4.06997;-76.40744;15/01/2026;Open-Meteo Archive;15.6;14.4;17.7;15.7;7;;;;Dato obtenido por fallback Open-Meteo;Lluvioso;Sí;No
76°24'26.8''W;4°04'11.9''N;Riofrio;14:00:00;22:00:00;31GRACI;06/01/2026;4.069972222;-76.40744444;06/01/2026;06/01/2026 14:00;06/01/2026 22:00;06/01/2026;4.06997;-76.40744;06/01/2026;Open-Meteo Archive;15.6;13.4;18;39.9;6.4;;;;Dato obtenido por fallback Open-Meteo;Lluvioso;Sí;No
76°24'26.8''W;4°04'11.9''N;Riofrio;6:00:00;14:00:00;31GRACI;12/01/2026;4.069972222;-76.40744444;12/01/2026;12/01/2026 6:00;12/01/2026 14:00;12/01/2026;4.06997;-76.40744;12/01/2026;Open-Meteo Archive;15.3;14.3;16.9;49.5;4.8;;;;Dato obtenido por fallback Open-Meteo;Lluvioso;Sí;No
76°34'23.0''W;3°41'39.8''N;Cumbre;6:00:00;14:00:00;32PORRA;08/01/2026;3.694388889;-76.57305556;08/01/2026;08/01/2026 6:00;08/01/2026 14:00;08/01/2026;3.69439;-76.57306;08/01/2026;Meteostat Daily;23.6;20;29;13.1;7.7;1013.3;;;Dato diario obtenido correctamente;Lluvioso;Sí;No
76°34'23.0''W;3°41'39.8''N;Cumbre;14:00:00;22:00:00;32PORRA;08/01/2026;3.694388889;-76.57305556;08/01/2026;08/01/2026 14:00;08/01/2026 22:00;08/01/2026;3.69439;-76.57306;08/01/2026;Meteostat Daily;23.6;20;29;13.1;7.7;1013.3;;;Dato diario obtenido correctamente;Lluvioso;Sí;No
76°34'23.0''W;3°41'39.8''N;Cumbre;6:00:00;14:00:00;32PORRA;09/01/2026;3.694388889;-76.57305556;09/01/2026;09/01/2026 6:00;09/01/2026 14:00;09/01/2026;3.69439;-76.57306;09/01/2026;Meteostat Daily;23.8;20;30;14.6;9.6;1013.9;;;Dato diario obtenido correctamente;Lluvioso;Sí;No
76°34'23.0''W;3°41'39.8''N;Cumbre;14:00:00;22:00:00;32PORRA;09/01/2026;3.694388889;-76.57305556;09/01/2026;09/01/2026 14:00;09/01/2026 22:00;09/01/2026;3.69439;-76.57306;09/01/2026;Meteostat Daily;23.8;20;30;14.6;9.6;1013.9;;;Dato diario obtenido correctamente;Lluvioso;Sí;No
76°34'23.0''W;3°41'39.8''N;Cumbre;6:00:00;14:00:00;32PORRA;10/01/2026;3.694388889;-76.57305556;10/01/2026;10/01/2026 6:00;10/01/2026 14:00;10/01/2026;3.69439;-76.57306;10/01/2026;Meteostat Daily;23.3;20;29;15.3;9.9;1014.4;;;Dato diario obtenido correctamente;Lluvioso;Sí;No
76°34'23.0''W;3°41'39.8''N;Cumbre;14:00:00;22:00:00;32PORRA;10/01/2026;3.694388889;-76.57305556;10/01/2026;10/01/2026 14:00;10/01/2026 22:00;10/01/2026;3.69439;-76.57306;10/01/2026;Meteostat Daily;23.3;20;29;15.3;9.9;1014.4;;;Dato diario obtenido correctamente;Lluvioso;Sí;No
76°34'23.0''W;3°41'39.8''N;Cumbre;6:00:00;14:00:00;32PORRA;11/01/2026;3.694388889;-76.57305556;11/01/2026;11/01/2026 6:00;11/01/2026 14:00;11/01/2026;3.69439;-76.57306;11/01/2026;Meteostat Daily;22.2;20;28;15.6;7.8;1014.8;;;Dato diario obtenido correctamente;Lluvioso;Sí;No
76°34'23.0''W;3°41'39.8''N;Cumbre;14:00:00;22:00:00;32PORRA;11/01/2026;3.694388889;-76.57305556;11/01/2026;11/01/2026 14:00;11/01/2026 22:00;11/01/2026;3.69439;-76.57306;11/01/2026;Meteostat Daily;22.2;20;28;15.6;7.8;1014.8;;;Dato diario obtenido correctamente;Lluvioso;Sí;No
76°34'23.0''W;3°41'39.8''N;Cumbre;6:00:00;14:00:00;32PORRA;12/01/2026;3.694388889;-76.57305556;12/01/2026;12/01/2026 6:00;12/01/2026 14:00;12/01/2026;3.69439;-76.57306;12/01/2026;Meteostat Daily;21.7;19;28;19.5;6.3;1015.4;;;Dato diario obtenido correctamente;Lluvioso;Sí;No
76°34'23.0''W;3°41'39.8''N;Cumbre;14:00:00;22:00:00;32PORRA;12/01/2026;3.694388889;-76.57305556;12/01/2026;12/01/2026 14:00;12/01/2026 22:00;12/01/2026;3.69439;-76.57306;12/01/2026;Meteostat Daily;21.7;19;28;19.5;6.3;1015.4;;;Dato diario obtenido correctamente;Lluvioso;Sí;No
76°34'23.0''W;3°41'39.8''N;Cumbre;6:00:00;14:00:00;32PORRA;13/01/2026;3.694388889;-76.57305556;13/01/2026;13/01/2026 6:00;13/01/2026 14:00;13/01/2026;3.69439;-76.57306;13/01/2026;Meteostat Daily;21.8;19.5;27;21;6.9;;;;Dato diario obtenido correctamente;Lluvioso;Sí;No
76°34'23.0''W;3°41'39.8''N;Cumbre;14:00:00;22:00:00;32PORRA;13/01/2026;3.694388889;-76.57305556;13/01/2026;13/01/2026 14:00;13/01/2026 22:00;13/01/2026;3.69439;-76.57306;13/01/2026;Meteostat Daily;21.8;19.5;27;21;6.9;;;;Dato diario obtenido correctamente;Lluvioso;Sí;No
76°16'08.8''W;4°26'03.0''N;Bolivar;6:00:00;14:00:00;35ALEJA;13/01/2026;4.434166667;-76.26911111;13/01/2026;13/01/2026 6:00;13/01/2026 14:00;13/01/2026;4.43417;-76.26911;13/01/2026;Open-Meteo Archive;13.9;12;18.7;10.7;8.2;;;;Dato obtenido por fallback Open-Meteo;Lluvioso;Sí;No
76°20'17.1''W;4°17'21.2''N;Bolivar;6:00:00;14:00:00;35ALEXA;13/01/2026;4.289222222;-76.33808333;13/01/2026;13/01/2026 6:00;13/01/2026 14:00;13/01/2026;4.28922;-76.33808;13/01/2026;Open-Meteo Archive;15.9;14.2;20.4;18.2;7.8;;;;Dato obtenido por fallback Open-Meteo;Lluvioso;Sí;No
76°20'17.1''W;4°17'21.2''N;Bolivar;14:00:00;22:00:00;35ALEXA;13/01/2026;4.289222222;-76.33808333;13/01/2026;13/01/2026 14:00;13/01/2026 22:00;13/01/2026;4.28922;-76.33808;13/01/2026;Open-Meteo Archive;15.9;14.2;20.4;18.2;7.8;;;;Dato obtenido por fallback Open-Meteo;Lluvioso;Sí;No
76°16'08.8''W;4°26'03.0''N;Bolivar;6:00:00;14:00:00;35ALEJA;14/01/2026;4.434166667;-76.26911111;14/01/2026;14/01/2026 6:00;14/01/2026 14:00;14/01/2026;4.43417;-76.26911;14/01/2026;Open-Meteo Archive;14.1;10.9;19.1;8.1;8.1;;;;Dato obtenido por fallback Open-Meteo;Lluvioso;Sí;No
76°20'17.1''W;4°17'21.2''N;Bolivar;6:00:00;14:00:00;35ALEXA;14/01/2026;4.289222222;-76.33808333;14/01/2026;14/01/2026 6:00;14/01/2026 14:00;14/01/2026;4.28922;-76.33808;14/01/2026;Open-Meteo Archive;16.3;13.7;20.1;5.4;8;;;;Dato obtenido por fallback Open-Meteo;Lluvioso;Sí;No
76°20'17.1''W;4°17'21.2''N;Bolivar;14:00:00;22:00:00;35ALEXA;14/01/2026;4.289222222;-76.33808333;14/01/2026;14/01/2026 14:00;14/01/2026 22:00;14/01/2026;4.28922;-76.33808;14/01/2026;Open-Meteo Archive;16.3;13.7;20.1;5.4;8;;;;Dato obtenido por fallback Open-Meteo;Lluvioso;Sí;No
76°34'23.0''W;3°41'39.8''N;Cumbre;6:00:00;14:00:00;32PORRA;14/01/2026;3.694388889;-76.57305556;14/01/2026;14/01/2026 6:00;14/01/2026 14:00;14/01/2026;3.69439;-76.57306;14/01/2026;Meteostat Daily;23.8;19;30;6;7.5;;;;Dato diario obtenido correctamente;Lluvioso;Sí;No
76°34'23.0''W;3°41'39.8''N;Cumbre;14:00:00;22:00:00;32PORRA;14/01/2026;3.694388889;-76.57305556;14/01/2026;14/01/2026 14:00;14/01/2026 22:00;14/01/2026;3.69439;-76.57306;14/01/2026;Meteostat Daily;23.8;19;30;6;7.5;;;;Dato diario obtenido correctamente;Lluvioso;Sí;No
76°34'23.0''W;3°41'39.8''N;Cumbre;6:00:00;14:00:00;32PORRA;15/01/2026;3.694388889;-76.57305556;15/01/2026;15/01/2026 6:00;15/01/2026 14:00;15/01/2026;3.69439;-76.57306;15/01/2026;Meteostat Daily;22.2;20;26;14.5;5.8;1014;;;Dato diario obtenido correctamente;Lluvioso;Sí;No
76°34'23.0''W;3°41'39.8''N;Cumbre;14:00:00;22:00:00;32PORRA;15/01/2026;3.694388889;-76.57305556;15/01/2026;15/01/2026 14:00;15/01/2026 22:00;15/01/2026;3.69439;-76.57306;15/01/2026;Meteostat Daily;22.2;20;26;14.5;5.8;1014;;;Dato diario obtenido correctamente;Lluvioso;Sí;No
76°29'25.4''W;3°50'31.0''N;Restrepo;6:00:00;14:00:00;34SUIZA;07/01/2026;3.841944444;-76.49038889;07/01/2026;07/01/2026 6:00;07/01/2026 14:00;07/01/2026;3.84194;-76.49039;07/01/2026;Meteostat Daily;22.9;19;29;2.9;6.4;1014.3;;;Dato diario obtenido correctamente;Lluvioso;Sí;No
76°29'25.4''W;3°50'31.0''N;Restrepo;14:00:00;22:00:00;34SUIZA;08/01/2026;3.841944444;-76.49038889;08/01/2026;08/01/2026 14:00;08/01/2026 22:00;08/01/2026;3.84194;-76.49039;08/01/2026;Meteostat Daily;23.6;20;29;13.1;7.7;1013.3;;;Dato diario obtenido correctamente;Lluvioso;Sí;No
76°29'25.4''W;3°50'31.0''N;Restrepo;22:00:00;6:00:00;34SUIZA;08/01/2026;3.841944444;-76.49038889;08/01/2026;08/01/2026 22:00;09/01/2026 6:00;08/01/2026;3.84194;-76.49039;08/01/2026;Meteostat Daily;23.6;20;29;13.1;7.7;1013.3;;;Dato diario obtenido correctamente;Lluvioso;Sí;No
76°28'57.7''W;3°51'56.4''N;Darien_Calima;6:00:00;14:00:00;34BRILL;14/01/2026;3.865666667;-76.48269444;14/01/2026;14/01/2026 6:00;14/01/2026 14:00;14/01/2026;3.86567;-76.48269;14/01/2026;Open-Meteo Archive;18.3;15.2;22.8;1.7;8.8;;;;Dato obtenido por fallback Open-Meteo;Lluvioso;Sí;No
76°28'57.7''W;3°51'56.4''N;Darien_Calima;14:00:00;22:00:00;34BRILL;15/01/2026;3.865666667;-76.48269444;15/01/2026;15/01/2026 14:00;15/01/2026 22:00;15/01/2026;3.86567;-76.48269;15/01/2026;Open-Meteo Archive;17.2;15.7;19.4;7.1;6;;;;Dato obtenido por fallback Open-Meteo;Lluvioso;Sí;No
76°28'57.7''W;3°51'56.4''N;Darien_Calima;6:00:00;14:00:00;34BRILL;15/01/2026;3.865666667;-76.48269444;15/01/2026;15/01/2026 6:00;15/01/2026 14:00;15/01/2026;3.86567;-76.48269;15/01/2026;Open-Meteo Archive;17.2;15.7;19.4;7.1;6;;;;Dato obtenido por fallback Open-Meteo;Lluvioso;Sí;No
76°28'57.7''W;3°51'56.4''N;Darien_Calima;14:00:00;22:00:00;34BRILL;15/01/2026;3.865666667;-76.48269444;15/01/2026;15/01/2026 14:00;15/01/2026 22:00;15/01/2026;3.86567;-76.48269;15/01/2026;Open-Meteo Archive;17.2;15.7;19.4;7.1;6;;;;Dato obtenido por fallback Open-Meteo;Lluvioso;Sí;No
75°45'30.2''W;5°22'59.0''N;Guatica;6:00:00;14:00:00;12PALMA;02/01/2026;5.383055556;-75.75838889;02/01/2026;02/01/2026 6:00;02/01/2026 14:00;02/01/2026;5.38306;-75.75839;02/01/2026;Open-Meteo Archive;14.5;12.8;17.1;11.4;5;;;;Dato obtenido por fallback Open-Meteo;Lluvioso;Sí;No
75°46'38.6''W;5°21'05.1''N;Guatica;6:00:00;14:00:00;12PERLA;02/01/2026;5.351416667;-75.77738889;02/01/2026;02/01/2026 6:00;02/01/2026 14:00;02/01/2026;5.35142;-75.77739;02/01/2026;Open-Meteo Archive;15.3;13.6;17.9;11.4;5;;;;Dato obtenido por fallback Open-Meteo;Lluvioso;Sí;No
75°45'30.2''W;5°22'59.0''N;Guatica;14:00:00;22:00:00;12PALMA;02/01/2026;5.383055556;-75.75838889;02/01/2026;02/01/2026 14:00;02/01/2026 22:00;02/01/2026;5.38306;-75.75839;02/01/2026;Open-Meteo Archive;14.5;12.8;17.1;11.4;5;;;;Dato obtenido por fallback Open-Meteo;Lluvioso;Sí;No
75°46'38.6''W;5°21'05.1''N;Guatica;14:00:00;22:00:00;12PERLA;02/01/2026;5.351416667;-75.77738889;02/01/2026;02/01/2026 14:00;02/01/2026 22:00;02/01/2026;5.35142;-75.77739;02/01/2026;Open-Meteo Archive;15.3;13.6;17.9;11.4;5;;;;Dato obtenido por fallback Open-Meteo;Lluvioso;Sí;No
75°45'30.2''W;5°22'59.0''N;Guatica;6:00:00;14:00:00;12PALMA;03/01/2026;5.383055556;-75.75838889;03/01/2026;03/01/2026 6:00;03/01/2026 14:00;03/01/2026;5.38306;-75.75839;03/01/2026;Open-Meteo Archive;15.2;12.7;19.4;11;8.6;;;;Dato obtenido por fallback Open-Meteo;Lluvioso;Sí;No
75°45'30.2''W;5°22'59.0''N;Guatica;14:00:00;22:00:00;12PALMA;03/01/2026;5.383055556;-75.75838889;03/01/2026;03/01/2026 14:00;03/01/2026 22:00;03/01/2026;5.38306;-75.75839;03/01/2026;Open-Meteo Archive;15.2;12.7;19.4;11;8.6;;;;Dato obtenido por fallback Open-Meteo;Lluvioso;Sí;No
75°46'38.6''W;5°21'05.1''N;Guatica;14:00:00;22:00:00;12PERLA;03/01/2026;5.351416667;-75.77738889;03/01/2026;03/01/2026 14:00;03/01/2026 22:00;03/01/2026;5.35142;-75.77739;03/01/2026;Open-Meteo Archive;16;13.4;20.2;11;8.6;;;;Dato obtenido por fallback Open-Meteo;Lluvioso;Sí;No
75°46'38.6''W;5°21'05.1''N;Guatica;6:00:00;14:00:00;12PERLA;03/01/2026;5.351416667;-75.77738889;03/01/2026;03/01/2026 6:00;03/01/2026 14:00;03/01/2026;5.35142;-75.77739;03/01/2026;Open-Meteo Archive;16;13.4;20.2;11;8.6;;;;Dato obtenido por fallback Open-Meteo;Lluvioso;Sí;No
75°45'30.2''W;5°22'59.0''N;Guatica;6:00:00;14:00:00;12PALMA;04/01/2026;5.383055556;-75.75838889;04/01/2026;04/01/2026 6:00;04/01/2026 14:00;04/01/2026;5.38306;-75.75839;04/01/2026;Open-Meteo Archive;14.9;12.5;18.6;1.9;7;;;;Dato obtenido por fallback Open-Meteo;Lluvioso;Sí;No
75°45'30.2''W;5°22'59.0''N;Guatica;14:00:00;22:00:00;12PALMA;04/01/2026;5.383055556;-75.75838889;04/01/2026;04/01/2026 14:00;04/01/2026 22:00;04/01/2026;5.38306;-75.75839;04/01/2026;Open-Meteo Archive;14.9;12.5;18.6;1.9;7;;;;Dato obtenido por fallback Open-Meteo;Lluvioso;Sí;No
75°45'30.2''W;5°22'59.0''N;Guatica;6:00:00;14:00:00;12PALMA;04/01/2026;5.383055556;-75.75838889;04/01/2026;04/01/2026 6:00;04/01/2026 14:00;04/01/2026;5.38306;-75.75839;04/01/2026;Open-Meteo Archive;14.9;12.5;18.6;1.9;7;;;;Dato obtenido por fallback Open-Meteo;Lluvioso;Sí;No
75°45'30.2''W;5°22'59.0''N;Guatica;6:00:00;14:00:00;12PALMA;05/01/2026;5.383055556;-75.75838889;05/01/2026;05/01/2026 6:00;05/01/2026 14:00;05/01/2026;5.38306;-75.75839;05/01/2026;Open-Meteo Archive;14.5;12;19;16.3;7.3;;;;Dato obtenido por fallback Open-Meteo;Lluvioso;Sí;No
75°45'30.2''W;5°22'59.0''N;Guatica;6:00:00;14:00:00;12PALMA;05/01/2026;5.383055556;-75.75838889;05/01/2026;05/01/2026 6:00;05/01/2026 14:00;05/01/2026;5.38306;-75.75839;05/01/2026;Open-Meteo Archive;14.5;12;19;16.3;7.3;;;;Dato obtenido por fallback Open-Meteo;Lluvioso;Sí;No
75°45'30.2''W;5°22'59.0''N;Guatica;;;12PALMA;05/01/2026;5.383055556;-75.75838889;05/01/2026;;;05/01/2026;5.38306;-75.75839;05/01/2026;Open-Meteo Archive;14.5;12;19;16.3;7.3;;;;Dato obtenido por fallback Open-Meteo;Lluvioso;Sí;No
75°45'30.2''W;5°22'59.0''N;Guatica;6:00:00;14:00:00;12PALMA;06/01/2026;5.383055556;-75.75838889;06/01/2026;06/01/2026 6:00;06/01/2026 14:00;06/01/2026;5.38306;-75.75839;06/01/2026;Open-Meteo Archive;14.2;11.7;18.7;21.3;7.3;;;;Dato obtenido por fallback Open-Meteo;Lluvioso;Sí;No
75°45'30.2''W;5°22'59.0''N;Guatica;14:00:00;22:00:00;12PALMA;06/01/2026;5.383055556;-75.75838889;06/01/2026;06/01/2026 14:00;06/01/2026 22:00;06/01/2026;5.38306;-75.75839;06/01/2026;Open-Meteo Archive;14.2;11.7;18.7;21.3;7.3;;;;Dato obtenido por fallback Open-Meteo;Lluvioso;Sí;No
75°45'30.2''W;5°22'59.0''N;Guatica;14:00:00;22:00:00;12PALMA;06/01/2026;5.383055556;-75.75838889;06/01/2026;06/01/2026 14:00;06/01/2026 22:00;06/01/2026;5.38306;-75.75839;06/01/2026;Open-Meteo Archive;14.2;11.7;18.7;21.3;7.3;;;;Dato obtenido por fallback Open-Meteo;Lluvioso;Sí;No
75°45'30.2''W;5°22'59.0''N;Guatica;6:00:00;14:00:00;12PALMA;06/01/2026;5.383055556;-75.75838889;06/01/2026;06/01/2026 6:00;06/01/2026 14:00;06/01/2026;5.38306;-75.75839;06/01/2026;Open-Meteo Archive;14.2;11.7;18.7;21.3;7.3;;;;Dato obtenido por fallback Open-Meteo;Lluvioso;Sí;No
75°45'30.2''W;5°22'59.0''N;Guatica;6:00:00;14:00:00;12PALMA;07/01/2026;5.383055556;-75.75838889;07/01/2026;07/01/2026 6:00;07/01/2026 14:00;07/01/2026;5.38306;-75.75839;07/01/2026;Open-Meteo Archive;15.1;12.3;19.8;7.9;8.9;;;;Dato obtenido por fallback Open-Meteo;Lluvioso;Sí;No
75°45'30.2''W;5°22'59.0''N;Guatica;14:00:00;22:00:00;12PALMA;07/01/2026;5.383055556;-75.75838889;07/01/2026;07/01/2026 14:00;07/01/2026 22:00;07/01/2026;5.38306;-75.75839;07/01/2026;Open-Meteo Archive;15.1;12.3;19.8;7.9;8.9;;;;Dato obtenido por fallback Open-Meteo;Lluvioso;Sí;No
75°45'30.2''W;5°22'59.0''N;Guatica;14:00:00;22:00:00;12PALMA;07/01/2026;5.383055556;-75.75838889;07/01/2026;07/01/2026 14:00;07/01/2026 22:00;07/01/2026;5.38306;-75.75839;07/01/2026;Open-Meteo Archive;15.1;12.3;19.8;7.9;8.9;;;;Dato obtenido por fallback Open-Meteo;Lluvioso;Sí;No
75°45'30.2''W;5°22'59.0''N;Guatica;6:00:00;14:00:00;12PALMA;07/01/2026;5.383055556;-75.75838889;07/01/2026;07/01/2026 6:00;07/01/2026 14:00;07/01/2026;5.38306;-75.75839;07/01/2026;Open-Meteo Archive;15.1;12.3;19.8;7.9;8.9;;;;Dato obtenido por fallback Open-Meteo;Lluvioso;Sí;No
75°45'30.2''W;5°22'59.0''N;Guatica;6:00:00;14:00:00;12PALMA;08/01/2026;5.383055556;-75.75838889;08/01/2026;08/01/2026 6:00;08/01/2026 14:00;08/01/2026;5.38306;-75.75839;08/01/2026;Open-Meteo Archive;15;12.9;18.7;9;4.4;;;;Dato obtenido por fallback Open-Meteo;Lluvioso;Sí;No
75°45'30.2''W;5°22'59.0''N;Guatica;14:00:00;22:00:00;12PALMA;08/01/2026;5.383055556;-75.75838889;08/01/2026;08/01/2026 14:00;08/01/2026 22:00;08/01/2026;5.38306;-75.75839;08/01/2026;Open-Meteo Archive;15;12.9;18.7;9;4.4;;;;Dato obtenido por fallback Open-Meteo;Lluvioso;Sí;No
75°45'30.2''W;5°22'59.0''N;Guatica;14:00:00;22:00:00;12PALMA;08/01/2026;5.383055556;-75.75838889;08/01/2026;08/01/2026 14:00;08/01/2026 22:00;08/01/2026;5.38306;-75.75839;08/01/2026;Open-Meteo Archive;15;12.9;18.7;9;4.4;;;;Dato obtenido por fallback Open-Meteo;Lluvioso;Sí;No
75°45'30.2''W;5°22'59.0''N;Guatica;;;12PALMA;08/01/2026;5.383055556;-75.75838889;08/01/2026;;;08/01/2026;5.38306;-75.75839;08/01/2026;Open-Meteo Archive;15;12.9;18.7;9;4.4;;;;Dato obtenido por fallback Open-Meteo;Lluvioso;Sí;No
75°45'30.2''W;5°22'59.0''N;Guatica;6:00:00;14:00:00;12PALMA;09/01/2026;5.383055556;-75.75838889;09/01/2026;09/01/2026 6:00;09/01/2026 14:00;09/01/2026;5.38306;-75.75839;09/01/2026;Open-Meteo Archive;14.5;12;18.1;27.5;8.7;;;;Dato obtenido por fallback Open-Meteo;Lluvioso;Sí;No
75°45'30.2''W;5°22'59.0''N;Guatica;14:00:00;22:00:00;12PALMA;09/01/2026;5.383055556;-75.75838889;09/01/2026;09/01/2026 14:00;09/01/2026 22:00;09/01/2026;5.38306;-75.75839;09/01/2026;Open-Meteo Archive;14.5;12;18.1;27.5;8.7;;;;Dato obtenido por fallback Open-Meteo;Lluvioso;Sí;No
75°45'30.2''W;5°22'59.0''N;Guatica;14:00:00;22:00:00;12PALMA;09/01/2026;5.383055556;-75.75838889;09/01/2026;09/01/2026 14:00;09/01/2026 22:00;09/01/2026;5.38306;-75.75839;09/01/2026;Open-Meteo Archive;14.5;12;18.1;27.5;8.7;;;;Dato obtenido por fallback Open-Meteo;Lluvioso;Sí;No
75°45'30.2''W;5°22'59.0''N;Guatica;6:00:00;14:00:00;12PALMA;09/01/2026;5.383055556;-75.75838889;09/01/2026;09/01/2026 6:00;09/01/2026 14:00;09/01/2026;5.38306;-75.75839;09/01/2026;Open-Meteo Archive;14.5;12;18.1;27.5;8.7;;;;Dato obtenido por fallback Open-Meteo;Lluvioso;Sí;No
75°45'30.2''W;5°22'59.0''N;Guatica;6:00:00;14:00:00;12PALMA;10/01/2026;5.383055556;-75.75838889;10/01/2026;10/01/2026 6:00;10/01/2026 14:00;10/01/2026;5.38306;-75.75839;10/01/2026;Open-Meteo Archive;14.3;12.8;17.1;9.6;5.4;;;;Dato obtenido por fallback Open-Meteo;Lluvioso;Sí;No
75°45'30.2''W;5°22'59.0''N;Guatica;14:00:00;22:00:00;12PALMA;10/01/2026;5.383055556;-75.75838889;10/01/2026;10/01/2026 14:00;10/01/2026 22:00;10/01/2026;5.38306;-75.75839;10/01/2026;Open-Meteo Archive;14.3;12.8;17.1;9.6;5.4;;;;Dato obtenido por fallback Open-Meteo;Lluvioso;Sí;No
75°45'30.2''W;5°22'59.0''N;Guatica;14:00:00;22:00:00;12PALMA;10/01/2026;5.383055556;-75.75838889;10/01/2026;10/01/2026 14:00;10/01/2026 22:00;10/01/2026;5.38306;-75.75839;10/01/2026;Open-Meteo Archive;14.3;12.8;17.1;9.6;5.4;;;;Dato obtenido por fallback Open-Meteo;Lluvioso;Sí;No
75°45'30.2''W;5°22'59.0''N;Guatica;6:00:00;14:00:00;12PALMA;10/01/2026;5.383055556;-75.75838889;10/01/2026;10/01/2026 6:00;10/01/2026 14:00;10/01/2026;5.38306;-75.75839;10/01/2026;Open-Meteo Archive;14.3;12.8;17.1;9.6;5.4;;;;Dato obtenido por fallback Open-Meteo;Lluvioso;Sí;No
75°45'30.2''W;5°22'59.0''N;Guatica;6:00:00;14:00:00;12PALMA;11/01/2026;5.383055556;-75.75838889;11/01/2026;11/01/2026 6:00;11/01/2026 14:00;11/01/2026;5.38306;-75.75839;11/01/2026;Open-Meteo Archive;13.8;12.1;16.5;40.7;6.8;;;;Dato obtenido por fallback Open-Meteo;Lluvioso;Sí;No
75°45'30.2''W;5°22'59.0''N;Guatica;14:00:00;22:00:00;12PALMA;11/01/2026;5.383055556;-75.75838889;11/01/2026;11/01/2026 14:00;11/01/2026 22:00;11/01/2026;5.38306;-75.75839;11/01/2026;Open-Meteo Archive;13.8;12.1;16.5;40.7;6.8;;;;Dato obtenido por fallback Open-Meteo;Lluvioso;Sí;No
75°45'30.2''W;5°22'59.0''N;Guatica;14:00:00;22:00:00;12PALMA;11/01/2026;5.383055556;-75.75838889;11/01/2026;11/01/2026 14:00;11/01/2026 22:00;11/01/2026;5.38306;-75.75839;11/01/2026;Open-Meteo Archive;13.8;12.1;16.5;40.7;6.8;;;;Dato obtenido por fallback Open-Meteo;Lluvioso;Sí;No
75°45'30.2''W;5°22'59.0''N;Guatica;6:00:00;14:00:00;12PALMA;11/01/2026;5.383055556;-75.75838889;11/01/2026;11/01/2026 6:00;11/01/2026 14:00;11/01/2026;5.38306;-75.75839;11/01/2026;Open-Meteo Archive;13.8;12.1;16.5;40.7;6.8;;;;Dato obtenido por fallback Open-Meteo;Lluvioso;Sí;No
75°45'30.2''W;5°22'59.0''N;Guatica;6:00:00;14:00:00;12PALMA;12/01/2026;5.383055556;-75.75838889;12/01/2026;12/01/2026 6:00;12/01/2026 14:00;12/01/2026;5.38306;-75.75839;12/01/2026;Open-Meteo Archive;13.9;12.3;16.8;21.8;6.5;;;;Dato obtenido por fallback Open-Meteo;Lluvioso;Sí;No
75°45'30.2''W;5°22'59.0''N;Guatica;14:00:00;22:00:00;12PALMA;12/01/2026;5.383055556;-75.75838889;12/01/2026;12/01/2026 14:00;12/01/2026 22:00;12/01/2026;5.38306;-75.75839;12/01/2026;Open-Meteo Archive;13.9;12.3;16.8;21.8;6.5;;;;Dato obtenido por fallback Open-Meteo;Lluvioso;Sí;No
75°45'30.2''W;5°22'59.0''N;Guatica;14:00:00;22:00:00;12PALMA;12/01/2026;5.383055556;-75.75838889;12/01/2026;12/01/2026 14:00;12/01/2026 22:00;12/01/2026;5.38306;-75.75839;12/01/2026;Open-Meteo Archive;13.9;12.3;16.8;21.8;6.5;;;;Dato obtenido por fallback Open-Meteo;Lluvioso;Sí;No
75°45'30.2''W;5°22'59.0''N;Guatica;6:00:00;14:00:00;12PALMA;12/01/2026;5.383055556;-75.75838889;12/01/2026;12/01/2026 6:00;12/01/2026 14:00;12/01/2026;5.38306;-75.75839;12/01/2026;Open-Meteo Archive;13.9;12.3;16.8;21.8;6.5;;;;Dato obtenido por fallback Open-Meteo;Lluvioso;Sí;No
75°45'30.2''W;5°22'59.0''N;Guatica;6:00:00;14:00:00;12PALMA;13/01/2026;5.383055556;-75.75838889;13/01/2026;13/01/2026 6:00;13/01/2026 14:00;13/01/2026;5.38306;-75.75839;13/01/2026;Open-Meteo Archive;14.5;11.9;19.2;25.7;7.4;;;;Dato obtenido por fallback Open-Meteo;Lluvioso;Sí;No
75°45'30.2''W;5°22'59.0''N;Guatica;14:00:00;22:00:00;12PALMA;13/01/2026;5.383055556;-75.75838889;13/01/2026;13/01/2026 14:00;13/01/2026 22:00;13/01/2026;5.38306;-75.75839;13/01/2026;Open-Meteo Archive;14.5;11.9;19.2;25.7;7.4;;;;Dato obtenido por fallback Open-Meteo;Lluvioso;Sí;No
75°45'30.2''W;5°22'59.0''N;Guatica;14:00:00;22:00:00;12PALMA;13/01/2026;5.383055556;-75.75838889;13/01/2026;13/01/2026 14:00;13/01/2026 22:00;13/01/2026;5.38306;-75.75839;13/01/2026;Open-Meteo Archive;14.5;11.9;19.2;25.7;7.4;;;;Dato obtenido por fallback Open-Meteo;Lluvioso;Sí;No
75°45'30.2''W;5°22'59.0''N;Guatica;6:00:00;14:00:00;12PALMA;13/01/2026;5.383055556;-75.75838889;13/01/2026;13/01/2026 6:00;13/01/2026 14:00;13/01/2026;5.38306;-75.75839;13/01/2026;Open-Meteo Archive;14.5;11.9;19.2;25.7;7.4;;;;Dato obtenido por fallback Open-Meteo;Lluvioso;Sí;No
75°45'30.2''W;5°22'59.0''N;Guatica;6:00:00;14:00:00;12PALMA;14/01/2026;5.383055556;-75.75838889;14/01/2026;14/01/2026 6:00;14/01/2026 14:00;14/01/2026;5.38306;-75.75839;14/01/2026;Open-Meteo Archive;15.2;12.1;20.2;6.9;7.8;;;;Dato obtenido por fallback Open-Meteo;Lluvioso;Sí;No
75°45'30.2''W;5°22'59.0''N;Guatica;14:00:00;22:00:00;12PALMA;14/01/2026;5.383055556;-75.75838889;14/01/2026;14/01/2026 14:00;14/01/2026 22:00;14/01/2026;5.38306;-75.75839;14/01/2026;Open-Meteo Archive;15.2;12.1;20.2;6.9;7.8;;;;Dato obtenido por fallback Open-Meteo;Lluvioso;Sí;No
75°45'30.2''W;5°22'59.0''N;Guatica;14:00:00;22:00:00;12PALMA;14/01/2026;5.383055556;-75.75838889;14/01/2026;14/01/2026 14:00;14/01/2026 22:00;14/01/2026;5.38306;-75.75839;14/01/2026;Open-Meteo Archive;15.2;12.1;20.2;6.9;7.8;;;;Dato obtenido por fallback Open-Meteo;Lluvioso;Sí;No
75°45'30.2''W;5°22'59.0''N;Guatica;6:00:00;14:00:00;12PALMA;14/01/2026;5.383055556;-75.75838889;14/01/2026;14/01/2026 6:00;14/01/2026 14:00;14/01/2026;5.38306;-75.75839;14/01/2026;Open-Meteo Archive;15.2;12.1;20.2;6.9;7.8;;;;Dato obtenido por fallback Open-Meteo;Lluvioso;Sí;No
75°45'30.2''W;5°22'59.0''N;Guatica;6:00:00;14:00:00;12PALMA;15/01/2026;5.383055556;-75.75838889;15/01/2026;15/01/2026 6:00;15/01/2026 14:00;15/01/2026;5.38306;-75.75839;15/01/2026;Open-Meteo Archive;14.2;12.1;16.4;24;5.5;;;;Dato obtenido por fallback Open-Meteo;Lluvioso;Sí;No
75°45'30.2''W;5°22'59.0''N;Guatica;6:00:00;14:00:00;12PALMA;15/01/2026;5.383055556;-75.75838889;15/01/2026;15/01/2026 6:00;15/01/2026 14:00;15/01/2026;5.38306;-75.75839;15/01/2026;Open-Meteo Archive;14.2;12.1;16.4;24;5.5;;;;Dato obtenido por fallback Open-Meteo;Lluvioso;Sí;No
75°45'30.2''W;5°22'59.0''N;Guatica;14:00:00;22:00:00;12PALMA;15/01/2026;5.383055556;-75.75838889;15/01/2026;15/01/2026 14:00;15/01/2026 22:00;15/01/2026;5.38306;-75.75839;15/01/2026;Open-Meteo Archive;14.2;12.1;16.4;24;5.5;;;;Dato obtenido por fallback Open-Meteo;Lluvioso;Sí;No
75°45'30.2''W;5°22'59.0''N;Guatica;14:00:00;22:00:00;12PALMA;15/01/2026;5.383055556;-75.75838889;15/01/2026;15/01/2026 14:00;15/01/2026 22:00;15/01/2026;5.38306;-75.75839;15/01/2026;Open-Meteo Archive;14.2;12.1;16.4;24;5.5;;;;Dato obtenido por fallback Open-Meteo;Lluvioso;Sí;No
75°45'30.2''W;5°22'59.0''N;Guatica;22:00:00;6:00:00;12PALMA;15/01/2026;5.383055556;-75.75838889;15/01/2026;15/01/2026 22:00;16/01/2026 6:00;15/01/2026;5.38306;-75.75839;15/01/2026;Open-Meteo Archive;14.2;12.1;16.4;24;5.5;;;;Dato obtenido por fallback Open-Meteo;Lluvioso;Sí;No
75°45'30.2''W;5°22'59.0''N;Guatica;6:00:00;14:00:00;12PALMA;16/01/2026;5.383055556;-75.75838889;16/01/2026;16/01/2026 6:00;16/01/2026 14:00;16/01/2026;5.38306;-75.75839;16/01/2026;Open-Meteo Archive;14.5;11.2;18.9;17.8;6.8;;;;Dato obtenido por fallback Open-Meteo;Lluvioso;Sí;No
75°45'30.2''W;5°22'59.0''N;Guatica;6:00:00;14:00:00;12PALMA;16/01/2026;5.383055556;-75.75838889;16/01/2026;16/01/2026 6:00;16/01/2026 14:00;16/01/2026;5.38306;-75.75839;16/01/2026;Open-Meteo Archive;14.5;11.2;18.9;17.8;6.8;;;;Dato obtenido por fallback Open-Meteo;Lluvioso;Sí;No
75°45'30.2''W;5°22'59.0''N;Guatica;14:00:00;22:00:00;12PALMA;16/01/2026;5.383055556;-75.75838889;16/01/2026;16/01/2026 14:00;16/01/2026 22:00;16/01/2026;5.38306;-75.75839;16/01/2026;Open-Meteo Archive;14.5;11.2;18.9;17.8;6.8;;;;Dato obtenido por fallback Open-Meteo;Lluvioso;Sí;No
75°45'30.2''W;5°22'59.0''N;Guatica;14:00:00;22:00:00;12PALMA;16/01/2026;5.383055556;-75.75838889;16/01/2026;16/01/2026 14:00;16/01/2026 22:00;16/01/2026;5.38306;-75.75839;16/01/2026;Open-Meteo Archive;14.5;11.2;18.9;17.8;6.8;;;;Dato obtenido por fallback Open-Meteo;Lluvioso;Sí;No
75°45'30.2''W;5°22'59.0''N;Guatica;22:00:00;6:00:00;12PALMA;16/01/2026;5.383055556;-75.75838889;16/01/2026;16/01/2026 22:00;17/01/2026 6:00;16/01/2026;5.38306;-75.75839;16/01/2026;Open-Meteo Archive;14.5;11.2;18.9;17.8;6.8;;;;Dato obtenido por fallback Open-Meteo;Lluvioso;Sí;No
76°20'17.1''W;4°17'21.2''N;Bolivar;6:00:00;14:00:00;35ALEXA;15/01/2026;4.289222222;-76.33808333;15/01/2026;15/01/2026 6:00;15/01/2026 14:00;15/01/2026;4.28922;-76.33808;15/01/2026;Open-Meteo Archive;15.9;14.9;17.6;12.1;7.9;;;;Dato obtenido por fallback Open-Meteo;Lluvioso;Sí;No
76°20'17.1''W;4°17'21.2''N;Bolivar;14:00:00;22:00:00;35ALEXA;15/01/2026;4.289222222;-76.33808333;15/01/2026;15/01/2026 14:00;15/01/2026 22:00;15/01/2026;4.28922;-76.33808;15/01/2026;Open-Meteo Archive;15.9;14.9;17.6;12.1;7.9;;;;Dato obtenido por fallback Open-Meteo;Lluvioso;Sí;No
76°16'33.7''W;4°26'45.6''N;Bolivar;6:00:00;14:00:00;35CRIST;15/01/2026;4.446;-76.27602778;15/01/2026;15/01/2026 6:00;15/01/2026 14:00;15/01/2026;4.446;-76.27603;15/01/2026;Open-Meteo Archive;14.5;13.2;16.7;21.4;7;;;;Dato obtenido por fallback Open-Meteo;Lluvioso;Sí;No
76°34'23.0''W;3°41'39.8''N;Cumbre;6:00:00;14:00:00;32PORRA;16/01/2026;3.694388889;-76.57305556;16/01/2026;16/01/2026 6:00;16/01/2026 14:00;16/01/2026;3.69439;-76.57306;16/01/2026;Meteostat Daily;23.5;20;28;1.5;6.4;1014;;;Dato diario obtenido correctamente;Lluvioso;Sí;No
76°34'23.0''W;3°41'39.8''N;Cumbre;14:00:00;22:00:00;32PORRA;16/01/2026;3.694388889;-76.57305556;16/01/2026;16/01/2026 14:00;16/01/2026 22:00;16/01/2026;3.69439;-76.57306;16/01/2026;Meteostat Daily;23.5;20;28;1.5;6.4;1014;;;Dato diario obtenido correctamente;Lluvioso;Sí;No
76°34'23.0''W;3°41'39.8''N;Cumbre;6:00:00;14:00:00;32PORRA;17/01/2026;3.694388889;-76.57305556;17/01/2026;17/01/2026 6:00;17/01/2026 14:00;17/01/2026;3.69439;-76.57306;17/01/2026;Meteostat Daily;25.2;21;32;1;7.6;1012.4;;;Dato diario obtenido correctamente;Lluvioso;Sí;No
75°51'29.7''W;4°10'31.8''N;Sevilla;6:00:00;14:00:00;13CANAD;16/01/2026;4.1755;-75.85825;16/01/2026;16/01/2026 6:00;16/01/2026 14:00;16/01/2026;4.1755;-75.85825;16/01/2026;Open-Meteo Archive;15.7;12.5;19.5;6.2;10.1;;;;Dato obtenido por fallback Open-Meteo;Lluvioso;Sí;No
75°51'29.7''W;4°10'31.8''N;Sevilla;14:00:00;22:00:00;13CANAD;16/01/2026;4.1755;-75.85825;16/01/2026;16/01/2026 14:00;16/01/2026 22:00;16/01/2026;4.1755;-75.85825;16/01/2026;Open-Meteo Archive;15.7;12.5;19.5;6.2;10.1;;;;Dato obtenido por fallback Open-Meteo;Lluvioso;Sí;No
75°52'33.4''W;4°06'28.8''N;Sevilla;6:00:00;14:00:00;13SINAB;16/01/2026;4.108;-75.87594444;16/01/2026;16/01/2026 6:00;16/01/2026 14:00;16/01/2026;4.108;-75.87594;16/01/2026;Open-Meteo Archive;13.4;10.1;17.5;10.8;10.8;;;;Dato obtenido por fallback Open-Meteo;Lluvioso;Sí;No
75°52'33.4''W;4°06'28.8''N;Sevilla;14:00:00;22:00:00;13SINAB;16/01/2026;4.108;-75.87594444;16/01/2026;16/01/2026 14:00;16/01/2026 22:00;16/01/2026;4.108;-75.87594;16/01/2026;Open-Meteo Archive;13.4;10.1;17.5;10.8;10.8;;;;Dato obtenido por fallback Open-Meteo;Lluvioso;Sí;No
76°28'57.7''W;3°51'56.4''N;Darien_Calima;6:00:00;14:00:00;34BRILL;16/01/2026;3.865666667;-76.48269444;16/01/2026;16/01/2026 6:00;16/01/2026 14:00;16/01/2026;3.86567;-76.48269;16/01/2026;Open-Meteo Archive;18.2;16;21.9;2.4;6.3;;;;Dato obtenido por fallback Open-Meteo;Lluvioso;Sí;No
76°28'57.7''W;3°51'56.4''N;Darien_Calima;14:00:00;22:00:00;34BRILL;16/01/2026;3.865666667;-76.48269444;16/01/2026;16/01/2026 14:00;16/01/2026 22:00;16/01/2026;3.86567;-76.48269;16/01/2026;Open-Meteo Archive;18.2;16;21.9;2.4;6.3;;;;Dato obtenido por fallback Open-Meteo;Lluvioso;Sí;No
76°25'07.7''W;4°03'46.6''N;Riofrio;6:00:00;14:00:00;31ALASK;16/01/2026;4.062944444;-76.41880556;16/01/2026;16/01/2026 6:00;16/01/2026 14:00;16/01/2026;4.06294;-76.41881;16/01/2026;Open-Meteo Archive;15.2;13.6;18.3;11;9.4;;;;Dato obtenido por fallback Open-Meteo;Lluvioso;Sí;No
76°25'07.7''W;4°03'46.6''N;Riofrio;14:00:00;22:00:00;31ALASK;16/01/2026;4.062944444;-76.41880556;16/01/2026;16/01/2026 14:00;16/01/2026 22:00;16/01/2026;4.06294;-76.41881;16/01/2026;Open-Meteo Archive;15.2;13.6;18.3;11;9.4;;;;Dato obtenido por fallback Open-Meteo;Lluvioso;Sí;No
76°28'57.7''W;3°51'56.4''N;Darien_Calima;6:00:00;14:00:00;34BRILL;17/01/2026;3.865666667;-76.48269444;17/01/2026;17/01/2026 6:00;17/01/2026 14:00;17/01/2026;3.86567;-76.48269;17/01/2026;Open-Meteo Archive;19.5;15.4;24.3;0.1;8.9;;;;Dato obtenido por fallback Open-Meteo;Lluvioso;Sí;No
76°25'07.7''W;4°03'46.6''N;Riofrio;6:00:00;14:00:00;31ALASK;17/01/2026;4.062944444;-76.41880556;17/01/2026;17/01/2026 6:00;17/01/2026 14:00;17/01/2026;4.06294;-76.41881;17/01/2026;Open-Meteo Archive;16.9;13.2;21.5;0.4;13.7;;;;Dato obtenido por fallback Open-Meteo;Lluvioso;Sí;No
76°16'33.7''W;4°26'45.6''N;Bolivar;6:00:00;14:00:00;35CRIST;16/01/2026;4.446;-76.27602778;16/01/2026;16/01/2026 6:00;16/01/2026 14:00;16/01/2026;4.446;-76.27603;16/01/2026;Open-Meteo Archive;14.7;12.4;18.1;16.7;8.7;;;;Dato obtenido por fallback Open-Meteo;Lluvioso;Sí;No
76°20'17.1''W;4°17'21.2''N;Bolivar;14:00:00;22:00:00;35ALEXA;16/01/2026;4.289222222;-76.33808333;16/01/2026;16/01/2026 14:00;16/01/2026 22:00;16/01/2026;4.28922;-76.33808;16/01/2026;Open-Meteo Archive;16;14.4;18.5;14.9;9.3;;;;Dato obtenido por fallback Open-Meteo;Lluvioso;Sí;No
76°34'23.0''W;3°41'39.8''N;Cumbre;14:00:00;22:00:00;32PORRA;17/01/2026;3.694388889;-76.57305556;17/01/2026;17/01/2026 14:00;17/01/2026 22:00;17/01/2026;3.69439;-76.57306;17/01/2026;Meteostat Daily;25.2;21;32;1;7.6;1012.4;;;Dato diario obtenido correctamente;Lluvioso;Sí;No
76°25'07.7''W;4°03'46.6''N;Riofrio;14:00:00;22:00:00;31ALASK;17/01/2026;4.062944444;-76.41880556;17/01/2026;17/01/2026 14:00;17/01/2026 22:00;17/01/2026;4.06294;-76.41881;17/01/2026;Open-Meteo Archive;16.9;13.2;21.5;0.4;13.7;;;;Dato obtenido por fallback Open-Meteo;Lluvioso;Sí;No
76°28'57.7''W;3°51'56.4''N;Darien_Calima;14:00:00;22:00:00;34BRILL;17/01/2026;3.865666667;-76.48269444;17/01/2026;17/01/2026 14:00;17/01/2026 22:00;17/01/2026;3.86567;-76.48269;17/01/2026;Open-Meteo Archive;19.5;15.4;24.3;0.1;8.9;;;;Dato obtenido por fallback Open-Meteo;Lluvioso;Sí;No
75°51'29.7''W;4°10'31.8''N;Sevilla;6:00:00;14:00:00;13CANAD;17/01/2026;4.1755;-75.85825;17/01/2026;17/01/2026 6:00;17/01/2026 14:00;17/01/2026;4.1755;-75.85825;17/01/2026;Open-Meteo Archive;16.5;11.5;21.7;3.5;9;;;;Dato obtenido por fallback Open-Meteo;Lluvioso;Sí;No
75°51'29.7''W;4°10'31.8''N;Sevilla;14:00:00;22:00:00;13CANAD;17/01/2026;4.1755;-75.85825;17/01/2026;17/01/2026 14:00;17/01/2026 22:00;17/01/2026;4.1755;-75.85825;17/01/2026;Open-Meteo Archive;16.5;11.5;21.7;3.5;9;;;;Dato obtenido por fallback Open-Meteo;Lluvioso;Sí;No
75°52'33.4''W;4°06'28.8''N;Sevilla;6:00:00;14:00:00;13SINAB;17/01/2026;4.108;-75.87594444;17/01/2026;17/01/2026 6:00;17/01/2026 14:00;17/01/2026;4.108;-75.87594;17/01/2026;Open-Meteo Archive;14.4;9.2;20.2;3.1;8.7;;;;Dato obtenido por fallback Open-Meteo;Lluvioso;Sí;No
75°52'33.4''W;4°06'28.8''N;Sevilla;14:00:00;22:00:00;13SINAB;17/01/2026;4.108;-75.87594444;17/01/2026;17/01/2026 14:00;17/01/2026 22:00;17/01/2026;4.108;-75.87594;17/01/2026;Open-Meteo Archive;14.4;9.2;20.2;3.1;8.7;;;;Dato obtenido por fallback Open-Meteo;Lluvioso;Sí;No
76°20'17.1''W;4°17'21.2''N;Bolivar;6:00:00;14:00:00;35ALEXA;17/01/2026;4.289222222;-76.33808333;17/01/2026;17/01/2026 6:00;17/01/2026 14:00;17/01/2026;4.28922;-76.33808;17/01/2026;Open-Meteo Archive;17;13.7;21.1;5.4;9.9;;;;Dato obtenido por fallback Open-Meteo;Lluvioso;Sí;No
76°20'17.1''W;4°17'21.2''N;Bolivar;6:00:00;14:00:00;35ALEXA;17/01/2026;4.289222222;-76.33808333;17/01/2026;17/01/2026 6:00;17/01/2026 14:00;17/01/2026;4.28922;-76.33808;17/01/2026;Open-Meteo Archive;17;13.7;21.1;5.4;9.9;;;;Dato obtenido por fallback Open-Meteo;Lluvioso;Sí;No
76°20'17.1''W;4°17'21.2''N;Bolivar;14:00:00;22:00:00;35ALEXA;17/01/2026;4.289222222;-76.33808333;17/01/2026;17/01/2026 14:00;17/01/2026 22:00;17/01/2026;4.28922;-76.33808;17/01/2026;Open-Meteo Archive;17;13.7;21.1;5.4;9.9;;;;Dato obtenido por fallback Open-Meteo;Lluvioso;Sí;No
76°16'33.7''W;4°26'45.6''N;Bolivar;6:00:00;14:00:00;35CRIST;17/01/2026;4.446;-76.27602778;17/01/2026;17/01/2026 6:00;17/01/2026 14:00;17/01/2026;4.446;-76.27603;17/01/2026;Open-Meteo Archive;16.2;12.7;20.8;3.1;9.5;;;;Dato obtenido por fallback Open-Meteo;Lluvioso;Sí;No
76°34'23.0''W;3°41'39.8''N;Cumbre;6:00:00;14:00:00;32PORRA;18/01/2026;3.694388889;-76.57305556;18/01/2026;18/01/2026 6:00;18/01/2026 14:00;18/01/2026;3.69439;-76.57306;18/01/2026;Meteostat Daily;24.7;20;31;1.1;9.3;1011.6;;;Dato diario obtenido correctamente;Lluvioso;Sí;No
76°34'23.0''W;3°41'39.8''N;Cumbre;14:00:00;22:00:00;32PORRA;18/01/2026;3.694388889;-76.57305556;18/01/2026;18/01/2026 14:00;18/01/2026 22:00;18/01/2026;3.69439;-76.57306;18/01/2026;Meteostat Daily;24.7;20;31;1.1;9.3;1011.6;;;Dato diario obtenido correctamente;Lluvioso;Sí;No
76°25'07.7''W;4°03'46.6''N;Riofrio;14:00:00;22:00:00;31ALASK;18/01/2026;4.062944444;-76.41880556;18/01/2026;18/01/2026 14:00;18/01/2026 22:00;18/01/2026;4.06294;-76.41881;18/01/2026;Open-Meteo Archive;17.3;14.2;21.8;3.5;10.3;;;;Dato obtenido por fallback Open-Meteo;Lluvioso;Sí;No
75°51'29.7''W;4°10'31.8''N;Sevilla;6:00:00;14:00:00;13CANAD;18/01/2026;4.1755;-75.85825;18/01/2026;18/01/2026 6:00;18/01/2026 14:00;18/01/2026;4.1755;-75.85825;18/01/2026;Open-Meteo Archive;15.9;10.2;21.6;3.6;9.7;;;;Dato obtenido por fallback Open-Meteo;Lluvioso;Sí;No
75°51'29.7''W;4°10'31.8''N;Sevilla;14:00:00;22:00:00;13CANAD;18/01/2026;4.1755;-75.85825;18/01/2026;18/01/2026 14:00;18/01/2026 22:00;18/01/2026;4.1755;-75.85825;18/01/2026;Open-Meteo Archive;15.9;10.2;21.6;3.6;9.7;;;;Dato obtenido por fallback Open-Meteo;Lluvioso;Sí;No
75°52'33.4''W;4°06'28.8''N;Sevilla;6:00:00;14:00:00;13SINAB;18/01/2026;4.108;-75.87594444;18/01/2026;18/01/2026 6:00;18/01/2026 14:00;18/01/2026;4.108;-75.87594;18/01/2026;Open-Meteo Archive;13.7;8.1;19.5;4.2;9.6;;;;Dato obtenido por fallback Open-Meteo;Lluvioso;Sí;No
75°52'33.4''W;4°06'28.8''N;Sevilla;14:00:00;22:00:00;13SINAB;18/01/2026;4.108;-75.87594444;18/01/2026;18/01/2026 14:00;18/01/2026 22:00;18/01/2026;4.108;-75.87594;18/01/2026;Open-Meteo Archive;13.7;8.1;19.5;4.2;9.6;;;;Dato obtenido por fallback Open-Meteo;Lluvioso;Sí;No
76°25'07.7''W;4°03'46.6''N;Riofrio;6:00:00;14:00:00;31ALASK;18/01/2026;4.062944444;-76.41880556;18/01/2026;18/01/2026 6:00;18/01/2026 14:00;18/01/2026;4.06294;-76.41881;18/01/2026;Open-Meteo Archive;17.3;14.2;21.8;3.5;10.3;;;;Dato obtenido por fallback Open-Meteo;Lluvioso;Sí;No
76°16'33.7''W;4°26'45.6''N;Bolivar;6:00:00;14:00:00;35CRIST;18/01/2026;4.446;-76.27602778;18/01/2026;18/01/2026 6:00;18/01/2026 14:00;18/01/2026;4.446;-76.27603;18/01/2026;Open-Meteo Archive;16;14.7;18.9;7.6;11.1;;;;Dato obtenido por fallback Open-Meteo;Lluvioso;Sí;No
76°20'17.1''W;4°17'21.2''N;Bolivar;6:00:00;14:00:00;35ALEXA;18/01/2026;4.289222222;-76.33808333;18/01/2026;18/01/2026 6:00;18/01/2026 14:00;18/01/2026;4.28922;-76.33808;18/01/2026;Open-Meteo Archive;17.1;15.8;19.4;6.5;12;;;;Dato obtenido por fallback Open-Meteo;Lluvioso;Sí;No
76°20'17.1''W;4°17'21.2''N;Bolivar;14:00:00;22:00:00;35ALEXA;18/01/2026;4.289222222;-76.33808333;18/01/2026;18/01/2026 14:00;18/01/2026 22:00;18/01/2026;4.28922;-76.33808;18/01/2026;Open-Meteo Archive;17.1;15.8;19.4;6.5;12;;;;Dato obtenido por fallback Open-Meteo;Lluvioso;Sí;No
76°28'57.7''W;3°51'56.4''N;Darien_Calima;6:00:00;14:00:00;34BRILL;18/01/2026;3.865666667;-76.48269444;18/01/2026;18/01/2026 6:00;18/01/2026 14:00;18/01/2026;3.86567;-76.48269;18/01/2026;Open-Meteo Archive;19.8;16.4;24.5;1.4;6.5;;;;Dato obtenido por fallback Open-Meteo;Lluvioso;Sí;No
76°28'57.7''W;3°51'56.4''N;Darien_Calima;14:00:00;22:00:00;34BRILL;18/01/2026;3.865666667;-76.48269444;18/01/2026;18/01/2026 14:00;18/01/2026 22:00;18/01/2026;3.86567;-76.48269;18/01/2026;Open-Meteo Archive;19.8;16.4;24.5;1.4;6.5;;;;Dato obtenido por fallback Open-Meteo;Lluvioso;Sí;No
75°51'29.7''W;4°10'31.8''N;Sevilla;6:00:00;14:00:00;13CANAD;18/01/2026;4.1755;-75.85825;18/01/2026;18/01/2026 6:00;18/01/2026 14:00;18/01/2026;4.1755;-75.85825;18/01/2026;Open-Meteo Archive;15.9;10.2;21.6;3.6;9.7;;;;Dato obtenido por fallback Open-Meteo;Lluvioso;Sí;No
76°24'26.8''W;4°04'11.9''N;Riofrio;14:00:00;22:00:00;31GRACI;20/01/2026;4.069972222;-76.40744444;20/01/2026;20/01/2026 14:00;20/01/2026 22:00;20/01/2026;4.06997;-76.40744;20/01/2026;Open-Meteo Archive;16.7;15.3;20;14.2;7.4;;;;Dato obtenido por fallback Open-Meteo;Lluvioso;Sí;No
76°24'26.8''W;4°04'11.9''N;Riofrio;6:00:00;14:00:00;31GRACI;20/01/2026;4.069972222;-76.40744444;20/01/2026;20/01/2026 6:00;20/01/2026 14:00;20/01/2026;4.06997;-76.40744;20/01/2026;Open-Meteo Archive;16.7;15.3;20;14.2;7.4;;;;Dato obtenido por fallback Open-Meteo;Lluvioso;Sí;No
76°25'40.8''W;4°03'16.7''N;Riofrio;14:00:00;22:00:00;31ESMER;19/01/2026;4.054638889;-76.428;19/01/2026;19/01/2026 14:00;19/01/2026 22:00;19/01/2026;4.05464;-76.428;19/01/2026;Open-Meteo Archive;16.2;14.1;19.2;7.4;9.7;;;;Dato obtenido por fallback Open-Meteo;Lluvioso;Sí;No
76°34'23.0''W;3°41'39.8''N;Cumbre;6:00:00;14:00:00;32PORRA;19/01/2026;3.694388889;-76.57305556;19/01/2026;19/01/2026 6:00;19/01/2026 14:00;19/01/2026;3.69439;-76.57306;19/01/2026;Meteostat Daily;22.9;20;26;2;6.5;1013.1;;;Dato diario obtenido correctamente;Lluvioso;Sí;No
76°34'23.0''W;3°41'39.8''N;Cumbre;14:00:00;22:00:00;32PORRA;19/01/2026;3.694388889;-76.57305556;19/01/2026;19/01/2026 14:00;19/01/2026 22:00;19/01/2026;3.69439;-76.57306;19/01/2026;Meteostat Daily;22.9;20;26;2;6.5;1013.1;;;Dato diario obtenido correctamente;Lluvioso;Sí;No
76°34'23.0''W;3°41'39.8''N;Cumbre;6:00:00;14:00:00;32PORRA;20/01/2026;3.694388889;-76.57305556;20/01/2026;20/01/2026 6:00;20/01/2026 14:00;20/01/2026;3.69439;-76.57306;20/01/2026;Meteostat Daily;24.5;19;32;3.2;9.1;1013.5;;;Dato diario obtenido correctamente;Lluvioso;Sí;No
76°34'23.0''W;3°41'39.8''N;Cumbre;14:00:00;22:00:00;32PORRA;20/01/2026;3.694388889;-76.57305556;20/01/2026;20/01/2026 14:00;20/01/2026 22:00;20/01/2026;3.69439;-76.57306;20/01/2026;Meteostat Daily;24.5;19;32;3.2;9.1;1013.5;;;Dato diario obtenido correctamente;Lluvioso;Sí;No
75°51'29.7''W;4°10'31.8''N;Sevilla;6:00:00;14:00:00;13CANAD;19/01/2026;4.1755;-75.85825;19/01/2026;19/01/2026 6:00;19/01/2026 14:00;19/01/2026;4.1755;-75.85825;19/01/2026;Open-Meteo Archive;15.7;11.6;20.4;6.3;7.1;;;;Dato obtenido por fallback Open-Meteo;Lluvioso;Sí;No
75°51'29.7''W;4°10'31.8''N;Sevilla;14:00:00;22:00:00;13CANAD;19/01/2026;4.1755;-75.85825;19/01/2026;19/01/2026 14:00;19/01/2026 22:00;19/01/2026;4.1755;-75.85825;19/01/2026;Open-Meteo Archive;15.7;11.6;20.4;6.3;7.1;;;;Dato obtenido por fallback Open-Meteo;Lluvioso;Sí;No
75°52'33.4''W;4°06'28.8''N;Sevilla;6:00:00;14:00:00;13SINAB;19/01/2026;4.108;-75.87594444;19/01/2026;19/01/2026 6:00;19/01/2026 14:00;19/01/2026;4.108;-75.87594;19/01/2026;Open-Meteo Archive;13.7;9.4;18.7;5.3;8.1;;;;Dato obtenido por fallback Open-Meteo;Lluvioso;Sí;No
75°52'33.4''W;4°06'28.8''N;Sevilla;14:00:00;22:00:00;13SINAB;19/01/2026;4.108;-75.87594444;19/01/2026;19/01/2026 14:00;19/01/2026 22:00;19/01/2026;4.108;-75.87594;19/01/2026;Open-Meteo Archive;13.7;9.4;18.7;5.3;8.1;;;;Dato obtenido por fallback Open-Meteo;Lluvioso;Sí;No
75°51'29.7''W;4°10'31.8''N;Sevilla;22:00:00;6:00:00;13CANAD;19/01/2026;4.1755;-75.85825;19/01/2026;19/01/2026 22:00;20/01/2026 6:00;19/01/2026;4.1755;-75.85825;19/01/2026;Open-Meteo Archive;15.7;11.6;20.4;6.3;7.1;;;;Dato obtenido por fallback Open-Meteo;Lluvioso;Sí;No
75°51'29.7''W;4°10'31.8''N;Sevilla;6:00:00;14:00:00;13CANAD;20/01/2026;4.1755;-75.85825;20/01/2026;20/01/2026 6:00;20/01/2026 14:00;20/01/2026;4.1755;-75.85825;20/01/2026;Open-Meteo Archive;15.7;12.4;20.6;8.9;8.9;;;;Dato obtenido por fallback Open-Meteo;Lluvioso;Sí;No
75°51'29.7''W;4°10'31.8''N;Sevilla;14:00:00;22:00:00;13CANAD;20/01/2026;4.1755;-75.85825;20/01/2026;20/01/2026 14:00;20/01/2026 22:00;20/01/2026;4.1755;-75.85825;20/01/2026;Open-Meteo Archive;15.7;12.4;20.6;8.9;8.9;;;;Dato obtenido por fallback Open-Meteo;Lluvioso;Sí;No
75°52'33.4''W;4°06'28.8''N;Sevilla;6:00:00;14:00:00;13SINAB;20/01/2026;4.108;-75.87594444;20/01/2026;20/01/2026 6:00;20/01/2026 14:00;20/01/2026;4.108;-75.87594;20/01/2026;Open-Meteo Archive;13.7;10.6;18.2;18.4;8.2;;;;Dato obtenido por fallback Open-Meteo;Lluvioso;Sí;No
75°52'33.4''W;4°06'28.8''N;Sevilla;14:00:00;22:00:00;13SINAB;20/01/2026;4.108;-75.87594444;20/01/2026;20/01/2026 14:00;20/01/2026 22:00;20/01/2026;4.108;-75.87594;20/01/2026;Open-Meteo Archive;13.7;10.6;18.2;18.4;8.2;;;;Dato obtenido por fallback Open-Meteo;Lluvioso;Sí;No
75°51'29.7''W;4°10'31.8''N;Sevilla;14:00:00;22:00:00;13CANAD;20/01/2026;4.1755;-75.85825;20/01/2026;20/01/2026 14:00;20/01/2026 22:00;20/01/2026;4.1755;-75.85825;20/01/2026;Open-Meteo Archive;15.7;12.4;20.6;8.9;8.9;;;;Dato obtenido por fallback Open-Meteo;Lluvioso;Sí;No
76°20'17.1''W;4°17'21.2''N;Bolivar;6:00:00;14:00:00;35ALEXA;19/01/2026;4.289222222;-76.33808333;19/01/2026;19/01/2026 6:00;19/01/2026 14:00;19/01/2026;4.28922;-76.33808;19/01/2026;Open-Meteo Archive;16.9;15.7;19.5;7.9;8.4;;;;Dato obtenido por fallback Open-Meteo;Lluvioso;Sí;No
76°16'33.7''W;4°26'45.6''N;Bolivar;6:00:00;14:00:00;35CRIST;19/01/2026;4.446;-76.27602778;19/01/2026;19/01/2026 6:00;19/01/2026 14:00;19/01/2026;4.446;-76.27603;19/01/2026;Open-Meteo Archive;15.6;13.8;19;9.8;8.7;;;;Dato obtenido por fallback Open-Meteo;Lluvioso;Sí;No
76°20'17.1''W;4°17'21.2''N;Bolivar;14:00:00;22:00:00;35ALEXA;19/01/2026;4.289222222;-76.33808333;19/01/2026;19/01/2026 14:00;19/01/2026 22:00;19/01/2026;4.28922;-76.33808;19/01/2026;Open-Meteo Archive;16.9;15.7;19.5;7.9;8.4;;;;Dato obtenido por fallback Open-Meteo;Lluvioso;Sí;No
76°34'23.0''W;3°41'39.8''N;Cumbre;6:00:00;14:00:00;32PORRA;21/01/2026;3.694388889;-76.57305556;21/01/2026;21/01/2026 6:00;21/01/2026 14:00;21/01/2026;3.69439;-76.57306;21/01/2026;Meteostat Daily;25;21;31;14.9;9.1;1012.8;;;Dato diario obtenido correctamente;Lluvioso;Sí;No
76°34'23.0''W;3°41'39.8''N;Cumbre;14:00:00;22:00:00;32PORRA;21/01/2026;3.694388889;-76.57305556;21/01/2026;21/01/2026 14:00;21/01/2026 22:00;21/01/2026;3.69439;-76.57306;21/01/2026;Meteostat Daily;25;21;31;14.9;9.1;1012.8;;;Dato diario obtenido correctamente;Lluvioso;Sí;No
76°34'23.0''W;3°41'39.8''N;Cumbre;6:00:00;14:00:00;32PORRA;22/01/2026;3.694388889;-76.57305556;22/01/2026;22/01/2026 6:00;22/01/2026 14:00;22/01/2026;3.69439;-76.57306;22/01/2026;Meteostat Daily;21.8;20;24;35;7.4;1014.8;;;Dato diario obtenido correctamente;Lluvioso;Sí;No
76°34'23.0''W;3°41'39.8''N;Cumbre;6:00:00;14:00:00;32PORRA;22/01/2026;3.694388889;-76.57305556;22/01/2026;22/01/2026 6:00;22/01/2026 14:00;22/01/2026;3.69439;-76.57306;22/01/2026;Meteostat Daily;21.8;20;24;35;7.4;1014.8;;;Dato diario obtenido correctamente;Lluvioso;Sí;No
75°45'30.2''W;5°22'59.0''N;Guatica;14:00:00;22:00:00;12PALMA;16/01/2026;5.383055556;-75.75838889;16/01/2026;16/01/2026 14:00;16/01/2026 22:00;16/01/2026;5.38306;-75.75839;16/01/2026;Open-Meteo Archive;14.5;11.2;18.9;17.8;6.8;;;;Dato obtenido por fallback Open-Meteo;Lluvioso;Sí;No
75°45'30.2''W;5°22'59.0''N;Guatica;14:00:00;22:00:00;12PALMA;19/01/2026;5.383055556;-75.75838889;19/01/2026;19/01/2026 14:00;19/01/2026 22:00;19/01/2026;5.38306;-75.75839;19/01/2026;Open-Meteo Archive;15.4;12.7;19.6;4;7.4;;;;Dato obtenido por fallback Open-Meteo;Lluvioso;Sí;No
75°45'30.2''W;5°22'59.0''N;Guatica;22:00:00;6:00:00;12PALMA;19/01/2026;5.383055556;-75.75838889;19/01/2026;19/01/2026 22:00;20/01/2026 6:00;19/01/2026;5.38306;-75.75839;19/01/2026;Open-Meteo Archive;15.4;12.7;19.6;4;7.4;;;;Dato obtenido por fallback Open-Meteo;Lluvioso;Sí;No
75°45'30.2''W;5°22'59.0''N;Guatica;22:00:00;6:00:00;12PALMA;19/01/2026;5.383055556;-75.75838889;19/01/2026;19/01/2026 22:00;20/01/2026 6:00;19/01/2026;5.38306;-75.75839;19/01/2026;Open-Meteo Archive;15.4;12.7;19.6;4;7.4;;;;Dato obtenido por fallback Open-Meteo;Lluvioso;Sí;No
75°45'30.2''W;5°22'59.0''N;Guatica;6:00:00;14:00:00;12PALMA;19/01/2026;5.383055556;-75.75838889;19/01/2026;19/01/2026 6:00;19/01/2026 14:00;19/01/2026;5.38306;-75.75839;19/01/2026;Open-Meteo Archive;15.4;12.7;19.6;4;7.4;;;;Dato obtenido por fallback Open-Meteo;Lluvioso;Sí;No
75°45'30.2''W;5°22'59.0''N;Guatica;14:00:00;22:00:00;12PALMA;19/01/2026;5.383055556;-75.75838889;19/01/2026;19/01/2026 14:00;19/01/2026 22:00;19/01/2026;5.38306;-75.75839;19/01/2026;Open-Meteo Archive;15.4;12.7;19.6;4;7.4;;;;Dato obtenido por fallback Open-Meteo;Lluvioso;Sí;No
75°45'30.2''W;5°22'59.0''N;Guatica;14:00:00;22:00:00;12PALMA;19/01/2026;5.383055556;-75.75838889;19/01/2026;19/01/2026 14:00;19/01/2026 22:00;19/01/2026;5.38306;-75.75839;19/01/2026;Open-Meteo Archive;15.4;12.7;19.6;4;7.4;;;;Dato obtenido por fallback Open-Meteo;Lluvioso;Sí;No
75°45'30.2''W;5°22'59.0''N;Guatica;6:00:00;14:00:00;12PALMA;19/01/2026;5.383055556;-75.75838889;19/01/2026;19/01/2026 6:00;19/01/2026 14:00;19/01/2026;5.38306;-75.75839;19/01/2026;Open-Meteo Archive;15.4;12.7;19.6;4;7.4;;;;Dato obtenido por fallback Open-Meteo;Lluvioso;Sí;No
75°45'30.2''W;5°22'59.0''N;Guatica;14:00:00;22:00:00;12PALMA;19/01/2026;5.383055556;-75.75838889;19/01/2026;19/01/2026 14:00;19/01/2026 22:00;19/01/2026;5.38306;-75.75839;19/01/2026;Open-Meteo Archive;15.4;12.7;19.6;4;7.4;;;;Dato obtenido por fallback Open-Meteo;Lluvioso;Sí;No
75°45'30.2''W;5°22'59.0''N;Guatica;14:00:00;22:00:00;12PALMA;19/01/2026;5.383055556;-75.75838889;19/01/2026;19/01/2026 14:00;19/01/2026 22:00;19/01/2026;5.38306;-75.75839;19/01/2026;Open-Meteo Archive;15.4;12.7;19.6;4;7.4;;;;Dato obtenido por fallback Open-Meteo;Lluvioso;Sí;No
75°45'30.2''W;5°22'59.0''N;Guatica;6:00:00;14:00:00;12PALMA;19/01/2026;5.383055556;-75.75838889;19/01/2026;19/01/2026 6:00;19/01/2026 14:00;19/01/2026;5.38306;-75.75839;19/01/2026;Open-Meteo Archive;15.4;12.7;19.6;4;7.4;;;;Dato obtenido por fallback Open-Meteo;Lluvioso;Sí;No
75°45'30.2''W;5°22'59.0''N;Guatica;6:00:00;14:00:00;12PALMA;19/01/2026;5.383055556;-75.75838889;19/01/2026;19/01/2026 6:00;19/01/2026 14:00;19/01/2026;5.38306;-75.75839;19/01/2026;Open-Meteo Archive;15.4;12.7;19.6;4;7.4;;;;Dato obtenido por fallback Open-Meteo;Lluvioso;Sí;No
75°45'30.2''W;5°22'59.0''N;Guatica;14:00:00;22:00:00;12PALMA;19/01/2026;5.383055556;-75.75838889;19/01/2026;19/01/2026 14:00;19/01/2026 22:00;19/01/2026;5.38306;-75.75839;19/01/2026;Open-Meteo Archive;15.4;12.7;19.6;4;7.4;;;;Dato obtenido por fallback Open-Meteo;Lluvioso;Sí;No
75°45'30.2''W;5°22'59.0''N;Guatica;14:00:00;22:00:00;12PALMA;20/01/2026;5.383055556;-75.75838889;20/01/2026;20/01/2026 14:00;20/01/2026 22:00;20/01/2026;5.38306;-75.75839;20/01/2026;Open-Meteo Archive;15;12.8;20.7;9.2;8.7;;;;Dato obtenido por fallback Open-Meteo;Lluvioso;Sí;No
75°45'30.2''W;5°22'59.0''N;Guatica;14:00:00;22:00:00;12PALMA;20/01/2026;5.383055556;-75.75838889;20/01/2026;20/01/2026 14:00;20/01/2026 22:00;20/01/2026;5.38306;-75.75839;20/01/2026;Open-Meteo Archive;15;12.8;20.7;9.2;8.7;;;;Dato obtenido por fallback Open-Meteo;Lluvioso;Sí;No
75°45'30.2''W;5°22'59.0''N;Guatica;6:00:00;14:00:00;12PALMA;20/01/2026;5.383055556;-75.75838889;20/01/2026;20/01/2026 6:00;20/01/2026 14:00;20/01/2026;5.38306;-75.75839;20/01/2026;Open-Meteo Archive;15;12.8;20.7;9.2;8.7;;;;Dato obtenido por fallback Open-Meteo;Lluvioso;Sí;No
75°45'30.2''W;5°22'59.0''N;Guatica;6:00:00;14:00:00;12PALMA;21/01/2026;5.383055556;-75.75838889;21/01/2026;21/01/2026 6:00;21/01/2026 14:00;21/01/2026;5.38306;-75.75839;21/01/2026;Open-Meteo Archive;15.9;12.8;20.2;7.3;6.7;;;;Dato obtenido por fallback Open-Meteo;Lluvioso;Sí;No
75°45'30.2''W;5°22'59.0''N;Guatica;6:00:00;14:00:00;12PALMA;21/01/2026;5.383055556;-75.75838889;21/01/2026;21/01/2026 6:00;21/01/2026 14:00;21/01/2026;5.38306;-75.75839;21/01/2026;Open-Meteo Archive;15.9;12.8;20.2;7.3;6.7;;;;Dato obtenido por fallback Open-Meteo;Lluvioso;Sí;No
75°45'30.2''W;5°22'59.0''N;Guatica;14:00:00;22:00:00;12PALMA;21/01/2026;5.383055556;-75.75838889;21/01/2026;21/01/2026 14:00;21/01/2026 22:00;21/01/2026;5.38306;-75.75839;21/01/2026;Open-Meteo Archive;15.9;12.8;20.2;7.3;6.7;;;;Dato obtenido por fallback Open-Meteo;Lluvioso;Sí;No
75°45'30.2''W;5°22'59.0''N;Guatica;22:00:00;6:00:00;12PALMA;22/01/2026;5.383055556;-75.75838889;22/01/2026;22/01/2026 22:00;23/01/2026 6:00;22/01/2026;5.38306;-75.75839;22/01/2026;Open-Meteo Archive;14.6;12.9;17.6;11.4;5.4;;;;Dato obtenido por fallback Open-Meteo;Lluvioso;Sí;No
75°45'30.2''W;5°22'59.0''N;Guatica;14:00:00;22:00:00;12PALMA;22/01/2026;5.383055556;-75.75838889;22/01/2026;22/01/2026 14:00;22/01/2026 22:00;22/01/2026;5.38306;-75.75839;22/01/2026;Open-Meteo Archive;14.6;12.9;17.6;11.4;5.4;;;;Dato obtenido por fallback Open-Meteo;Lluvioso;Sí;No
75°45'30.2''W;5°22'59.0''N;Guatica;14:00:00;22:00:00;12PALMA;22/01/2026;5.383055556;-75.75838889;22/01/2026;22/01/2026 14:00;22/01/2026 22:00;22/01/2026;5.38306;-75.75839;22/01/2026;Open-Meteo Archive;14.6;12.9;17.6;11.4;5.4;;;;Dato obtenido por fallback Open-Meteo;Lluvioso;Sí;No
75°44'43.0''W;5°24'09.9''N;Riosucio;14:00:00;22:00:00;12ARGEN;22/01/2026;5.40275;-75.74527778;22/01/2026;22/01/2026 14:00;22/01/2026 22:00;22/01/2026;5.40275;-75.74528;22/01/2026;Open-Meteo Archive;13.9;12.3;17.1;15.1;6.6;;;;Dato obtenido por fallback Open-Meteo;Lluvioso;Sí;No
75°45'30.2''W;5°22'59.0''N;Guatica;14:00:00;22:00:00;12PALMA;22/01/2026;5.383055556;-75.75838889;22/01/2026;22/01/2026 14:00;22/01/2026 22:00;22/01/2026;5.38306;-75.75839;22/01/2026;Open-Meteo Archive;14.6;12.9;17.6;11.4;5.4;;;;Dato obtenido por fallback Open-Meteo;Lluvioso;Sí;No
75°45'30.2''W;5°22'59.0''N;Guatica;6:00:00;14:00:00;12PALMA;22/01/2026;5.383055556;-75.75838889;22/01/2026;22/01/2026 6:00;22/01/2026 14:00;22/01/2026;5.38306;-75.75839;22/01/2026;Open-Meteo Archive;14.6;12.9;17.6;11.4;5.4;;;;Dato obtenido por fallback Open-Meteo;Lluvioso;Sí;No
76°25'40.8''W;4°03'16.7''N;Riofrio;6:00:00;14:00:00;31ESMER;19/01/2026;4.054638889;-76.428;19/01/2026;19/01/2026 6:00;19/01/2026 14:00;19/01/2026;4.05464;-76.428;19/01/2026;Open-Meteo Archive;16.2;14.1;19.2;7.4;9.7;;;;Dato obtenido por fallback Open-Meteo;Lluvioso;Sí;No
76°25'40.8''W;4°03'16.7''N;Riofrio;14:00:00;22:00:00;31ESMER;19/01/2026;4.054638889;-76.428;19/01/2026;19/01/2026 14:00;19/01/2026 22:00;19/01/2026;4.05464;-76.428;19/01/2026;Open-Meteo Archive;16.2;14.1;19.2;7.4;9.7;;;;Dato obtenido por fallback Open-Meteo;Lluvioso;Sí;No
76°25'40.8''W;4°03'16.7''N;Riofrio;6:00:00;14:00:00;31ESMER;20/01/2026;4.054638889;-76.428;20/01/2026;20/01/2026 6:00;20/01/2026 14:00;20/01/2026;4.05464;-76.428;20/01/2026;Open-Meteo Archive;15.8;14.3;19;14.2;7.4;;;;Dato obtenido por fallback Open-Meteo;Lluvioso;Sí;No
76°25'40.8''W;4°03'16.7''N;Riofrio;14:00:00;22:00:00;31ESMER;20/01/2026;4.054638889;-76.428;20/01/2026;20/01/2026 14:00;20/01/2026 22:00;20/01/2026;4.05464;-76.428;20/01/2026;Open-Meteo Archive;15.8;14.3;19;14.2;7.4;;;;Dato obtenido por fallback Open-Meteo;Lluvioso;Sí;No
76°31'18.7''W;3°03'37.9''N;Santander_Quilichao;6:00:00;14:00:00;25QUIRA;21/01/2026;3.060527778;-76.52186111;21/01/2026;21/01/2026 6:00;21/01/2026 14:00;21/01/2026;3.06053;-76.52186;21/01/2026;Open-Meteo Archive;21.9;18;28.5;10.3;13.8;;;;Dato obtenido por fallback Open-Meteo;Lluvioso;Sí;No
76°31'18.7''W;3°03'37.9''N;Santander_Quilichao;14:00:00;22:00:00;25QUIRA;21/01/2026;3.060527778;-76.52186111;21/01/2026;21/01/2026 14:00;21/01/2026 22:00;21/01/2026;3.06053;-76.52186;21/01/2026;Open-Meteo Archive;21.9;18;28.5;10.3;13.8;;;;Dato obtenido por fallback Open-Meteo;Lluvioso;Sí;No
76°25'40.8''W;4°03'16.7''N;Riofrio;6:00:00;14:00:00;31ESMER;21/01/2026;4.054638889;-76.428;21/01/2026;21/01/2026 6:00;21/01/2026 14:00;21/01/2026;4.05464;-76.428;21/01/2026;Open-Meteo Archive;16.2;14;20.8;49.2;8.5;;;;Dato obtenido por fallback Open-Meteo;Lluvioso;Sí;No
76°25'40.8''W;4°03'16.7''N;Riofrio;14:00:00;22:00:00;31ESMER;21/01/2026;4.054638889;-76.428;21/01/2026;21/01/2026 14:00;21/01/2026 22:00;21/01/2026;4.05464;-76.428;21/01/2026;Open-Meteo Archive;16.2;14;20.8;49.2;8.5;;;;Dato obtenido por fallback Open-Meteo;Lluvioso;Sí;No
76°25'40.8''W;4°03'16.7''N;Riofrio;6:00:00;14:00:00;31ESMER;22/01/2026;4.054638889;-76.428;22/01/2026;22/01/2026 6:00;22/01/2026 14:00;22/01/2026;4.05464;-76.428;22/01/2026;Open-Meteo Archive;15;14.1;16.5;75.2;7.1;;;;Dato obtenido por fallback Open-Meteo;Lluvioso;Sí;No
76°25'40.8''W;4°03'16.7''N;Riofrio;14:00:00;22:00:00;31ESMER;22/01/2026;4.054638889;-76.428;22/01/2026;22/01/2026 14:00;22/01/2026 22:00;22/01/2026;4.05464;-76.428;22/01/2026;Open-Meteo Archive;15;14.1;16.5;75.2;7.1;;;;Dato obtenido por fallback Open-Meteo;Lluvioso;Sí;No
75°51'29.7''W;4°10'31.8''N;Sevilla;6:00:00;14:00:00;13CANAD;22/01/2026;4.1755;-75.85825;22/01/2026;22/01/2026 6:00;22/01/2026 14:00;22/01/2026;4.1755;-75.85825;22/01/2026;Open-Meteo Archive;15.2;13.8;17.4;5.9;6.2;;;;Dato obtenido por fallback Open-Meteo;Lluvioso;Sí;No
75°51'29.7''W;4°10'31.8''N;Sevilla;14:00:00;22:00:00;13CANAD;22/01/2026;4.1755;-75.85825;22/01/2026;22/01/2026 14:00;22/01/2026 22:00;22/01/2026;4.1755;-75.85825;22/01/2026;Open-Meteo Archive;15.2;13.8;17.4;5.9;6.2;;;;Dato obtenido por fallback Open-Meteo;Lluvioso;Sí;No
75°52'33.4''W;4°06'28.8''N;Sevilla;6:00:00;14:00:00;13SINAB;22/01/2026;4.108;-75.87594444;22/01/2026;22/01/2026 6:00;22/01/2026 14:00;22/01/2026;4.108;-75.87594;22/01/2026;Open-Meteo Archive;13.2;12;16.4;14.8;5.6;;;;Dato obtenido por fallback Open-Meteo;Lluvioso;Sí;No
75°52'33.4''W;4°06'28.8''N;Sevilla;14:00:00;22:00:00;13SINAB;22/01/2026;4.108;-75.87594444;22/01/2026;22/01/2026 14:00;22/01/2026 22:00;22/01/2026;4.108;-75.87594;22/01/2026;Open-Meteo Archive;13.2;12;16.4;14.8;5.6;;;;Dato obtenido por fallback Open-Meteo;Lluvioso;Sí;No
75°51'29.7''W;4°10'31.8''N;Sevilla;6:00:00;14:00:00;13CANAD;23/01/2026;4.1755;-75.85825;23/01/2026;23/01/2026 6:00;23/01/2026 14:00;23/01/2026;4.1755;-75.85825;23/01/2026;Open-Meteo Archive;15.4;11.7;19.4;1.1;8.7;;;;Dato obtenido por fallback Open-Meteo;Lluvioso;Sí;No
75°51'29.7''W;4°10'31.8''N;Sevilla;14:00:00;22:00:00;13CANAD;23/01/2026;4.1755;-75.85825;23/01/2026;23/01/2026 14:00;23/01/2026 22:00;23/01/2026;4.1755;-75.85825;23/01/2026;Open-Meteo Archive;15.4;11.7;19.4;1.1;8.7;;;;Dato obtenido por fallback Open-Meteo;Lluvioso;Sí;No
75°52'33.4''W;4°06'28.8''N;Sevilla;6:00:00;14:00:00;13SINAB;23/01/2026;4.108;-75.87594444;23/01/2026;23/01/2026 6:00;23/01/2026 14:00;23/01/2026;4.108;-75.87594;23/01/2026;Open-Meteo Archive;13.2;10.5;17.2;4.1;9.5;;;;Dato obtenido por fallback Open-Meteo;Lluvioso;Sí;No
75°52'33.4''W;4°06'28.8''N;Sevilla;14:00:00;22:00:00;13SINAB;23/01/2026;4.108;-75.87594444;23/01/2026;23/01/2026 14:00;23/01/2026 22:00;23/01/2026;4.108;-75.87594;23/01/2026;Open-Meteo Archive;13.2;10.5;17.2;4.1;9.5;;;;Dato obtenido por fallback Open-Meteo;Lluvioso;Sí;No
75°51'29.7''W;4°10'31.8''N;Sevilla;6:00:00;14:00:00;13CANAD;24/01/2026;4.1755;-75.85825;24/01/2026;24/01/2026 6:00;24/01/2026 14:00;24/01/2026;4.1755;-75.85825;24/01/2026;Open-Meteo Archive;16.1;14.1;20.4;9.7;8.1;;;;Dato obtenido por fallback Open-Meteo;Lluvioso;Sí;No
75°51'29.7''W;4°10'31.8''N;Sevilla;14:00:00;22:00:00;13CANAD;24/01/2026;4.1755;-75.85825;24/01/2026;24/01/2026 14:00;24/01/2026 22:00;24/01/2026;4.1755;-75.85825;24/01/2026;Open-Meteo Archive;16.1;14.1;20.4;9.7;8.1;;;;Dato obtenido por fallback Open-Meteo;Lluvioso;Sí;No
75°52'33.4''W;4°06'28.8''N;Sevilla;6:00:00;14:00:00;13SINAB;24/01/2026;4.108;-75.87594444;24/01/2026;24/01/2026 6:00;24/01/2026 14:00;24/01/2026;4.108;-75.87594;24/01/2026;Open-Meteo Archive;13.5;10.8;18.2;19;9.4;;;;Dato obtenido por fallback Open-Meteo;Lluvioso;Sí;No
75°52'33.4''W;4°06'28.8''N;Sevilla;14:00:00;22:00:00;13SINAB;24/01/2026;4.108;-75.87594444;24/01/2026;24/01/2026 14:00;24/01/2026 22:00;24/01/2026;4.108;-75.87594;24/01/2026;Open-Meteo Archive;13.5;10.8;18.2;19;9.4;;;;Dato obtenido por fallback Open-Meteo;Lluvioso;Sí;No
75°51'29.7''W;4°10'31.8''N;Sevilla;6:00:00;14:00:00;13CANAD;25/01/2026;4.1755;-75.85825;25/01/2026;25/01/2026 6:00;25/01/2026 14:00;25/01/2026;4.1755;-75.85825;25/01/2026;Open-Meteo Archive;15.7;14;18.2;24;7.1;;;;Dato obtenido por fallback Open-Meteo;Lluvioso;Sí;No
75°51'29.7''W;4°10'31.8''N;Sevilla;14:00:00;22:00:00;13CANAD;25/01/2026;4.1755;-75.85825;25/01/2026;25/01/2026 14:00;25/01/2026 22:00;25/01/2026;4.1755;-75.85825;25/01/2026;Open-Meteo Archive;15.7;14;18.2;24;7.1;;;;Dato obtenido por fallback Open-Meteo;Lluvioso;Sí;No
75°52'33.4''W;4°06'28.8''N;Sevilla;6:00:00;14:00:00;13SINAB;25/01/2026;4.108;-75.87594444;25/01/2026;25/01/2026 6:00;25/01/2026 14:00;25/01/2026;4.108;-75.87594;25/01/2026;Open-Meteo Archive;13.4;11.6;15.6;24.5;7.3;;;;Dato obtenido por fallback Open-Meteo;Lluvioso;Sí;No
75°52'33.4''W;4°06'28.8''N;Sevilla;14:00:00;22:00:00;13SINAB;25/01/2026;4.108;-75.87594444;25/01/2026;25/01/2026 14:00;25/01/2026 22:00;25/01/2026;4.108;-75.87594;25/01/2026;Open-Meteo Archive;13.4;11.6;15.6;24.5;7.3;;;;Dato obtenido por fallback Open-Meteo;Lluvioso;Sí;No
76°31'18.7''W;3°03'37.9''N;Santander_Quilichao;6:00:00;14:00:00;25QUIRA;22/01/2026;3.060527778;-76.52186111;22/01/2026;22/01/2026 6:00;22/01/2026 14:00;22/01/2026;3.06053;-76.52186;22/01/2026;Open-Meteo Archive;20.6;19;25.2;26.6;12.5;;;;Dato obtenido por fallback Open-Meteo;Lluvioso;Sí;No
76°31'18.7''W;3°03'37.9''N;Santander_Quilichao;14:00:00;22:00:00;25QUIRA;22/01/2026;3.060527778;-76.52186111;22/01/2026;22/01/2026 14:00;22/01/2026 22:00;22/01/2026;3.06053;-76.52186;22/01/2026;Open-Meteo Archive;20.6;19;25.2;26.6;12.5;;;;Dato obtenido por fallback Open-Meteo;Lluvioso;Sí;No
76°31'18.7''W;3°03'37.9''N;Santander_Quilichao;6:00:00;14:00:00;25QUIRA;23/01/2026;3.060527778;-76.52186111;23/01/2026;23/01/2026 6:00;23/01/2026 14:00;23/01/2026;3.06053;-76.52186;23/01/2026;Open-Meteo Archive;22;18.7;27.2;3.5;11.3;;;;Dato obtenido por fallback Open-Meteo;Lluvioso;Sí;No
76°31'18.7''W;3°03'37.9''N;Santander_Quilichao;14:00:00;22:00:00;25QUIRA;23/01/2026;3.060527778;-76.52186111;23/01/2026;23/01/2026 14:00;23/01/2026 22:00;23/01/2026;3.06053;-76.52186;23/01/2026;Open-Meteo Archive;22;18.7;27.2;3.5;11.3;;;;Dato obtenido por fallback Open-Meteo;Lluvioso;Sí;No
76°31'18.7''W;3°03'37.9''N;Santander_Quilichao;6:00:00;14:00:00;25QUIRA;24/01/2026;3.060527778;-76.52186111;24/01/2026;24/01/2026 6:00;24/01/2026 14:00;24/01/2026;3.06053;-76.52186;24/01/2026;Open-Meteo Archive;22;18.8;27.6;7.7;11.2;;;;Dato obtenido por fallback Open-Meteo;Lluvioso;Sí;No
76°31'18.7''W;3°03'37.9''N;Santander_Quilichao;14:00:00;22:00:00;25QUIRA;24/01/2026;3.060527778;-76.52186111;24/01/2026;24/01/2026 14:00;24/01/2026 22:00;24/01/2026;3.06053;-76.52186;24/01/2026;Open-Meteo Archive;22;18.8;27.6;7.7;11.2;;;;Dato obtenido por fallback Open-Meteo;Lluvioso;Sí;No
76°24'26.8''W;4°04'11.9''N;Riofrio;6:00:00;14:00:00;31GRACI;08/01/2026;4.069972222;-76.40744444;08/01/2026;08/01/2026 6:00;08/01/2026 14:00;08/01/2026;4.06997;-76.40744;08/01/2026;Open-Meteo Archive;16.3;14;19.9;7.5;10.3;;;;Dato obtenido por fallback Open-Meteo;Lluvioso;Sí;No
76°24'26.8''W;4°04'11.9''N;Riofrio;14:00:00;22:00:00;31GRACI;08/01/2026;4.069972222;-76.40744444;08/01/2026;08/01/2026 14:00;08/01/2026 22:00;08/01/2026;4.06997;-76.40744;08/01/2026;Open-Meteo Archive;16.3;14;19.9;7.5;10.3;;;;Dato obtenido por fallback Open-Meteo;Lluvioso;Sí;No
76°24'26.8''W;4°04'11.9''N;Riofrio;6:00:00;14:00:00;31GRACI;09/01/2026;4.069972222;-76.40744444;09/01/2026;09/01/2026 6:00;09/01/2026 14:00;09/01/2026;4.06997;-76.40744;09/01/2026;Open-Meteo Archive;16.1;14.1;19.9;68.6;8.2;;;;Dato obtenido por fallback Open-Meteo;Lluvioso;Sí;No
76°24'26.8''W;4°04'11.9''N;Riofrio;14:00:00;22:00:00;31GRACI;09/01/2026;4.069972222;-76.40744444;09/01/2026;09/01/2026 14:00;09/01/2026 22:00;09/01/2026;4.06997;-76.40744;09/01/2026;Open-Meteo Archive;16.1;14.1;19.9;68.6;8.2;;;;Dato obtenido por fallback Open-Meteo;Lluvioso;Sí;No
76°24'26.8''W;4°04'11.9''N;Riofrio;6:00:00;14:00:00;31GRACI;10/01/2026;4.069972222;-76.40744444;10/01/2026;10/01/2026 6:00;10/01/2026 14:00;10/01/2026;4.06997;-76.40744;10/01/2026;Open-Meteo Archive;15.8;14.7;17.6;71.8;7.1;;;;Dato obtenido por fallback Open-Meteo;Lluvioso;Sí;No
76°24'26.8''W;4°04'11.9''N;Riofrio;14:00:00;22:00:00;31GRACI;10/01/2026;4.069972222;-76.40744444;10/01/2026;10/01/2026 14:00;10/01/2026 22:00;10/01/2026;4.06997;-76.40744;10/01/2026;Open-Meteo Archive;15.8;14.7;17.6;71.8;7.1;;;;Dato obtenido por fallback Open-Meteo;Lluvioso;Sí;No
76°24'26.8''W;4°04'11.9''N;Riofrio;6:00:00;14:00:00;31GRACI;11/01/2026;4.069972222;-76.40744444;11/01/2026;11/01/2026 6:00;11/01/2026 14:00;11/01/2026;4.06997;-76.40744;11/01/2026;Open-Meteo Archive;15.6;14.5;17.2;82.1;6.4;;;;Dato obtenido por fallback Open-Meteo;Lluvioso;Sí;No
76°24'26.8''W;4°04'11.9''N;Riofrio;14:00:00;22:00:00;31GRACI;11/01/2026;4.069972222;-76.40744444;11/01/2026;11/01/2026 14:00;11/01/2026 22:00;11/01/2026;4.06997;-76.40744;11/01/2026;Open-Meteo Archive;15.6;14.5;17.2;82.1;6.4;;;;Dato obtenido por fallback Open-Meteo;Lluvioso;Sí;No
76°25'40.8''W;4°03'16.7''N;Riofrio;6:00:00;14:00:00;31ESMER;23/01/2026;4.054638889;-76.428;23/01/2026;23/01/2026 6:00;23/01/2026 14:00;23/01/2026;4.05464;-76.428;23/01/2026;Open-Meteo Archive;15.5;13.4;18.9;14.3;9.2;;;;Dato obtenido por fallback Open-Meteo;Lluvioso;Sí;No
76°25'40.8''W;4°03'16.7''N;Riofrio;14:00:00;22:00:00;31ESMER;23/01/2026;4.054638889;-76.428;23/01/2026;23/01/2026 14:00;23/01/2026 22:00;23/01/2026;4.05464;-76.428;23/01/2026;Open-Meteo Archive;15.5;13.4;18.9;14.3;9.2;;;;Dato obtenido por fallback Open-Meteo;Lluvioso;Sí;No
76°25'40.8''W;4°03'16.7''N;Riofrio;6:00:00;14:00:00;31ESMER;24/01/2026;4.054638889;-76.428;24/01/2026;24/01/2026 6:00;24/01/2026 14:00;24/01/2026;4.05464;-76.428;24/01/2026;Open-Meteo Archive;16.1;13.8;19.9;2.8;9.7;;;;Dato obtenido por fallback Open-Meteo;Lluvioso;Sí;No
76°25'40.8''W;4°03'16.7''N;Riofrio;14:00:00;22:00:00;31ESMER;24/01/2026;4.054638889;-76.428;24/01/2026;24/01/2026 14:00;24/01/2026 22:00;24/01/2026;4.05464;-76.428;24/01/2026;Open-Meteo Archive;16.1;13.8;19.9;2.8;9.7;;;;Dato obtenido por fallback Open-Meteo;Lluvioso;Sí;No
76°34'23.0''W;3°41'39.8''N;Cumbre;6:00:00;14:00:00;32PORRA;23/01/2026;3.694388889;-76.57305556;23/01/2026;23/01/2026 6:00;23/01/2026 14:00;23/01/2026;3.69439;-76.57306;23/01/2026;Meteostat Daily;23.2;19;29;0.5;7;1015.1;;;Dato diario obtenido correctamente;Lluvioso;Sí;No
76°34'23.0''W;3°41'39.8''N;Cumbre;14:00:00;22:00:00;32PORRA;23/01/2026;3.694388889;-76.57305556;23/01/2026;23/01/2026 14:00;23/01/2026 22:00;23/01/2026;3.69439;-76.57306;23/01/2026;Meteostat Daily;23.2;19;29;0.5;7;1015.1;;;Dato diario obtenido correctamente;Lluvioso;Sí;No
76°34'23.0''W;3°41'39.8''N;Cumbre;6:00:00;14:00:00;32PORRA;24/01/2026;3.694388889;-76.57305556;24/01/2026;24/01/2026 6:00;24/01/2026 14:00;24/01/2026;3.69439;-76.57306;24/01/2026;Meteostat Daily;24;19;31;3.1;7.2;1014.5;;;Dato diario obtenido correctamente;Lluvioso;Sí;No
76°28'57.7''W;3°51'56.4''N;Darien_Calima;6:00:00;14:00:00;34BRILL;24/01/2026;3.865666667;-76.48269444;24/01/2026;24/01/2026 6:00;24/01/2026 14:00;24/01/2026;3.86567;-76.48269;24/01/2026;Open-Meteo Archive;18.9;16.1;23.2;2.4;7.4;;;;Dato obtenido por fallback Open-Meteo;Lluvioso;Sí;No
76°28'57.7''W;3°51'56.4''N;Darien_Calima;6:00:00;14:00:00;34BRILL;24/01/2026;3.865666667;-76.48269444;24/01/2026;24/01/2026 6:00;24/01/2026 14:00;24/01/2026;3.86567;-76.48269;24/01/2026;Open-Meteo Archive;18.9;16.1;23.2;2.4;7.4;;;;Dato obtenido por fallback Open-Meteo;Lluvioso;Sí;No
76°34'23.0''W;3°41'39.8''N;Cumbre;14:00:00;22:00:00;32PORRA;25/01/2026;3.694388889;-76.57305556;25/01/2026;25/01/2026 14:00;25/01/2026 22:00;25/01/2026;3.69439;-76.57306;25/01/2026;Meteostat Daily;23.8;19;29;15.9;11.2;1015.5;;;Dato diario obtenido correctamente;Lluvioso;Sí;No
76°28'57.7''W;3°51'56.4''N;Darien_Calima;6:00:00;14:00:00;34BRILL;25/01/2026;3.865666667;-76.48269444;25/01/2026;25/01/2026 6:00;25/01/2026 14:00;25/01/2026;3.86567;-76.48269;25/01/2026;Open-Meteo Archive;18.3;16.2;21;20.4;6.9;;;;Dato obtenido por fallback Open-Meteo;Lluvioso;Sí;No
76°28'57.7''W;3°51'56.4''N;Darien_Calima;14:00:00;22:00:00;34BRILL;25/01/2026;3.865666667;-76.48269444;25/01/2026;25/01/2026 14:00;25/01/2026 22:00;25/01/2026;3.86567;-76.48269;25/01/2026;Open-Meteo Archive;18.3;16.2;21;20.4;6.9;;;;Dato obtenido por fallback Open-Meteo;Lluvioso;Sí;No
75°45'30.2''W;5°22'59.0''N;Guatica;14:00:00;22:00:00;12PALMA;24/01/2026;5.383055556;-75.75838889;24/01/2026;24/01/2026 14:00;24/01/2026 22:00;24/01/2026;5.38306;-75.75839;24/01/2026;Open-Meteo Archive;15.6;13.2;19.9;6.7;9.7;;;;Dato obtenido por fallback Open-Meteo;Lluvioso;Sí;No
75°44'43.0''W;5°24'09.9''N;Riosucio;6:00:00;14:00:00;12ARGEN;24/01/2026;5.40275;-75.74527778;24/01/2026;24/01/2026 6:00;24/01/2026 14:00;24/01/2026;5.40275;-75.74528;24/01/2026;Open-Meteo Archive;14.8;11.9;18.9;6.8;6.4;;;;Dato obtenido por fallback Open-Meteo;Lluvioso;Sí;No
75°44'43.0''W;5°24'09.9''N;Riosucio;6:00:00;14:00:00;12ARGEN;24/01/2026;5.40275;-75.74527778;24/01/2026;24/01/2026 6:00;24/01/2026 14:00;24/01/2026;5.40275;-75.74528;24/01/2026;Open-Meteo Archive;14.8;11.9;18.9;6.8;6.4;;;;Dato obtenido por fallback Open-Meteo;Lluvioso;Sí;No
75°44'43.0''W;5°24'09.9''N;Riosucio;6:00:00;14:00:00;12ARGEN;24/01/2026;5.40275;-75.74527778;24/01/2026;24/01/2026 6:00;24/01/2026 14:00;24/01/2026;5.40275;-75.74528;24/01/2026;Open-Meteo Archive;14.8;11.9;18.9;6.8;6.4;;;;Dato obtenido por fallback Open-Meteo;Lluvioso;Sí;No
75°44'43.0''W;5°24'09.9''N;Riosucio;6:00:00;14:00:00;12ARGEN;24/01/2026;5.40275;-75.74527778;24/01/2026;24/01/2026 6:00;24/01/2026 14:00;24/01/2026;5.40275;-75.74528;24/01/2026;Open-Meteo Archive;14.8;11.9;18.9;6.8;6.4;;;;Dato obtenido por fallback Open-Meteo;Lluvioso;Sí;No
75°44'43.0''W;5°24'09.9''N;Riosucio;6:00:00;14:00:00;12ARGEN;25/01/2026;5.40275;-75.74527778;25/01/2026;25/01/2026 6:00;25/01/2026 14:00;25/01/2026;5.40275;-75.74528;25/01/2026;Open-Meteo Archive;14.3;12.3;18;16.8;6.4;;;;Dato obtenido por fallback Open-Meteo;Lluvioso;Sí;No
75°44'43.0''W;5°24'09.9''N;Riosucio;14:00:00;22:00:00;12ARGEN;25/01/2026;5.40275;-75.74527778;25/01/2026;25/01/2026 14:00;25/01/2026 22:00;25/01/2026;5.40275;-75.74528;25/01/2026;Open-Meteo Archive;14.3;12.3;18;16.8;6.4;;;;Dato obtenido por fallback Open-Meteo;Lluvioso;Sí;No
75°44'43.0''W;5°24'09.9''N;Riosucio;14:00:00;22:00:00;12ARGEN;25/01/2026;5.40275;-75.74527778;25/01/2026;25/01/2026 14:00;25/01/2026 22:00;25/01/2026;5.40275;-75.74528;25/01/2026;Open-Meteo Archive;14.3;12.3;18;16.8;6.4;;;;Dato obtenido por fallback Open-Meteo;Lluvioso;Sí;No
75°44'43.0''W;5°24'09.9''N;Riosucio;6:00:00;14:00:00;12ARGEN;25/01/2026;5.40275;-75.74527778;25/01/2026;25/01/2026 6:00;25/01/2026 14:00;25/01/2026;5.40275;-75.74528;25/01/2026;Open-Meteo Archive;14.3;12.3;18;16.8;6.4;;;;Dato obtenido por fallback Open-Meteo;Lluvioso;Sí;No
76°29'25.4''W;3°50'31.0''N;Restrepo;6:00:00;14:00:00;34SUIZA;09/01/2026;3.841944444;-76.49038889;09/01/2026;09/01/2026 6:00;09/01/2026 14:00;09/01/2026;3.84194;-76.49039;09/01/2026;Meteostat Daily;23.8;20;30;14.6;9.6;1013.9;;;Dato diario obtenido correctamente;Lluvioso;Sí;No
76°29'25.4''W;3°50'31.0''N;Restrepo;14:00:00;22:00:00;34SUIZA;09/01/2026;3.841944444;-76.49038889;09/01/2026;09/01/2026 14:00;09/01/2026 22:00;09/01/2026;3.84194;-76.49039;09/01/2026;Meteostat Daily;23.8;20;30;14.6;9.6;1013.9;;;Dato diario obtenido correctamente;Lluvioso;Sí;No
76°29'25.4''W;3°50'31.0''N;Restrepo;22:00:00;6:00:00;34SUIZA;09/01/2026;3.841944444;-76.49038889;09/01/2026;09/01/2026 22:00;10/01/2026 6:00;09/01/2026;3.84194;-76.49039;09/01/2026;Meteostat Daily;23.8;20;30;14.6;9.6;1013.9;;;Dato diario obtenido correctamente;Lluvioso;Sí;No
76°29'25.4''W;3°50'31.0''N;Restrepo;6:00:00;14:00:00;34SUIZA;10/01/2026;3.841944444;-76.49038889;10/01/2026;10/01/2026 6:00;10/01/2026 14:00;10/01/2026;3.84194;-76.49039;10/01/2026;Meteostat Daily;23.3;20;29;15.3;9.9;1014.4;;;Dato diario obtenido correctamente;Lluvioso;Sí;No
76°29'25.4''W;3°50'31.0''N;Restrepo;14:00:00;22:00:00;34SUIZA;10/01/2026;3.841944444;-76.49038889;10/01/2026;10/01/2026 14:00;10/01/2026 22:00;10/01/2026;3.84194;-76.49039;10/01/2026;Meteostat Daily;23.3;20;29;15.3;9.9;1014.4;;;Dato diario obtenido correctamente;Lluvioso;Sí;No
76°29'25.4''W;3°50'31.0''N;Restrepo;6:00:00;14:00:00;34SUIZA;11/01/2026;3.841944444;-76.49038889;11/01/2026;11/01/2026 6:00;11/01/2026 14:00;11/01/2026;3.84194;-76.49039;11/01/2026;Meteostat Daily;22.2;20;28;15.6;7.8;1014.8;;;Dato diario obtenido correctamente;Lluvioso;Sí;No
76°29'25.4''W;3°50'31.0''N;Restrepo;14:00:00;22:00:00;34SUIZA;11/01/2026;3.841944444;-76.49038889;11/01/2026;11/01/2026 14:00;11/01/2026 22:00;11/01/2026;3.84194;-76.49039;11/01/2026;Meteostat Daily;22.2;20;28;15.6;7.8;1014.8;;;Dato diario obtenido correctamente;Lluvioso;Sí;No
76°29'25.4''W;3°50'31.0''N;Restrepo;6:00:00;14:00:00;34SUIZA;12/01/2026;3.841944444;-76.49038889;12/01/2026;12/01/2026 6:00;12/01/2026 14:00;12/01/2026;3.84194;-76.49039;12/01/2026;Meteostat Daily;21.7;19;28;19.5;6.3;1015.4;;;Dato diario obtenido correctamente;Lluvioso;Sí;No
76°29'25.4''W;3°50'31.0''N;Restrepo;6:00:00;14:00:00;34SUIZA;12/01/2026;3.841944444;-76.49038889;12/01/2026;12/01/2026 6:00;12/01/2026 14:00;12/01/2026;3.84194;-76.49039;12/01/2026;Meteostat Daily;21.7;19;28;19.5;6.3;1015.4;;;Dato diario obtenido correctamente;Lluvioso;Sí;No
76°28'57.7''W;3°51'56.4''N;Darien_Calima;6:00:00;14:00:00;34BRILL;13/01/2026;3.865666667;-76.48269444;13/01/2026;13/01/2026 6:00;13/01/2026 14:00;13/01/2026;3.86567;-76.48269;13/01/2026;Open-Meteo Archive;17.8;15.5;21.6;3.4;7.2;;;;Dato obtenido por fallback Open-Meteo;Lluvioso;Sí;No
76°28'57.7''W;3°51'56.4''N;Darien_Calima;14:00:00;22:00:00;34BRILL;13/01/2026;3.865666667;-76.48269444;13/01/2026;13/01/2026 14:00;13/01/2026 22:00;13/01/2026;3.86567;-76.48269;13/01/2026;Open-Meteo Archive;17.8;15.5;21.6;3.4;7.2;;;;Dato obtenido por fallback Open-Meteo;Lluvioso;Sí;No
76°28'57.7''W;3°51'56.4''N;Darien_Calima;14:00:00;22:00:00;34BRILL;14/01/2026;3.865666667;-76.48269444;14/01/2026;14/01/2026 14:00;14/01/2026 22:00;14/01/2026;3.86567;-76.48269;14/01/2026;Open-Meteo Archive;18.3;15.2;22.8;1.7;8.8;;;;Dato obtenido por fallback Open-Meteo;Lluvioso;Sí;No
75°44'43.0''W;5°24'09.9''N;Riosucio;14:00:00;22:00:00;12ARGEN;26/01/2026;5.40275;-75.74527778;26/01/2026;26/01/2026 14:00;26/01/2026 22:00;26/01/2026;5.40275;-75.74528;26/01/2026;Open-Meteo Archive;13.4;11.1;16.4;18.6;5.9;;;;Dato obtenido por fallback Open-Meteo;Lluvioso;Sí;No
76°25'40.8''W;4°03'16.7''N;Riofrio;14:00:00;22:00:00;31ESMER;25/01/2026;4.054638889;-76.428;25/01/2026;25/01/2026 14:00;25/01/2026 22:00;25/01/2026;4.05464;-76.428;25/01/2026;Open-Meteo Archive;15.3;14.1;17.1;51.7;5.4;;;;Dato obtenido por fallback Open-Meteo;Lluvioso;Sí;No
76°25'40.8''W;4°03'16.7''N;Riofrio;6:00:00;14:00:00;31ESMER;25/01/2026;4.054638889;-76.428;25/01/2026;25/01/2026 6:00;25/01/2026 14:00;25/01/2026;4.05464;-76.428;25/01/2026;Open-Meteo Archive;15.3;14.1;17.1;51.7;5.4;;;;Dato obtenido por fallback Open-Meteo;Lluvioso;Sí;No
75°52'33.4''W;4°06'28.8''N;Sevilla;14:00:00;22:00:00;13SINAB;25/01/2026;4.108;-75.87594444;25/01/2026;25/01/2026 14:00;25/01/2026 22:00;25/01/2026;4.108;-75.87594;25/01/2026;Open-Meteo Archive;13.4;11.6;15.6;24.5;7.3;;;;Dato obtenido por fallback Open-Meteo;Lluvioso;Sí;No
75°52'33.4''W;4°06'28.8''N;Sevilla;6:00:00;14:00:00;13SINAB;25/01/2026;4.108;-75.87594444;25/01/2026;25/01/2026 6:00;25/01/2026 14:00;25/01/2026;4.108;-75.87594;25/01/2026;Open-Meteo Archive;13.4;11.6;15.6;24.5;7.3;;;;Dato obtenido por fallback Open-Meteo;Lluvioso;Sí;No
75°51'29.7''W;4°10'31.8''N;Sevilla;6:00:00;14:00:00;13CANAD;25/01/2026;4.1755;-75.85825;25/01/2026;25/01/2026 6:00;25/01/2026 14:00;25/01/2026;4.1755;-75.85825;25/01/2026;Open-Meteo Archive;15.7;14;18.2;24;7.1;;;;Dato obtenido por fallback Open-Meteo;Lluvioso;Sí;No
75°51'29.7''W;4°10'31.8''N;Sevilla;14:00:00;22:00:00;13CANAD;25/01/2026;4.1755;-75.85825;25/01/2026;25/01/2026 14:00;25/01/2026 22:00;25/01/2026;4.1755;-75.85825;25/01/2026;Open-Meteo Archive;15.7;14;18.2;24;7.1;;;;Dato obtenido por fallback Open-Meteo;Lluvioso;Sí;No
76°34'23.0''W;3°41'39.8''N;Cumbre;6:00:00;14:00:00;32PORRA;25/01/2026;3.694388889;-76.57305556;25/01/2026;25/01/2026 6:00;25/01/2026 14:00;25/01/2026;3.69439;-76.57306;25/01/2026;Meteostat Daily;23.8;19;29;15.9;11.2;1015.5;;;Dato diario obtenido correctamente;Lluvioso;Sí;No
76°34'23.0''W;3°41'39.8''N;Cumbre;14:00:00;22:00:00;32PORRA;25/01/2026;3.694388889;-76.57305556;25/01/2026;25/01/2026 14:00;25/01/2026 22:00;25/01/2026;3.69439;-76.57306;25/01/2026;Meteostat Daily;23.8;19;29;15.9;11.2;1015.5;;;Dato diario obtenido correctamente;Lluvioso;Sí;No
76°34'23.0''W;3°41'39.8''N;Cumbre;6:00:00;14:00:00;32PORRA;26/01/2026;3.694388889;-76.57305556;26/01/2026;26/01/2026 6:00;26/01/2026 14:00;26/01/2026;3.69439;-76.57306;26/01/2026;Meteostat Daily;22.3;20;29;14.7;7.9;1017.1;;;Dato diario obtenido correctamente;Lluvioso;Sí;No
76°34'23.0''W;3°41'39.8''N;Cumbre;14:00:00;22:00:00;32PORRA;26/01/2026;3.694388889;-76.57305556;26/01/2026;26/01/2026 14:00;26/01/2026 22:00;26/01/2026;3.69439;-76.57306;26/01/2026;Meteostat Daily;22.3;20;29;14.7;7.9;1017.1;;;Dato diario obtenido correctamente;Lluvioso;Sí;No
76°16'33.7''W;4°26'45.6''N;Bolivar;6:00:00;14:00:00;35CRIST;27/01/2026;4.446;-76.27602778;27/01/2026;27/01/2026 6:00;27/01/2026 14:00;27/01/2026;4.446;-76.27603;27/01/2026;Open-Meteo Archive;14.6;12.9;17.6;10.3;10.2;;;;Dato obtenido por fallback Open-Meteo;Lluvioso;Sí;No
76°20'17.1''W;4°17'21.2''N;Bolivar;6:00:00;14:00:00;35ALEXA;27/01/2026;4.289222222;-76.33808333;27/01/2026;27/01/2026 6:00;27/01/2026 14:00;27/01/2026;4.28922;-76.33808;27/01/2026;Open-Meteo Archive;15.6;14.2;17.8;11.1;9.9;;;;Dato obtenido por fallback Open-Meteo;Lluvioso;Sí;No
76°31'18.7''W;3°03'37.9''N;Santander_Quilichao;6:00:00;14:00:00;25QUIRA;25/01/2026;3.060527778;-76.52186111;25/01/2026;25/01/2026 6:00;25/01/2026 14:00;25/01/2026;3.06053;-76.52186;25/01/2026;Open-Meteo Archive;21.8;18.6;28;29.7;12.2;;;;Dato obtenido por fallback Open-Meteo;Lluvioso;Sí;No
76°31'18.7''W;3°03'37.9''N;Santander_Quilichao;14:00:00;22:00:00;25QUIRA;25/01/2026;3.060527778;-76.52186111;25/01/2026;25/01/2026 14:00;25/01/2026 22:00;25/01/2026;3.06053;-76.52186;25/01/2026;Open-Meteo Archive;21.8;18.6;28;29.7;12.2;;;;Dato obtenido por fallback Open-Meteo;Lluvioso;Sí;No
76°25'40.8''W;4°03'16.7''N;Riofrio;14:00:00;22:00:00;31ESMER;26/01/2026;4.054638889;-76.428;26/01/2026;26/01/2026 14:00;26/01/2026 22:00;26/01/2026;4.05464;-76.428;26/01/2026;Open-Meteo Archive;15.1;13.8;16.8;31.8;6.6;;;;Dato obtenido por fallback Open-Meteo;Lluvioso;Sí;No
76°28'57.7''W;3°51'56.4''N;Darien_Calima;6:00:00;14:00:00;34BRILL;26/01/2026;3.865666667;-76.48269444;26/01/2026;26/01/2026 6:00;26/01/2026 14:00;26/01/2026;3.86567;-76.48269;26/01/2026;Open-Meteo Archive;17.9;16.1;21.1;22.4;4.7;;;;Dato obtenido por fallback Open-Meteo;Lluvioso;Sí;No
76°31'18.7''W;3°03'37.9''N;Santander_Quilichao;6:00:00;14:00:00;25QUIRA;26/01/2026;3.060527778;-76.52186111;26/01/2026;26/01/2026 6:00;26/01/2026 14:00;26/01/2026;3.06053;-76.52186;26/01/2026;Open-Meteo Archive;21.5;18.9;27.6;26.2;12.9;;;;Dato obtenido por fallback Open-Meteo;Lluvioso;Sí;No
76°31'18.7''W;3°03'37.9''N;Santander_Quilichao;14:00:00;22:00:00;25QUIRA;26/01/2026;3.060527778;-76.52186111;26/01/2026;26/01/2026 14:00;26/01/2026 22:00;26/01/2026;3.06053;-76.52186;26/01/2026;Open-Meteo Archive;21.5;18.9;27.6;26.2;12.9;;;;Dato obtenido por fallback Open-Meteo;Lluvioso;Sí;No
75°51'29.7''W;4°10'31.8''N;Sevilla;6:00:00;14:00:00;13CANAD;26/01/2026;4.1755;-75.85825;26/01/2026;26/01/2026 6:00;26/01/2026 14:00;26/01/2026;4.1755;-75.85825;26/01/2026;Open-Meteo Archive;15.4;13.8;18;26.3;6.9;;;;Dato obtenido por fallback Open-Meteo;Lluvioso;Sí;No
75°50'28.7''W;4°10'32.5''N;Sevilla;14:00:00;22:00:00;13INDOS;26/01/2026;4.175694444;-75.84130556;26/01/2026;26/01/2026 14:00;26/01/2026 22:00;26/01/2026;4.17569;-75.84131;26/01/2026;Open-Meteo Archive;17.3;15.7;20.1;13;5.5;;;;Dato obtenido por fallback Open-Meteo;Lluvioso;Sí;No
75°52'33.4''W;4°06'28.8''N;Sevilla;6:00:00;14:00:00;13SINAB;26/01/2026;4.108;-75.87594444;26/01/2026;26/01/2026 6:00;26/01/2026 14:00;26/01/2026;4.108;-75.87594;26/01/2026;Open-Meteo Archive;13.4;11.8;16.5;32.5;7.4;;;;Dato obtenido por fallback Open-Meteo;Lluvioso;Sí;No
75°52'33.4''W;4°06'28.8''N;Sevilla;14:00:00;22:00:00;13SINAB;26/01/2026;4.108;-75.87594444;26/01/2026;26/01/2026 14:00;26/01/2026 22:00;26/01/2026;4.108;-75.87594;26/01/2026;Open-Meteo Archive;13.4;11.8;16.5;32.5;7.4;;;;Dato obtenido por fallback Open-Meteo;Lluvioso;Sí;No
76°28'57.7''W;3°51'56.4''N;Darien_Calima;14:00:00;22:00:00;34BRILL;26/01/2026;3.865666667;-76.48269444;26/01/2026;26/01/2026 14:00;26/01/2026 22:00;26/01/2026;3.86567;-76.48269;26/01/2026;Open-Meteo Archive;17.9;16.1;21.1;22.4;4.7;;;;Dato obtenido por fallback Open-Meteo;Lluvioso;Sí;No
76°25'40.8''W;4°03'16.7''N;Riofrio;6:00:00;14:00:00;31ESMER;27/01/2026;4.054638889;-76.428;27/01/2026;27/01/2026 6:00;27/01/2026 14:00;27/01/2026;4.05464;-76.428;27/01/2026;Open-Meteo Archive;14.9;13.7;16.5;62.2;8.4;;;;Dato obtenido por fallback Open-Meteo;Lluvioso;Sí;No
76°25'40.8''W;4°03'16.7''N;Riofrio;14:00:00;22:00:00;31ESMER;27/01/2026;4.054638889;-76.428;27/01/2026;27/01/2026 14:00;27/01/2026 22:00;27/01/2026;4.05464;-76.428;27/01/2026;Open-Meteo Archive;14.9;13.7;16.5;62.2;8.4;;;;Dato obtenido por fallback Open-Meteo;Lluvioso;Sí;No
75°52'33.4''W;4°06'28.8''N;Sevilla;6:00:00;14:00:00;13SINAB;27/01/2026;4.108;-75.87594444;27/01/2026;27/01/2026 6:00;27/01/2026 14:00;27/01/2026;4.108;-75.87594;27/01/2026;Open-Meteo Archive;13.2;11.1;16.8;26.3;12.2;;;;Dato obtenido por fallback Open-Meteo;Lluvioso;Sí;No
75°50'28.7''W;4°10'32.5''N;Sevilla;14:00:00;22:00:00;13INDOS;27/01/2026;4.175694444;-75.84130556;27/01/2026;27/01/2026 14:00;27/01/2026 22:00;27/01/2026;4.17569;-75.84131;27/01/2026;Open-Meteo Archive;17.2;14.9;20.5;24;9.6;;;;Dato obtenido por fallback Open-Meteo;Lluvioso;Sí;No
75°50'28.7''W;4°10'32.5''N;Sevilla;14:00:00;22:00:00;13INDOS;27/01/2026;4.175694444;-75.84130556;27/01/2026;27/01/2026 14:00;27/01/2026 22:00;27/01/2026;4.17569;-75.84131;27/01/2026;Open-Meteo Archive;17.2;14.9;20.5;24;9.6;;;;Dato obtenido por fallback Open-Meteo;Lluvioso;Sí;No
76°29'55.3''W;3°51'37.6''N;Restrepo;14:00:00;22:00:00;34ESTRE;27/01/2026;3.860444444;-76.49869444;27/01/2026;27/01/2026 14:00;27/01/2026 22:00;27/01/2026;3.86044;-76.49869;27/01/2026;Open-Meteo Archive;18.6;16.6;21.9;30.4;10.6;;;;Dato obtenido por fallback Open-Meteo;Lluvioso;Sí;No
76°31'18.7''W;3°03'37.9''N;Santander_Quilichao;6:00:00;14:00:00;25QUIRA;27/01/2026;3.060527778;-76.52186111;27/01/2026;27/01/2026 6:00;27/01/2026 14:00;27/01/2026;3.06053;-76.52186;27/01/2026;Open-Meteo Archive;21.1;18.6;26.3;15.7;9.8;;;;Dato obtenido por fallback Open-Meteo;Lluvioso;Sí;No
76°29'55.3''W;3°51'37.6''N;Restrepo;6:00:00;14:00:00;34ESTRE;27/01/2026;3.860444444;-76.49869444;27/01/2026;27/01/2026 6:00;27/01/2026 14:00;27/01/2026;3.86044;-76.49869;27/01/2026;Open-Meteo Archive;18.6;16.6;21.9;30.4;10.6;;;;Dato obtenido por fallback Open-Meteo;Lluvioso;Sí;No
75°52'33.4''W;4°06'28.8''N;Sevilla;14:00:00;22:00:00;13SINAB;28/01/2026;4.108;-75.87594444;28/01/2026;28/01/2026 14:00;28/01/2026 22:00;28/01/2026;4.108;-75.87594;28/01/2026;Open-Meteo Archive;13.6;11.7;17.1;13.1;8.5;;;;Dato obtenido por fallback Open-Meteo;Lluvioso;Sí;No
75°44'43.0''W;5°24'09.9''N;Riosucio;6:00:00;14:00:00;12ARGEN;26/01/2026;5.40275;-75.74527778;26/01/2026;26/01/2026 6:00;26/01/2026 14:00;26/01/2026;5.40275;-75.74528;26/01/2026;Open-Meteo Archive;13.4;11.1;16.4;18.6;5.9;;;;Dato obtenido por fallback Open-Meteo;Lluvioso;Sí;No
75°44'43.0''W;5°24'09.9''N;Riosucio;6:00:00;14:00:00;12ARGEN;26/01/2026;5.40275;-75.74527778;26/01/2026;26/01/2026 6:00;26/01/2026 14:00;26/01/2026;5.40275;-75.74528;26/01/2026;Open-Meteo Archive;13.4;11.1;16.4;18.6;5.9;;;;Dato obtenido por fallback Open-Meteo;Lluvioso;Sí;No
75°44'43.0''W;5°24'09.9''N;Riosucio;22:00:00;6:00:00;12ARGEN;27/01/2026;5.40275;-75.74527778;27/01/2026;27/01/2026 22:00;28/01/2026 6:00;27/01/2026;5.40275;-75.74528;27/01/2026;Open-Meteo Archive;13.6;11.4;18.2;3.3;4.7;;;;Dato obtenido por fallback Open-Meteo;Lluvioso;Sí;No
75°44'43.0''W;5°24'09.9''N;Riosucio;14:00:00;22:00:00;12ARGEN;27/01/2026;5.40275;-75.74527778;27/01/2026;27/01/2026 14:00;27/01/2026 22:00;27/01/2026;5.40275;-75.74528;27/01/2026;Open-Meteo Archive;13.6;11.4;18.2;3.3;4.7;;;;Dato obtenido por fallback Open-Meteo;Lluvioso;Sí;No
75°44'43.0''W;5°24'09.9''N;Riosucio;6:00:00;14:00:00;12ARGEN;27/01/2026;5.40275;-75.74527778;27/01/2026;27/01/2026 6:00;27/01/2026 14:00;27/01/2026;5.40275;-75.74528;27/01/2026;Open-Meteo Archive;13.6;11.4;18.2;3.3;4.7;;;;Dato obtenido por fallback Open-Meteo;Lluvioso;Sí;No
75°44'43.0''W;5°24'09.9''N;Riosucio;14:00:00;22:00:00;12ARGEN;27/01/2026;5.40275;-75.74527778;27/01/2026;27/01/2026 14:00;27/01/2026 22:00;27/01/2026;5.40275;-75.74528;27/01/2026;Open-Meteo Archive;13.6;11.4;18.2;3.3;4.7;;;;Dato obtenido por fallback Open-Meteo;Lluvioso;Sí;No
75°44'43.0''W;5°24'09.9''N;Riosucio;6:00:00;14:00:00;12ARGEN;27/01/2026;5.40275;-75.74527778;27/01/2026;27/01/2026 6:00;27/01/2026 14:00;27/01/2026;5.40275;-75.74528;27/01/2026;Open-Meteo Archive;13.6;11.4;18.2;3.3;4.7;;;;Dato obtenido por fallback Open-Meteo;Lluvioso;Sí;No
75°44'43.0''W;5°24'09.9''N;Riosucio;22:00:00;6:00:00;12ARGEN;28/01/2026;5.40275;-75.74527778;28/01/2026;28/01/2026 22:00;29/01/2026 6:00;28/01/2026;5.40275;-75.74528;28/01/2026;Open-Meteo Archive;14;11.3;17.8;1.5;6.5;;;;Dato obtenido por fallback Open-Meteo;Lluvioso;Sí;No
75°44'43.0''W;5°24'09.9''N;Riosucio;22:00:00;6:00:00;12ARGEN;28/01/2026;5.40275;-75.74527778;28/01/2026;28/01/2026 22:00;29/01/2026 6:00;28/01/2026;5.40275;-75.74528;28/01/2026;Open-Meteo Archive;14;11.3;17.8;1.5;6.5;;;;Dato obtenido por fallback Open-Meteo;Lluvioso;Sí;No
75°44'43.0''W;5°24'09.9''N;Riosucio;6:00:00;14:00:00;12ARGEN;28/01/2026;5.40275;-75.74527778;28/01/2026;28/01/2026 6:00;28/01/2026 14:00;28/01/2026;5.40275;-75.74528;28/01/2026;Open-Meteo Archive;14;11.3;17.8;1.5;6.5;;;;Dato obtenido por fallback Open-Meteo;Lluvioso;Sí;No
76°34'23.0''W;3°41'39.8''N;Cumbre;6:00:00;14:00:00;32PORRA;27/01/2026;3.694388889;-76.57305556;27/01/2026;27/01/2026 6:00;27/01/2026 14:00;27/01/2026;3.69439;-76.57306;27/01/2026;Meteostat Daily;22;20;26;21.6;6.1;1017.1;;;Dato diario obtenido correctamente;Lluvioso;Sí;No
76°34'23.0''W;3°41'39.8''N;Cumbre;14:00:00;22:00:00;32PORRA;27/01/2026;3.694388889;-76.57305556;27/01/2026;27/01/2026 14:00;27/01/2026 22:00;27/01/2026;3.69439;-76.57306;27/01/2026;Meteostat Daily;22;20;26;21.6;6.1;1017.1;;;Dato diario obtenido correctamente;Lluvioso;Sí;No
76°34'23.0''W;3°41'39.8''N;Cumbre;6:00:00;14:00:00;32PORRA;28/01/2026;3.694388889;-76.57305556;28/01/2026;28/01/2026 6:00;28/01/2026 14:00;28/01/2026;3.69439;-76.57306;28/01/2026;Meteostat Daily;23.4;20;29;2.4;6.9;1016;;;Dato diario obtenido correctamente;Lluvioso;Sí;No
76°34'23.0''W;3°41'39.8''N;Cumbre;14:00:00;22:00:00;32PORRA;28/01/2026;3.694388889;-76.57305556;28/01/2026;28/01/2026 14:00;28/01/2026 22:00;28/01/2026;3.69439;-76.57306;28/01/2026;Meteostat Daily;23.4;20;29;2.4;6.9;1016;;;Dato diario obtenido correctamente;Lluvioso;Sí;No
75°44'43.0''W;5°24'09.9''N;Riosucio;6:00:00;14:00:00;12ARGEN;29/01/2026;5.40275;-75.74527778;29/01/2026;29/01/2026 6:00;29/01/2026 14:00;29/01/2026;5.40275;-75.74528;29/01/2026;Open-Meteo Archive;14;11.6;17.5;7;6.8;;;;Dato obtenido por fallback Open-Meteo;Lluvioso;Sí;No
76°29'55.3''W;3°51'37.6''N;Restrepo;14:00:00;22:00:00;34ESTRE;28/01/2026;3.860444444;-76.49869444;28/01/2026;28/01/2026 14:00;28/01/2026 22:00;28/01/2026;3.86044;-76.49869;28/01/2026;Open-Meteo Archive;19.1;16.6;23.4;4.9;5.1;;;;Dato obtenido por fallback Open-Meteo;Lluvioso;Sí;No
76°29'55.3''W;3°51'37.6''N;Restrepo;6:00:00;14:00:00;34ESTRE;28/01/2026;3.860444444;-76.49869444;28/01/2026;28/01/2026 6:00;28/01/2026 14:00;28/01/2026;3.86044;-76.49869;28/01/2026;Open-Meteo Archive;19.1;16.6;23.4;4.9;5.1;;;;Dato obtenido por fallback Open-Meteo;Lluvioso;Sí;No
75°52'33.4''W;4°06'28.8''N;Sevilla;14:00:00;22:00:00;13SINAB;28/01/2026;4.108;-75.87594444;28/01/2026;28/01/2026 14:00;28/01/2026 22:00;28/01/2026;4.108;-75.87594;28/01/2026;Open-Meteo Archive;13.6;11.7;17.1;13.1;8.5;;;;Dato obtenido por fallback Open-Meteo;Lluvioso;Sí;No
75°50'28.7''W;4°10'32.5''N;Sevilla;6:00:00;14:00:00;13INDOS;28/01/2026;4.175694444;-75.84130556;28/01/2026;28/01/2026 6:00;28/01/2026 14:00;28/01/2026;4.17569;-75.84131;28/01/2026;Open-Meteo Archive;17.6;15.2;21.8;12.7;6.5;;;;Dato obtenido por fallback Open-Meteo;Lluvioso;Sí;No
75°52'33.4''W;4°06'28.8''N;Sevilla;6:00:00;14:00:00;13SINAB;28/01/2026;4.108;-75.87594444;28/01/2026;28/01/2026 6:00;28/01/2026 14:00;28/01/2026;4.108;-75.87594;28/01/2026;Open-Meteo Archive;13.6;11.7;17.1;13.1;8.5;;;;Dato obtenido por fallback Open-Meteo;Lluvioso;Sí;No
75°50'28.7''W;4°10'32.5''N;Sevilla;14:00:00;22:00:00;13INDOS;28/01/2026;4.175694444;-75.84130556;28/01/2026;28/01/2026 14:00;28/01/2026 22:00;28/01/2026;4.17569;-75.84131;28/01/2026;Open-Meteo Archive;17.6;15.2;21.8;12.7;6.5;;;;Dato obtenido por fallback Open-Meteo;Lluvioso;Sí;No
76°31'18.7''W;3°03'37.9''N;Santander_Quilichao;14:00:00;22:00:00;25QUIRA;27/01/2026;3.060527778;-76.52186111;27/01/2026;27/01/2026 14:00;27/01/2026 22:00;27/01/2026;3.06053;-76.52186;27/01/2026;Open-Meteo Archive;21.1;18.6;26.3;15.7;9.8;;;;Dato obtenido por fallback Open-Meteo;Lluvioso;Sí;No
76°31'18.7''W;3°03'37.9''N;Santander_Quilichao;6:00:00;14:00:00;25QUIRA;28/01/2026;3.060527778;-76.52186111;28/01/2026;28/01/2026 6:00;28/01/2026 14:00;28/01/2026;3.06053;-76.52186;28/01/2026;Open-Meteo Archive;21.6;18.1;26.1;3.6;11.2;;;;Dato obtenido por fallback Open-Meteo;Lluvioso;Sí;No
76°31'18.7''W;3°03'37.9''N;Santander_Quilichao;14:00:00;22:00:00;25QUIRA;28/01/2026;3.060527778;-76.52186111;28/01/2026;28/01/2026 14:00;28/01/2026 22:00;28/01/2026;3.06053;-76.52186;28/01/2026;Open-Meteo Archive;21.6;18.1;26.1;3.6;11.2;;;;Dato obtenido por fallback Open-Meteo;Lluvioso;Sí;No
76°28'57.7''W;3°51'56.4''N;Darien_Calima;6:00:00;14:00:00;34BRILL;19/01/2026;3.865666667;-76.48269444;19/01/2026;19/01/2026 6:00;19/01/2026 14:00;19/01/2026;3.86567;-76.48269;19/01/2026;Open-Meteo Archive;18.9;16.2;22.3;1;9.6;;;;Dato obtenido por fallback Open-Meteo;Lluvioso;Sí;No
76°28'57.7''W;3°51'56.4''N;Darien_Calima;14:00:00;22:00:00;34BRILL;19/01/2026;3.865666667;-76.48269444;19/01/2026;19/01/2026 14:00;19/01/2026 22:00;19/01/2026;3.86567;-76.48269;19/01/2026;Open-Meteo Archive;18.9;16.2;22.3;1;9.6;;;;Dato obtenido por fallback Open-Meteo;Lluvioso;Sí;No
76°28'57.7''W;3°51'56.4''N;Darien_Calima;6:00:00;14:00:00;34BRILL;20/01/2026;3.865666667;-76.48269444;20/01/2026;20/01/2026 6:00;20/01/2026 14:00;20/01/2026;3.86567;-76.48269;20/01/2026;Open-Meteo Archive;18.8;16.7;22;9;7;;;;Dato obtenido por fallback Open-Meteo;Lluvioso;Sí;No
76°28'57.7''W;3°51'56.4''N;Darien_Calima;14:00:00;22:00:00;34BRILL;20/01/2026;3.865666667;-76.48269444;20/01/2026;20/01/2026 14:00;20/01/2026 22:00;20/01/2026;3.86567;-76.48269;20/01/2026;Open-Meteo Archive;18.8;16.7;22;9;7;;;;Dato obtenido por fallback Open-Meteo;Lluvioso;Sí;No
76°28'57.7''W;3°51'56.4''N;Darien_Calima;6:00:00;14:00:00;34BRILL;21/01/2026;3.865666667;-76.48269444;21/01/2026;21/01/2026 6:00;21/01/2026 14:00;21/01/2026;3.86567;-76.48269;21/01/2026;Open-Meteo Archive;19.3;16.6;23.7;65.5;4.9;;;;Dato obtenido por fallback Open-Meteo;Lluvioso;Sí;No
76°28'57.7''W;3°51'56.4''N;Darien_Calima;14:00:00;22:00:00;34BRILL;21/01/2026;3.865666667;-76.48269444;21/01/2026;21/01/2026 14:00;21/01/2026 22:00;21/01/2026;3.86567;-76.48269;21/01/2026;Open-Meteo Archive;19.3;16.6;23.7;65.5;4.9;;;;Dato obtenido por fallback Open-Meteo;Lluvioso;Sí;No
76°28'57.7''W;3°51'56.4''N;Darien_Calima;6:00:00;14:00:00;34BRILL;22/01/2026;3.865666667;-76.48269444;22/01/2026;22/01/2026 6:00;22/01/2026 14:00;22/01/2026;3.86567;-76.48269;22/01/2026;Open-Meteo Archive;17.9;16.7;20.1;31.2;10.5;;;;Dato obtenido por fallback Open-Meteo;Lluvioso;Sí;No
76°28'57.7''W;3°51'56.4''N;Darien_Calima;14:00:00;22:00:00;34BRILL;22/01/2026;3.865666667;-76.48269444;22/01/2026;22/01/2026 14:00;22/01/2026 22:00;22/01/2026;3.86567;-76.48269;22/01/2026;Open-Meteo Archive;17.9;16.7;20.1;31.2;10.5;;;;Dato obtenido por fallback Open-Meteo;Lluvioso;Sí;No
76°28'57.7''W;3°51'56.4''N;Darien_Calima;6:00:00;14:00:00;34BRILL;23/01/2026;3.865666667;-76.48269444;23/01/2026;23/01/2026 6:00;23/01/2026 14:00;23/01/2026;3.86567;-76.48269;23/01/2026;Open-Meteo Archive;18.7;16;22.7;3.4;7.2;;;;Dato obtenido por fallback Open-Meteo;Lluvioso;Sí;No
76°28'57.7''W;3°51'56.4''N;Darien_Calima;14:00:00;22:00:00;34BRILL;23/01/2026;3.865666667;-76.48269444;23/01/2026;23/01/2026 14:00;23/01/2026 22:00;23/01/2026;3.86567;-76.48269;23/01/2026;Open-Meteo Archive;18.7;16;22.7;3.4;7.2;;;;Dato obtenido por fallback Open-Meteo;Lluvioso;Sí;No
76°25'07.7''W;4°03'46.6''N;Riofrio;6:00:00;14:00:00;31ALASK;28/01/2026;4.062944444;-76.41880556;28/01/2026;28/01/2026 6:00;28/01/2026 14:00;28/01/2026;4.06294;-76.41881;28/01/2026;Open-Meteo Archive;15.3;13.7;17.9;27.1;4.5;;;;Dato obtenido por fallback Open-Meteo;Lluvioso;Sí;No
76°25'07.7''W;4°03'46.6''N;Riofrio;14:00:00;22:00:00;31ALASK;28/01/2026;4.062944444;-76.41880556;28/01/2026;28/01/2026 14:00;28/01/2026 22:00;28/01/2026;4.06294;-76.41881;28/01/2026;Open-Meteo Archive;15.3;13.7;17.9;27.1;4.5;;;;Dato obtenido por fallback Open-Meteo;Lluvioso;Sí;No
76°25'07.7''W;4°03'46.6''N;Riofrio;6:00:00;14:00:00;31ALASK;29/01/2026;4.062944444;-76.41880556;29/01/2026;29/01/2026 6:00;29/01/2026 14:00;29/01/2026;4.06294;-76.41881;29/01/2026;Open-Meteo Archive;15.2;13.9;17.5;52.5;5.9;;;;Dato obtenido por fallback Open-Meteo;Lluvioso;Sí;No
76°25'07.7''W;4°03'46.6''N;Riofrio;14:00:00;22:00:00;31ALASK;30/01/2026;4.062944444;-76.41880556;30/01/2026;30/01/2026 14:00;30/01/2026 22:00;30/01/2026;4.06294;-76.41881;30/01/2026;Open-Meteo Archive;15.6;13.7;18.5;33.3;10;;;;Dato obtenido por fallback Open-Meteo;Lluvioso;Sí;No
76°29'55.3''W;3°51'37.6''N;Restrepo;6:00:00;14:00:00;34ESTRE;29/01/2026;3.860444444;-76.49869444;29/01/2026;29/01/2026 6:00;29/01/2026 14:00;29/01/2026;3.86044;-76.49869;29/01/2026;Open-Meteo Archive;18.7;16.8;22.1;26.3;7.9;;;;Dato obtenido por fallback Open-Meteo;Lluvioso;Sí;No
75°50'28.7''W;4°10'32.5''N;Sevilla;6:00:00;14:00:00;13INDOS;30/01/2026;4.175694444;-75.84130556;30/01/2026;30/01/2026 6:00;30/01/2026 14:00;30/01/2026;4.17569;-75.84131;30/01/2026;Open-Meteo Archive;17.2;13.4;21.3;15.1;8.1;;;;Dato obtenido por fallback Open-Meteo;Lluvioso;Sí;No
75°50'28.7''W;4°10'32.5''N;Sevilla;14:00:00;22:00:00;13INDOS;30/01/2026;4.175694444;-75.84130556;30/01/2026;30/01/2026 14:00;30/01/2026 22:00;30/01/2026;4.17569;-75.84131;30/01/2026;Open-Meteo Archive;17.2;13.4;21.3;15.1;8.1;;;;Dato obtenido por fallback Open-Meteo;Lluvioso;Sí;No
75°52'09.3''W;4°13'27.2''N;Caicedonia;6:00:00;14:00:00;13SIBER;30/01/2026;4.224222222;-75.86925;30/01/2026;30/01/2026 6:00;30/01/2026 14:00;30/01/2026;4.22422;-75.86925;30/01/2026;Open-Meteo Archive;14.8;10.7;19.4;16.5;8;;;;Dato obtenido por fallback Open-Meteo;Lluvioso;Sí;No
75°52'33.4''W;4°06'28.8''N;Sevilla;14:00:00;22:00:00;13SINAB;30/01/2026;4.108;-75.87594444;30/01/2026;30/01/2026 14:00;30/01/2026 22:00;30/01/2026;4.108;-75.87594;30/01/2026;Open-Meteo Archive;13.3;9.2;17.5;30.1;7.9;;;;Dato obtenido por fallback Open-Meteo;Lluvioso;Sí;No
76°31'18.7''W;3°03'37.9''N;Santander_Quilichao;6:00:00;14:00:00;25QUIRA;29/01/2026;3.060527778;-76.52186111;29/01/2026;29/01/2026 6:00;29/01/2026 14:00;29/01/2026;3.06053;-76.52186;29/01/2026;Open-Meteo Archive;21.8;19;25.5;4;11.4;;;;Dato obtenido por fallback Open-Meteo;Lluvioso;Sí;No
76°31'18.7''W;3°03'37.9''N;Santander_Quilichao;14:00:00;22:00:00;25QUIRA;29/01/2026;3.060527778;-76.52186111;29/01/2026;29/01/2026 14:00;29/01/2026 22:00;29/01/2026;3.06053;-76.52186;29/01/2026;Open-Meteo Archive;21.8;19;25.5;4;11.4;;;;Dato obtenido por fallback Open-Meteo;Lluvioso;Sí;No
75°44'43.0''W;5°24'09.9''N;Riosucio;14:00:00;22:00:00;12ARGEN;28/01/2026;5.40275;-75.74527778;28/01/2026;28/01/2026 14:00;28/01/2026 22:00;28/01/2026;5.40275;-75.74528;28/01/2026;Open-Meteo Archive;14;11.3;17.8;1.5;6.5;;;;Dato obtenido por fallback Open-Meteo;Lluvioso;Sí;No
75°44'43.0''W;5°24'09.9''N;Riosucio;22:00:00;6:00:00;12ARGEN;29/01/2026;5.40275;-75.74527778;29/01/2026;29/01/2026 22:00;30/01/2026 6:00;29/01/2026;5.40275;-75.74528;29/01/2026;Open-Meteo Archive;14;11.6;17.5;7;6.8;;;;Dato obtenido por fallback Open-Meteo;Lluvioso;Sí;No
75°44'43.0''W;5°24'09.9''N;Riosucio;6:00:00;14:00:00;12ARGEN;29/01/2026;5.40275;-75.74527778;29/01/2026;29/01/2026 6:00;29/01/2026 14:00;29/01/2026;5.40275;-75.74528;29/01/2026;Open-Meteo Archive;14;11.6;17.5;7;6.8;;;;Dato obtenido por fallback Open-Meteo;Lluvioso;Sí;No
75°44'43.0''W;5°24'09.9''N;Riosucio;22:00:00;6:00:00;12ARGEN;30/01/2026;5.40275;-75.74527778;30/01/2026;30/01/2026 22:00;31/01/2026 6:00;30/01/2026;5.40275;-75.74528;30/01/2026;Open-Meteo Archive;14.2;11.5;18.7;10;7.3;;;;Dato obtenido por fallback Open-Meteo;Lluvioso;Sí;No
75°44'43.0''W;5°24'09.9''N;Riosucio;6:00:00;14:00:00;12ARGEN;30/01/2026;5.40275;-75.74527778;30/01/2026;30/01/2026 6:00;30/01/2026 14:00;30/01/2026;5.40275;-75.74528;30/01/2026;Open-Meteo Archive;14.2;11.5;18.7;10;7.3;;;;Dato obtenido por fallback Open-Meteo;Lluvioso;Sí;No
75°44'43.0''W;5°24'09.9''N;Riosucio;14:00:00;22:00:00;12ARGEN;31/01/2026;5.40275;-75.74527778;31/01/2026;31/01/2026 14:00;31/01/2026 22:00;31/01/2026;5.40275;-75.74528;31/01/2026;Open-Meteo Archive;14.3;12.4;18.2;22.6;6.8;;;;Dato obtenido por fallback Open-Meteo;Lluvioso;Sí;No
76°25'07.7''W;4°03'46.6''N;Riofrio;6:00:00;14:00:00;31ALASK;30/01/2026;4.062944444;-76.41880556;30/01/2026;30/01/2026 6:00;30/01/2026 14:00;30/01/2026;4.06294;-76.41881;30/01/2026;Open-Meteo Archive;15.6;13.7;18.5;33.3;10;;;;Dato obtenido por fallback Open-Meteo;Lluvioso;Sí;No
76°25'07.7''W;4°03'46.6''N;Riofrio;14:00:00;22:00:00;31ALASK;30/01/2026;4.062944444;-76.41880556;30/01/2026;30/01/2026 14:00;30/01/2026 22:00;30/01/2026;4.06294;-76.41881;30/01/2026;Open-Meteo Archive;15.6;13.7;18.5;33.3;10;;;;Dato obtenido por fallback Open-Meteo;Lluvioso;Sí;No
76°31'18.7''W;3°03'37.9''N;Santander_Quilichao;6:00:00;14:00:00;25QUIRA;30/01/2026;3.060527778;-76.52186111;30/01/2026;30/01/2026 6:00;30/01/2026 14:00;30/01/2026;3.06053;-76.52186;30/01/2026;Open-Meteo Archive;21.6;18.1;26.5;29.4;11.3;;;;Dato obtenido por fallback Open-Meteo;Lluvioso;Sí;No
76°31'18.7''W;3°03'37.9''N;Santander_Quilichao;14:00:00;22:00:00;25QUIRA;30/01/2026;3.060527778;-76.52186111;30/01/2026;30/01/2026 14:00;30/01/2026 22:00;30/01/2026;3.06053;-76.52186;30/01/2026;Open-Meteo Archive;21.6;18.1;26.5;29.4;11.3;;;;Dato obtenido por fallback Open-Meteo;Lluvioso;Sí;No
76°25'07.7''W;4°03'46.6''N;Riofrio;6:00:00;14:00:00;31ALASK;31/01/2026;4.062944444;-76.41880556;31/01/2026;31/01/2026 6:00;31/01/2026 14:00;31/01/2026;4.06294;-76.41881;31/01/2026;Open-Meteo Archive;15.2;14;18;39.8;8.4;;;;Dato obtenido por fallback Open-Meteo;Lluvioso;Sí;No
76°31'18.7''W;3°03'37.9''N;Santander_Quilichao;6:00:00;14:00:00;25QUIRA;31/01/2026;3.060527778;-76.52186111;31/01/2026;31/01/2026 6:00;31/01/2026 14:00;31/01/2026;3.06053;-76.52186;31/01/2026;Open-Meteo Archive;20.6;18.5;25.2;32.1;10.4;;;;Dato obtenido por fallback Open-Meteo;Lluvioso;Sí;No
76°31'18.7''W;3°03'37.9''N;Santander_Quilichao;14:00:00;22:00:00;25QUIRA;31/01/2026;3.060527778;-76.52186111;31/01/2026;31/01/2026 14:00;31/01/2026 22:00;31/01/2026;3.06053;-76.52186;31/01/2026;Open-Meteo Archive;20.6;18.5;25.2;32.1;10.4;;;;Dato obtenido por fallback Open-Meteo;Lluvioso;Sí;No
76°16'33.7''W;4°26'45.6''N;Bolivar;6:00:00;14:00:00;35CRIST;28/01/2026;4.446;-76.27602778;28/01/2026;28/01/2026 6:00;28/01/2026 14:00;28/01/2026;4.446;-76.27603;28/01/2026;Open-Meteo Archive;15.2;12.4;19;5.2;9.6;;;;Dato obtenido por fallback Open-Meteo;Lluvioso;Sí;No
76°20'17.1''W;4°17'21.2''N;Bolivar;6:00:00;14:00:00;35ALEXA;28/01/2026;4.289222222;-76.33808333;28/01/2026;28/01/2026 6:00;28/01/2026 14:00;28/01/2026;4.28922;-76.33808;28/01/2026;Open-Meteo Archive;16.5;14;19.2;3.3;8.5;;;;Dato obtenido por fallback Open-Meteo;Lluvioso;Sí;No
76°16'33.7''W;4°26'45.6''N;Bolivar;6:00:00;14:00:00;35CRIST;29/01/2026;4.446;-76.27602778;29/01/2026;29/01/2026 6:00;29/01/2026 14:00;29/01/2026;4.446;-76.27603;29/01/2026;Open-Meteo Archive;15;13.1;18.1;29.5;9.3;;;;Dato obtenido por fallback Open-Meteo;Lluvioso;Sí;No
76°16'33.7''W;4°26'45.6''N;Bolivar;6:00:00;14:00:00;35CRIST;29/01/2026;4.446;-76.27602778;29/01/2026;29/01/2026 6:00;29/01/2026 14:00;29/01/2026;4.446;-76.27603;29/01/2026;Open-Meteo Archive;15;13.1;18.1;29.5;9.3;;;;Dato obtenido por fallback Open-Meteo;Lluvioso;Sí;No
76°34'23.0''W;3°41'39.8''N;Cumbre;6:00:00;14:00:00;32PORRA;29/01/2026;3.694388889;-76.57305556;29/01/2026;29/01/2026 6:00;29/01/2026 14:00;29/01/2026;3.69439;-76.57306;29/01/2026;Meteostat Daily;22.5;19;27;14.6;7.6;1015.5;;;Dato diario obtenido correctamente;Lluvioso;Sí;No
76°32'44.7''W;3°41'27.4''N;Cumbre;14:00:00;22:00:00;32AGUAC;29/01/2026;3.690944444;-76.54575;29/01/2026;29/01/2026 14:00;29/01/2026 22:00;29/01/2026;3.69094;-76.54575;29/01/2026;Meteostat Daily;22.5;19;27;14.6;7.6;1015.5;;;Dato diario obtenido correctamente;Lluvioso;Sí;No
76°32'44.7''W;3°41'27.4''N;Cumbre;6:00:00;14:00:00;32AGUAC;30/01/2026;3.690944444;-76.54575;30/01/2026;30/01/2026 6:00;30/01/2026 14:00;30/01/2026;3.69094;-76.54575;30/01/2026;Meteostat Daily;23.5;19;29;5.7;8.5;1015;;;Dato diario obtenido correctamente;Lluvioso;Sí;No
76°32'44.7''W;3°41'27.4''N;Cumbre;14:00:00;22:00:00;32AGUAC;30/01/2026;3.690944444;-76.54575;30/01/2026;30/01/2026 14:00;30/01/2026 22:00;30/01/2026;3.69094;-76.54575;30/01/2026;Meteostat Daily;23.5;19;29;5.7;8.5;1015;;;Dato diario obtenido correctamente;Lluvioso;Sí;No
76°16'33.7''W;4°26'45.6''N;Bolivar;6:00:00;14:00:00;35CRIST;30/01/2026;4.446;-76.27602778;30/01/2026;30/01/2026 6:00;30/01/2026 14:00;30/01/2026;4.446;-76.27603;30/01/2026;Open-Meteo Archive;14.8;12.9;18;11.2;11.8;;;;Dato obtenido por fallback Open-Meteo;Lluvioso;Sí;No
76°16'33.7''W;4°26'45.6''N;Bolivar;6:00:00;14:00:00;35CRIST;30/01/2026;4.446;-76.27602778;30/01/2026;30/01/2026 6:00;30/01/2026 14:00;30/01/2026;4.446;-76.27603;30/01/2026;Open-Meteo Archive;14.8;12.9;18;11.2;11.8;;;;Dato obtenido por fallback Open-Meteo;Lluvioso;Sí;No
76°16'33.7''W;4°26'45.6''N;Bolivar;6:00:00;14:00:00;35CRIST;31/01/2026;4.446;-76.27602778;31/01/2026;31/01/2026 6:00;31/01/2026 14:00;31/01/2026;4.446;-76.27603;31/01/2026;Open-Meteo Archive;14.8;12.2;18.7;13.2;10.4;;;;Dato obtenido por fallback Open-Meteo;Lluvioso;Sí;No
76°16'33.7''W;4°26'45.6''N;Bolivar;6:00:00;14:00:00;35CRIST;31/01/2026;4.446;-76.27602778;31/01/2026;31/01/2026 6:00;31/01/2026 14:00;31/01/2026;4.446;-76.27603;31/01/2026;Open-Meteo Archive;14.8;12.2;18.7;13.2;10.4;;;;Dato obtenido por fallback Open-Meteo;Lluvioso;Sí;No
76°29'55.3''W;3°51'37.6''N;Restrepo;14:00:00;22:00:00;34ESTRE;29/01/2026;3.860444444;-76.49869444;29/01/2026;29/01/2026 14:00;29/01/2026 22:00;29/01/2026;3.86044;-76.49869;29/01/2026;Open-Meteo Archive;18.7;16.8;22.1;26.3;7.9;;;;Dato obtenido por fallback Open-Meteo;Lluvioso;Sí;No
76°29'55.3''W;3°51'37.6''N;Restrepo;14:00:00;22:00:00;34ESTRE;30/01/2026;3.860444444;-76.49869444;30/01/2026;30/01/2026 14:00;30/01/2026 22:00;30/01/2026;3.86044;-76.49869;30/01/2026;Open-Meteo Archive;19.2;16.8;22.8;1.1;13.4;;;;Dato obtenido por fallback Open-Meteo;Lluvioso;Sí;No
76°29'55.3''W;3°51'37.6''N;Restrepo;6:00:00;14:00:00;34ESTRE;30/01/2026;3.860444444;-76.49869444;30/01/2026;30/01/2026 6:00;30/01/2026 14:00;30/01/2026;3.86044;-76.49869;30/01/2026;Open-Meteo Archive;19.2;16.8;22.8;1.1;13.4;;;;Dato obtenido por fallback Open-Meteo;Lluvioso;Sí;No
76°29'55.3''W;3°51'37.6''N;Restrepo;6:00:00;14:00:00;34ESTRE;31/01/2026;3.860444444;-76.49869444;31/01/2026;31/01/2026 6:00;31/01/2026 14:00;31/01/2026;3.86044;-76.49869;31/01/2026;Open-Meteo Archive;18.7;16.8;22;7.7;10.3;;;;Dato obtenido por fallback Open-Meteo;Lluvioso;Sí;No
76°29'55.3''W;3°51'37.6''N;Restrepo;14:00:00;22:00:00;34ESTRE;31/01/2026;3.860444444;-76.49869444;31/01/2026;31/01/2026 14:00;31/01/2026 22:00;31/01/2026;3.86044;-76.49869;31/01/2026;Open-Meteo Archive;18.7;16.8;22;7.7;10.3;;;;Dato obtenido por fallback Open-Meteo;Lluvioso;Sí;No
75°50'28.7''W;4°10'32.5''N;Sevilla;6:00:00;14:00:00;13INDOS;31/01/2026;4.175694444;-75.84130556;31/01/2026;31/01/2026 6:00;31/01/2026 14:00;31/01/2026;4.17569;-75.84131;31/01/2026;Open-Meteo Archive;17.2;15.6;19.7;13.7;7.1;;;;Dato obtenido por fallback Open-Meteo;Lluvioso;Sí;No
75°50'28.7''W;4°10'32.5''N;Sevilla;14:00:00;22:00:00;13INDOS;31/01/2026;4.175694444;-75.84130556;31/01/2026;31/01/2026 14:00;31/01/2026 22:00;31/01/2026;4.17569;-75.84131;31/01/2026;Open-Meteo Archive;17.2;15.6;19.7;13.7;7.1;;;;Dato obtenido por fallback Open-Meteo;Lluvioso;Sí;No
75°51'47.2''W;4°07'04.0''N;Sevilla;6:00:00;14:00:00;13CRIST;31/01/2026;4.117777778;-75.86311111;31/01/2026;31/01/2026 6:00;31/01/2026 14:00;31/01/2026;4.11778;-75.86311;31/01/2026;Open-Meteo Archive;15.1;13.2;18;14.3;8.1;;;;Dato obtenido por fallback Open-Meteo;Lluvioso;Sí;No
75°52'33.4''W;4°06'28.8''N;Sevilla;14:00:00;22:00:00;13SINAB;31/01/2026;4.108;-75.87594444;31/01/2026;31/01/2026 14:00;31/01/2026 22:00;31/01/2026;4.108;-75.87594;31/01/2026;Open-Meteo Archive;13.4;11.4;16.2;14.3;8.1;;;;Dato obtenido por fallback Open-Meteo;Lluvioso;Sí;No
75°50'28.7''W;4°10'32.5''N;Sevilla;6:00:00;14:00:00;13INDOS;31/01/2026;4.175694444;-75.84130556;31/01/2026;31/01/2026 6:00;31/01/2026 14:00;31/01/2026;4.17569;-75.84131;31/01/2026;Open-Meteo Archive;17.2;15.6;19.7;13.7;7.1;;;;Dato obtenido por fallback Open-Meteo;Lluvioso;Sí;No
75°50'28.7''W;4°10'32.5''N;Sevilla;14:00:00;22:00:00;13INDOS;31/01/2026;4.175694444;-75.84130556;31/01/2026;31/01/2026 14:00;31/01/2026 22:00;31/01/2026;4.17569;-75.84131;31/01/2026;Open-Meteo Archive;17.2;15.6;19.7;13.7;7.1;;;;Dato obtenido por fallback Open-Meteo;Lluvioso;Sí;No
75°52'33.4''W;4°06'28.8''N;Sevilla;6:00:00;14:00:00;13SINAB;31/01/2026;4.108;-75.87594444;31/01/2026;31/01/2026 6:00;31/01/2026 14:00;31/01/2026;4.108;-75.87594;31/01/2026;Open-Meteo Archive;13.4;11.4;16.2;14.3;8.1;;;;Dato obtenido por fallback Open-Meteo;Lluvioso;Sí;No
75°52'33.4''W;4°06'28.8''N;Sevilla;14:00:00;22:00:00;13SINAB;31/01/2026;4.108;-75.87594444;31/01/2026;31/01/2026 14:00;31/01/2026 22:00;31/01/2026;4.108;-75.87594;31/01/2026;Open-Meteo Archive;13.4;11.4;16.2;14.3;8.1;;;;Dato obtenido por fallback Open-Meteo;Lluvioso;Sí;No
75°44'43.0''W;5°24'09.9''N;Riosucio;6:00:00;14:00:00;12ARGEN;25/01/2026;5.40275;-75.74527778;25/01/2026;25/01/2026 6:00;25/01/2026 14:00;25/01/2026;5.40275;-75.74528;25/01/2026;Open-Meteo Archive;14.3;12.3;18;16.8;6.4;;;;Dato obtenido por fallback Open-Meteo;Lluvioso;Sí;No
75°44'43.0''W;5°24'09.9''N;Riosucio;6:00:00;14:00:00;12ARGEN;25/01/2026;5.40275;-75.74527778;25/01/2026;25/01/2026 6:00;25/01/2026 14:00;25/01/2026;5.40275;-75.74528;25/01/2026;Open-Meteo Archive;14.3;12.3;18;16.8;6.4;;;;Dato obtenido por fallback Open-Meteo;Lluvioso;Sí;No
75°44'43.0''W;5°24'09.9''N;Riosucio;6:00:00;14:00:00;12ARGEN;29/01/2026;5.40275;-75.74527778;29/01/2026;29/01/2026 6:00;29/01/2026 14:00;29/01/2026;5.40275;-75.74528;29/01/2026;Open-Meteo Archive;14;11.6;17.5;7;6.8;;;;Dato obtenido por fallback Open-Meteo;Lluvioso;Sí;No
75°44'43.0''W;5°24'09.9''N;Riosucio;6:00:00;14:00:00;12ARGEN;29/01/2026;5.40275;-75.74527778;29/01/2026;29/01/2026 6:00;29/01/2026 14:00;29/01/2026;5.40275;-75.74528;29/01/2026;Open-Meteo Archive;14;11.6;17.5;7;6.8;;;;Dato obtenido por fallback Open-Meteo;Lluvioso;Sí;No
75°44'43.0''W;5°24'09.9''N;Riosucio;6:00:00;14:00:00;12ARGEN;30/01/2026;5.40275;-75.74527778;30/01/2026;30/01/2026 6:00;30/01/2026 14:00;30/01/2026;5.40275;-75.74528;30/01/2026;Open-Meteo Archive;14.2;11.5;18.7;10;7.3;;;;Dato obtenido por fallback Open-Meteo;Lluvioso;Sí;No
75°44'43.0''W;5°24'09.9''N;Riosucio;6:00:00;14:00:00;12ARGEN;30/01/2026;5.40275;-75.74527778;30/01/2026;30/01/2026 6:00;30/01/2026 14:00;30/01/2026;5.40275;-75.74528;30/01/2026;Open-Meteo Archive;14.2;11.5;18.7;10;7.3;;;;Dato obtenido por fallback Open-Meteo;Lluvioso;Sí;No
75°44'43.0''W;5°24'09.9''N;Riosucio;6:00:00;14:00:00;12ARGEN;31/01/2026;5.40275;-75.74527778;31/01/2026;31/01/2026 6:00;31/01/2026 14:00;31/01/2026;5.40275;-75.74528;31/01/2026;Open-Meteo Archive;14.3;12.4;18.2;22.6;6.8;;;;Dato obtenido por fallback Open-Meteo;Lluvioso;Sí;No
75°44'43.0''W;5°24'09.9''N;Riosucio;6:00:00;14:00:00;12ARGEN;31/01/2026;5.40275;-75.74527778;31/01/2026;31/01/2026 6:00;31/01/2026 14:00;31/01/2026;5.40275;-75.74528;31/01/2026;Open-Meteo Archive;14.3;12.4;18.2;22.6;6.8;;;;Dato obtenido por fallback Open-Meteo;Lluvioso;Sí;No
75°45'30.2''W;5°22'59.0''N;Guatica;14:00:00;22:00:00;12PALMA;23/01/2026;5.383055556;-75.75838889;23/01/2026;23/01/2026 14:00;23/01/2026 22:00;23/01/2026;5.38306;-75.75839;23/01/2026;Open-Meteo Archive;15.1;12.6;19.3;3.1;10.6;;;;Dato obtenido por fallback Open-Meteo;Lluvioso;Sí;No
75°44'43.0''W;5°24'09.9''N;Riosucio;14:00:00;22:00:00;12ARGEN;23/01/2026;5.40275;-75.74527778;23/01/2026;23/01/2026 14:00;23/01/2026 22:00;23/01/2026;5.40275;-75.74528;23/01/2026;Open-Meteo Archive;14.5;12.3;18.1;3.5;7.7;;;;Dato obtenido por fallback Open-Meteo;Lluvioso;Sí;No
75°45'30.2''W;5°22'59.0''N;Guatica;14:00:00;22:00:00;12PALMA;29/01/2026;5.383055556;-75.75838889;29/01/2026;29/01/2026 14:00;29/01/2026 22:00;29/01/2026;5.38306;-75.75839;29/01/2026;Open-Meteo Archive;14.7;12.3;18.2;7.3;6.8;;;;Dato obtenido por fallback Open-Meteo;Lluvioso;Sí;No
75°44'43.0''W;5°24'09.9''N;Riosucio;14:00:00;22:00:00;12ARGEN;29/01/2026;5.40275;-75.74527778;29/01/2026;29/01/2026 14:00;29/01/2026 22:00;29/01/2026;5.40275;-75.74528;29/01/2026;Open-Meteo Archive;14;11.6;17.5;7;6.8;;;;Dato obtenido por fallback Open-Meteo;Lluvioso;Sí;No
76°34'23.0''W;3°41'39.8''N;Cumbre;6:00:00;14:00:00;32PORRA;31/01/2026;3.694388889;-76.57305556;31/01/2026;31/01/2026 6:00;31/01/2026 14:00;31/01/2026;3.69439;-76.57306;31/01/2026;Meteostat Daily;22.7;21;29;9.8;6.5;1015.8;;;Dato diario obtenido correctamente;Lluvioso;Sí;No
75°44'43.0''W;5°24'09.9''N;Riosucio;14:00:00;22:00:00;12ARGEN;31/01/2026;5.40275;-75.74527778;31/01/2026;31/01/2026 14:00;31/01/2026 22:00;31/01/2026;5.40275;-75.74528;31/01/2026;Open-Meteo Archive;14.3;12.4;18.2;22.6;6.8;;;;Dato obtenido por fallback Open-Meteo;Lluvioso;Sí;No
75°44'43.0''W;5°24'09.9''N;Riosucio;6:00:00;14:00:00;12ARGEN;31/01/2026;5.40275;-75.74527778;31/01/2026;31/01/2026 6:00;31/01/2026 14:00;31/01/2026;5.40275;-75.74528;31/01/2026;Open-Meteo Archive;14.3;12.4;18.2;22.6;6.8;;;;Dato obtenido por fallback Open-Meteo;Lluvioso;Sí;No
75°44'43.0''W;5°24'09.9''N;Riosucio;6:00:00;14:00:00;12ARGEN;31/01/2026;5.40275;-75.74527778;31/01/2026;31/01/2026 6:00;31/01/2026 14:00;31/01/2026;5.40275;-75.74528;31/01/2026;Open-Meteo Archive;14.3;12.4;18.2;22.6;6.8;;;;Dato obtenido por fallback Open-Meteo;Lluvioso;Sí;No
76°31'18.7''W;3°03'37.9''N;Santander_Quilichao;6:00:00;14:00:00;25QUIRA;01/02/2026;3.060527778;-76.52186111;01/02/2026;01/02/2026 6:00;01/02/2026 14:00;01/02/2026;3.06053;-76.52186;01/02/2026;Open-Meteo Archive;20.2;18.6;24;40.8;11.2;;;;Dato obtenido por fallback Open-Meteo;Lluvioso;Sí;No
76°31'18.7''W;3°03'37.9''N;Santander_Quilichao;14:00:00;22:00:00;25QUIRA;01/02/2026;3.060527778;-76.52186111;01/02/2026;01/02/2026 14:00;01/02/2026 22:00;01/02/2026;3.06053;-76.52186;01/02/2026;Open-Meteo Archive;20.2;18.6;24;40.8;11.2;;;;Dato obtenido por fallback Open-Meteo;Lluvioso;Sí;No
76°25'07.7''W;4°03'46.6''N;Riofrio;14:00:00;22:00:00;31ALASK;02/02/2026;4.062944444;-76.41880556;02/02/2026;02/02/2026 14:00;02/02/2026 22:00;02/02/2026;4.06294;-76.41881;02/02/2026;Open-Meteo Archive;14.8;13.5;16.6;13.7;7.4;;;;Dato obtenido por fallback Open-Meteo;Lluvioso;Sí;No
76°25'07.7''W;4°03'46.6''N;Riofrio;6:00:00;14:00:00;31ALASK;02/02/2026;4.062944444;-76.41880556;02/02/2026;02/02/2026 6:00;02/02/2026 14:00;02/02/2026;4.06294;-76.41881;02/02/2026;Open-Meteo Archive;14.8;13.5;16.6;13.7;7.4;;;;Dato obtenido por fallback Open-Meteo;Lluvioso;Sí;No
76°31'18.7''W;3°03'37.9''N;Santander_Quilichao;6:00:00;14:00:00;25QUIRA;02/02/2026;3.060527778;-76.52186111;02/02/2026;02/02/2026 6:00;02/02/2026 14:00;02/02/2026;3.06053;-76.52186;02/02/2026;Open-Meteo Archive;20.5;18.2;25.5;26.2;10.3;;;;Dato obtenido por fallback Open-Meteo;Lluvioso;Sí;No
76°31'18.7''W;3°03'37.9''N;Santander_Quilichao;14:00:00;22:00:00;25QUIRA;02/02/2026;3.060527778;-76.52186111;02/02/2026;02/02/2026 14:00;02/02/2026 22:00;02/02/2026;3.06053;-76.52186;02/02/2026;Open-Meteo Archive;20.5;18.2;25.5;26.2;10.3;;;;Dato obtenido por fallback Open-Meteo;Lluvioso;Sí;No
76°34'23.0''W;3°41'39.8''N;Cumbre;6:00:00;14:00:00;32PORRA;01/02/2026;3.694388889;-76.57305556;01/02/2026;01/02/2026 6:00;01/02/2026 14:00;01/02/2026;3.69439;-76.57306;01/02/2026;Meteostat Daily;21.1;20;25;17.5;6.5;1017.5;;;Dato diario obtenido correctamente;Lluvioso;Sí;No
76°34'23.0''W;3°41'39.8''N;Cumbre;14:00:00;22:00:00;32PORRA;01/02/2026;3.694388889;-76.57305556;01/02/2026;01/02/2026 14:00;01/02/2026 22:00;01/02/2026;3.69439;-76.57306;01/02/2026;Meteostat Daily;21.1;20;25;17.5;6.5;1017.5;;;Dato diario obtenido correctamente;Lluvioso;Sí;No
76°16'33.7''W;4°26'45.6''N;Bolivar;6:00:00;14:00:00;35CRIST;01/02/2026;4.446;-76.27602778;01/02/2026;01/02/2026 6:00;01/02/2026 14:00;01/02/2026;4.446;-76.27603;01/02/2026;Open-Meteo Archive;14.2;13.2;17.3;17.7;12.2;;;;Dato obtenido por fallback Open-Meteo;Lluvioso;Sí;No
76°16'33.7''W;4°26'45.6''N;Bolivar;6:00:00;14:00:00;35CRIST;01/02/2026;4.446;-76.27602778;01/02/2026;01/02/2026 6:00;01/02/2026 14:00;01/02/2026;4.446;-76.27603;01/02/2026;Open-Meteo Archive;14.2;13.2;17.3;17.7;12.2;;;;Dato obtenido por fallback Open-Meteo;Lluvioso;Sí;No
76°34'23.0''W;3°41'39.8''N;Cumbre;6:00:00;14:00:00;32PORRA;02/02/2026;3.694388889;-76.57305556;02/02/2026;02/02/2026 6:00;02/02/2026 14:00;02/02/2026;3.69439;-76.57306;02/02/2026;Meteostat Daily;22.3;20;28;4.3;5.6;1017.6;;;Dato diario obtenido correctamente;Lluvioso;Sí;No
76°34'23.0''W;3°41'39.8''N;Cumbre;14:00:00;22:00:00;32PORRA;02/02/2026;3.694388889;-76.57305556;02/02/2026;02/02/2026 14:00;02/02/2026 22:00;02/02/2026;3.69439;-76.57306;02/02/2026;Meteostat Daily;22.3;20;28;4.3;5.6;1017.6;;;Dato diario obtenido correctamente;Lluvioso;Sí;No
76°16'33.7''W;4°26'45.6''N;Bolivar;6:00:00;14:00:00;35CRIST;02/02/2026;4.446;-76.27602778;02/02/2026;02/02/2026 6:00;02/02/2026 14:00;02/02/2026;4.446;-76.27603;02/02/2026;Open-Meteo Archive;14.5;12.6;17.7;6.5;9.4;;;;Dato obtenido por fallback Open-Meteo;Lluvioso;Sí;No
76°16'33.7''W;4°26'45.6''N;Bolivar;6:00:00;14:00:00;35CRIST;02/02/2026;4.446;-76.27602778;02/02/2026;02/02/2026 6:00;02/02/2026 14:00;02/02/2026;4.446;-76.27603;02/02/2026;Open-Meteo Archive;14.5;12.6;17.7;6.5;9.4;;;;Dato obtenido por fallback Open-Meteo;Lluvioso;Sí;No
75°44'43.0''W;5°24'09.9''N;Riosucio;14:00:00;22:00:00;12ARGEN;01/02/2026;5.40275;-75.74527778;01/02/2026;01/02/2026 14:00;01/02/2026 22:00;01/02/2026;5.40275;-75.74528;01/02/2026;Open-Meteo Archive;13.6;12.6;16.4;34.7;4.7;;;;Dato obtenido por fallback Open-Meteo;Lluvioso;Sí;No
75°44'43.0''W;5°24'09.9''N;Riosucio;6:00:00;14:00:00;12ARGEN;01/02/2026;5.40275;-75.74527778;01/02/2026;01/02/2026 6:00;01/02/2026 14:00;01/02/2026;5.40275;-75.74528;01/02/2026;Open-Meteo Archive;13.6;12.6;16.4;34.7;4.7;;;;Dato obtenido por fallback Open-Meteo;Lluvioso;Sí;No
75°44'43.0''W;5°24'09.9''N;Riosucio;6:00:00;14:00:00;12ARGEN;01/02/2026;5.40275;-75.74527778;01/02/2026;01/02/2026 6:00;01/02/2026 14:00;01/02/2026;5.40275;-75.74528;01/02/2026;Open-Meteo Archive;13.6;12.6;16.4;34.7;4.7;;;;Dato obtenido por fallback Open-Meteo;Lluvioso;Sí;No
75°44'43.0''W;5°24'09.9''N;Riosucio;6:00:00;14:00:00;12ARGEN;02/02/2026;5.40275;-75.74527778;02/02/2026;02/02/2026 6:00;02/02/2026 14:00;02/02/2026;5.40275;-75.74528;02/02/2026;Open-Meteo Archive;14;11.7;18.9;19.7;6.8;;;;Dato obtenido por fallback Open-Meteo;Lluvioso;Sí;No
75°50'28.7''W;4°10'32.5''N;Sevilla;6:00:00;14:00:00;13INDOS;01/02/2026;4.175694444;-75.84130556;01/02/2026;01/02/2026 6:00;01/02/2026 14:00;01/02/2026;4.17569;-75.84131;01/02/2026;Open-Meteo Archive;17;15.8;19.7;34.6;7.2;;;;Dato obtenido por fallback Open-Meteo;Lluvioso;Sí;No
75°50'28.7''W;4°10'32.5''N;Sevilla;14:00:00;22:00:00;13INDOS;01/02/2026;4.175694444;-75.84130556;01/02/2026;01/02/2026 14:00;01/02/2026 22:00;01/02/2026;4.17569;-75.84131;01/02/2026;Open-Meteo Archive;17;15.8;19.7;34.6;7.2;;;;Dato obtenido por fallback Open-Meteo;Lluvioso;Sí;No
75°52'33.4''W;4°06'28.8''N;Sevilla;6:00:00;14:00:00;13SINAB;01/02/2026;4.108;-75.87594444;01/02/2026;01/02/2026 6:00;01/02/2026 14:00;01/02/2026;4.108;-75.87594;01/02/2026;Open-Meteo Archive;13;11.7;15.1;34.6;8.9;;;;Dato obtenido por fallback Open-Meteo;Lluvioso;Sí;No
75°52'33.4''W;4°06'28.8''N;Sevilla;14:00:00;22:00:00;13SINAB;01/02/2026;4.108;-75.87594444;01/02/2026;01/02/2026 14:00;01/02/2026 22:00;01/02/2026;4.108;-75.87594;01/02/2026;Open-Meteo Archive;13;11.7;15.1;34.6;8.9;;;;Dato obtenido por fallback Open-Meteo;Lluvioso;Sí;No
75°50'28.7''W;4°10'32.5''N;Sevilla;6:00:00;14:00:00;13INDOS;03/02/2026;4.175694444;-75.84130556;03/02/2026;03/02/2026 6:00;03/02/2026 14:00;03/02/2026;4.17569;-75.84131;03/02/2026;Open-Meteo Archive;17.3;14.9;20.8;12.5;6.8;;;;Dato obtenido por fallback Open-Meteo;Lluvioso;Sí;No
75°50'28.7''W;4°10'32.5''N;Sevilla;14:00:00;22:00:00;13INDOS;03/02/2026;4.175694444;-75.84130556;03/02/2026;03/02/2026 14:00;03/02/2026 22:00;03/02/2026;4.17569;-75.84131;03/02/2026;Open-Meteo Archive;17.3;14.9;20.8;12.5;6.8;;;;Dato obtenido por fallback Open-Meteo;Lluvioso;Sí;No
75°52'33.4''W;4°06'28.8''N;Sevilla;6:00:00;14:00:00;13SINAB;03/02/2026;4.108;-75.87594444;03/02/2026;03/02/2026 6:00;03/02/2026 14:00;03/02/2026;4.108;-75.87594;03/02/2026;Open-Meteo Archive;13.4;9.8;17.8;23.9;8.7;;;;Dato obtenido por fallback Open-Meteo;Lluvioso;Sí;No
75°52'33.4''W;4°06'28.8''N;Sevilla;14:00:00;22:00:00;13SINAB;03/02/2026;4.108;-75.87594444;03/02/2026;03/02/2026 14:00;03/02/2026 22:00;03/02/2026;4.108;-75.87594;03/02/2026;Open-Meteo Archive;13.4;9.8;17.8;23.9;8.7;;;;Dato obtenido por fallback Open-Meteo;Lluvioso;Sí;No
76°29'55.3''W;3°51'37.6''N;Restrepo;14:00:00;22:00:00;34ESTRE;02/02/2026;3.860444444;-76.49869444;02/02/2026;02/02/2026 14:00;02/02/2026 22:00;02/02/2026;3.86044;-76.49869;02/02/2026;Open-Meteo Archive;18.4;16.4;21.5;2.2;7.8;;;;Dato obtenido por fallback Open-Meteo;Lluvioso;Sí;No
76°29'55.3''W;3°51'37.6''N;Restrepo;6:00:00;14:00:00;34ESTRE;02/02/2026;3.860444444;-76.49869444;02/02/2026;02/02/2026 6:00;02/02/2026 14:00;02/02/2026;3.86044;-76.49869;02/02/2026;Open-Meteo Archive;18.4;16.4;21.5;2.2;7.8;;;;Dato obtenido por fallback Open-Meteo;Lluvioso;Sí;No
76°29'55.3''W;3°51'37.6''N;Restrepo;14:00:00;22:00:00;34ESTRE;02/02/2026;3.860444444;-76.49869444;02/02/2026;02/02/2026 14:00;02/02/2026 22:00;02/02/2026;3.86044;-76.49869;02/02/2026;Open-Meteo Archive;18.4;16.4;21.5;2.2;7.8;;;;Dato obtenido por fallback Open-Meteo;Lluvioso;Sí;No
76°31'18.7''W;3°03'37.9''N;Santander_Quilichao;14:00:00;22:00:00;25QUIRA;03/02/2026;3.060527778;-76.52186111;03/02/2026;03/02/2026 14:00;03/02/2026 22:00;03/02/2026;3.06053;-76.52186;03/02/2026;Open-Meteo Archive;21.2;17.4;27.4;16;11;;;;Dato obtenido por fallback Open-Meteo;Lluvioso;Sí;No
76°31'18.7''W;3°03'37.9''N;Santander_Quilichao;6:00:00;14:00:00;25QUIRA;03/02/2026;3.060527778;-76.52186111;03/02/2026;03/02/2026 6:00;03/02/2026 14:00;03/02/2026;3.06053;-76.52186;03/02/2026;Open-Meteo Archive;21.2;17.4;27.4;16;11;;;;Dato obtenido por fallback Open-Meteo;Lluvioso;Sí;No
76°25'07.7''W;4°03'46.6''N;Riofrio;6:00:00;14:00:00;31ALASK;03/02/2026;4.062944444;-76.41880556;03/02/2026;03/02/2026 6:00;03/02/2026 14:00;03/02/2026;4.06294;-76.41881;03/02/2026;Open-Meteo Archive;15.7;13.8;18.9;1.4;10.4;;;;Dato obtenido por fallback Open-Meteo;Lluvioso;Sí;No
76°16'33.7''W;4°26'45.6''N;Bolivar;6:00:00;14:00:00;35CRIST;03/02/2026;4.446;-76.27602778;03/02/2026;03/02/2026 6:00;03/02/2026 14:00;03/02/2026;4.446;-76.27603;03/02/2026;Open-Meteo Archive;15.6;13.6;19.8;10.4;6.8;;;;Dato obtenido por fallback Open-Meteo;Lluvioso;Sí;No
76°16'33.7''W;4°26'45.6''N;Bolivar;6:00:00;14:00:00;35CRIST;03/02/2026;4.446;-76.27602778;03/02/2026;03/02/2026 6:00;03/02/2026 14:00;03/02/2026;4.446;-76.27603;03/02/2026;Open-Meteo Archive;15.6;13.6;19.8;10.4;6.8;;;;Dato obtenido por fallback Open-Meteo;Lluvioso;Sí;No
75°44'43.0''W;5°24'09.9''N;Riosucio;6:00:00;14:00:00;12ARGEN;02/02/2026;5.40275;-75.74527778;02/02/2026;02/02/2026 6:00;02/02/2026 14:00;02/02/2026;5.40275;-75.74528;02/02/2026;Open-Meteo Archive;14;11.7;18.9;19.7;6.8;;;;Dato obtenido por fallback Open-Meteo;Lluvioso;Sí;No
75°44'43.0''W;5°24'09.9''N;Riosucio;14:00:00;22:00:00;12ARGEN;02/02/2026;5.40275;-75.74527778;02/02/2026;02/02/2026 14:00;02/02/2026 22:00;02/02/2026;5.40275;-75.74528;02/02/2026;Open-Meteo Archive;14;11.7;18.9;19.7;6.8;;;;Dato obtenido por fallback Open-Meteo;Lluvioso;Sí;No
75°44'43.0''W;5°24'09.9''N;Riosucio;14:00:00;22:00:00;12ARGEN;02/02/2026;5.40275;-75.74527778;02/02/2026;02/02/2026 14:00;02/02/2026 22:00;02/02/2026;5.40275;-75.74528;02/02/2026;Open-Meteo Archive;14;11.7;18.9;19.7;6.8;;;;Dato obtenido por fallback Open-Meteo;Lluvioso;Sí;No
75°44'43.0''W;5°24'09.9''N;Riosucio;14:00:00;22:00:00;12ARGEN;01/02/2026;5.40275;-75.74527778;01/02/2026;01/02/2026 14:00;01/02/2026 22:00;01/02/2026;5.40275;-75.74528;01/02/2026;Open-Meteo Archive;13.6;12.6;16.4;34.7;4.7;;;;Dato obtenido por fallback Open-Meteo;Lluvioso;Sí;No
76°29'55.3''W;3°51'37.6''N;Restrepo;6:00:00;14:00:00;34ESTRE;03/02/2026;3.860444444;-76.49869444;03/02/2026;03/02/2026 6:00;03/02/2026 14:00;03/02/2026;3.86044;-76.49869;03/02/2026;Open-Meteo Archive;19;16.8;23;0.6;7.7;;;;Dato obtenido por fallback Open-Meteo;Lluvioso;Sí;No
76°29'55.3''W;3°51'37.6''N;Restrepo;14:00:00;22:00:00;34ESTRE;03/02/2026;3.860444444;-76.49869444;03/02/2026;03/02/2026 14:00;03/02/2026 22:00;03/02/2026;3.86044;-76.49869;03/02/2026;Open-Meteo Archive;19;16.8;23;0.6;7.7;;;;Dato obtenido por fallback Open-Meteo;Lluvioso;Sí;No
76°25'07.7''W;4°03'46.6''N;Riofrio;6:00:00;14:00:00;31ALASK;01/02/2026;4.062944444;-76.41880556;01/02/2026;01/02/2026 6:00;01/02/2026 14:00;01/02/2026;4.06294;-76.41881;01/02/2026;Open-Meteo Archive;14.6;13.9;15.9;30;5.3;;;;Dato obtenido por fallback Open-Meteo;Lluvioso;Sí;No
76°25'07.7''W;4°03'46.6''N;Riofrio;6:00:00;14:00:00;31ALASK;03/02/2026;4.062944444;-76.41880556;03/02/2026;03/02/2026 6:00;03/02/2026 14:00;03/02/2026;4.06294;-76.41881;03/02/2026;Open-Meteo Archive;15.7;13.8;18.9;1.4;10.4;;;;Dato obtenido por fallback Open-Meteo;Lluvioso;Sí;No
76°31'18.7''W;3°03'37.9''N;Santander_Quilichao;14:00:00;22:00:00;25QUIRA;04/02/2026;3.060527778;-76.52186111;04/02/2026;04/02/2026 14:00;04/02/2026 22:00;04/02/2026;3.06053;-76.52186;04/02/2026;Open-Meteo Archive;21.3;17.8;28;14.8;10;;;;Dato obtenido por fallback Open-Meteo;Lluvioso;Sí;No
76°31'18.7''W;3°03'37.9''N;Santander_Quilichao;6:00:00;14:00:00;25QUIRA;04/02/2026;3.060527778;-76.52186111;04/02/2026;04/02/2026 6:00;04/02/2026 14:00;04/02/2026;3.06053;-76.52186;04/02/2026;Open-Meteo Archive;21.3;17.8;28;14.8;10;;;;Dato obtenido por fallback Open-Meteo;Lluvioso;Sí;No
76°34'23.0''W;3°41'39.8''N;Cumbre;6:00:00;14:00:00;32PORRA;03/02/2026;3.694388889;-76.57305556;03/02/2026;03/02/2026 6:00;03/02/2026 14:00;03/02/2026;3.69439;-76.57306;03/02/2026;Meteostat Daily;23.7;20;30;7.6;7.1;1015.9;;;Dato diario obtenido correctamente;Lluvioso;Sí;No
76°34'23.0''W;3°41'39.8''N;Cumbre;14:00:00;22:00:00;32PORRA;03/02/2026;3.694388889;-76.57305556;03/02/2026;03/02/2026 14:00;03/02/2026 22:00;03/02/2026;3.69439;-76.57306;03/02/2026;Meteostat Daily;23.7;20;30;7.6;7.1;1015.9;;;Dato diario obtenido correctamente;Lluvioso;Sí;No
76°34'23.0''W;3°41'39.8''N;Cumbre;6:00:00;14:00:00;32PORRA;04/02/2026;3.694388889;-76.57305556;04/02/2026;04/02/2026 6:00;04/02/2026 14:00;04/02/2026;3.69439;-76.57306;04/02/2026;Meteostat Daily;23.7;20;30;7.6;6.3;1015.5;;;Dato diario obtenido correctamente;Lluvioso;Sí;No
76°34'23.0''W;3°41'39.8''N;Cumbre;14:00:00;22:00:00;32PORRA;04/02/2026;3.694388889;-76.57305556;04/02/2026;04/02/2026 14:00;04/02/2026 22:00;04/02/2026;3.69439;-76.57306;04/02/2026;Meteostat Daily;23.7;20;30;7.6;6.3;1015.5;;;Dato diario obtenido correctamente;Lluvioso;Sí;No
76°29'55.3''W;3°51'37.6''N;Restrepo;6:00:00;14:00:00;34ESTRE;04/02/2026;3.860444444;-76.49869444;04/02/2026;04/02/2026 6:00;04/02/2026 14:00;04/02/2026;3.86044;-76.49869;04/02/2026;Open-Meteo Archive;19.5;16.4;24;1.6;13.2;;;;Dato obtenido por fallback Open-Meteo;Lluvioso;Sí;No
76°29'55.3''W;3°51'37.6''N;Restrepo;14:00:00;22:00:00;34ESTRE;05/02/2026;3.860444444;-76.49869444;05/02/2026;05/02/2026 14:00;05/02/2026 22:00;05/02/2026;3.86044;-76.49869;05/02/2026;Open-Meteo Archive;19.4;17.1;22.7;1.4;13.6;;;;Dato obtenido por fallback Open-Meteo;Lluvioso;Sí;No
75°51'47.2''W;4°07'04.0''N;Sevilla;6:00:00;14:00:00;13CRIST;04/02/2026;4.117777778;-75.86311111;04/02/2026;04/02/2026 6:00;04/02/2026 14:00;04/02/2026;4.11778;-75.86311;04/02/2026;Open-Meteo Archive;14.8;9.7;20;15.4;7.7;;;;Dato obtenido por fallback Open-Meteo;Lluvioso;Sí;No
75°51'47.2''W;4°07'04.0''N;Sevilla;14:00:00;22:00:00;13CRIST;04/02/2026;4.117777778;-75.86311111;04/02/2026;04/02/2026 14:00;04/02/2026 22:00;04/02/2026;4.11778;-75.86311;04/02/2026;Open-Meteo Archive;14.8;9.7;20;15.4;7.7;;;;Dato obtenido por fallback Open-Meteo;Lluvioso;Sí;No
75°52'33.4''W;4°06'28.8''N;Sevilla;6:00:00;14:00:00;13SINAB;04/02/2026;4.108;-75.87594444;04/02/2026;04/02/2026 6:00;04/02/2026 14:00;04/02/2026;4.108;-75.87594;04/02/2026;Open-Meteo Archive;13.1;8;18.3;15.4;7.7;;;;Dato obtenido por fallback Open-Meteo;Lluvioso;Sí;No
76°25'07.7''W;4°03'46.6''N;Riofrio;6:00:00;14:00:00;31ALASK;04/02/2026;4.062944444;-76.41880556;04/02/2026;04/02/2026 6:00;04/02/2026 14:00;04/02/2026;4.06294;-76.41881;04/02/2026;Open-Meteo Archive;16.1;13.4;20.4;4.2;13.5;;;;Dato obtenido por fallback Open-Meteo;Lluvioso;Sí;No
76°25'07.7''W;4°03'46.6''N;Riofrio;14:00:00;22:00:00;31ALASK;04/02/2026;4.062944444;-76.41880556;04/02/2026;04/02/2026 14:00;04/02/2026 22:00;04/02/2026;4.06294;-76.41881;04/02/2026;Open-Meteo Archive;16.1;13.4;20.4;4.2;13.5;;;;Dato obtenido por fallback Open-Meteo;Lluvioso;Sí;No
76°25'45.2''W;4°02'52.2''N;Riofrio;6:00:00;14:00:00;31PALES;05/02/2026;4.047833333;-76.42922222;05/02/2026;05/02/2026 6:00;05/02/2026 14:00;05/02/2026;4.04783;-76.42922;05/02/2026;Open-Meteo Archive;15.8;13.9;19.3;13.6;9.6;;;;Dato obtenido por fallback Open-Meteo;Lluvioso;Sí;No
76°34'23.0''W;3°41'39.8''N;Cumbre;6:00:00;14:00:00;32PORRA;05/02/2026;3.694388889;-76.57305556;05/02/2026;05/02/2026 6:00;05/02/2026 14:00;05/02/2026;3.69439;-76.57306;05/02/2026;Meteostat Daily;24.1;20;30;9.6;8.6;;;;Dato diario obtenido correctamente;Lluvioso;Sí;No
76°34'23.0''W;3°41'39.8''N;Cumbre;14:00:00;22:00:00;32PORRA;05/02/2026;3.694388889;-76.57305556;05/02/2026;05/02/2026 14:00;05/02/2026 22:00;05/02/2026;3.69439;-76.57306;05/02/2026;Meteostat Daily;24.1;20;30;9.6;8.6;;;;Dato diario obtenido correctamente;Lluvioso;Sí;No
76°16'33.7''W;4°26'45.6''N;Bolivar;6:00:00;14:00:00;35CRIST;04/02/2026;4.446;-76.27602778;04/02/2026;04/02/2026 6:00;04/02/2026 14:00;04/02/2026;4.446;-76.27603;04/02/2026;Open-Meteo Archive;15.4;12.8;19.9;6.7;9.7;;;;Dato obtenido por fallback Open-Meteo;Lluvioso;Sí;No
76°16'33.7''W;4°26'45.6''N;Bolivar;6:00:00;14:00:00;35CRIST;04/02/2026;4.446;-76.27602778;04/02/2026;04/02/2026 6:00;04/02/2026 14:00;04/02/2026;4.446;-76.27603;04/02/2026;Open-Meteo Archive;15.4;12.8;19.9;6.7;9.7;;;;Dato obtenido por fallback Open-Meteo;Lluvioso;Sí;No
76°16'33.7''W;4°26'45.6''N;Bolivar;6:00:00;14:00:00;35CRIST;05/02/2026;4.446;-76.27602778;05/02/2026;05/02/2026 6:00;05/02/2026 14:00;05/02/2026;4.446;-76.27603;05/02/2026;Open-Meteo Archive;15;13.2;18.8;6;11.4;;;;Dato obtenido por fallback Open-Meteo;Lluvioso;Sí;No
76°16'33.7''W;4°26'45.6''N;Bolivar;6:00:00;14:00:00;35CRIST;05/02/2026;4.446;-76.27602778;05/02/2026;05/02/2026 6:00;05/02/2026 14:00;05/02/2026;4.446;-76.27603;05/02/2026;Open-Meteo Archive;15;13.2;18.8;6;11.4;;;;Dato obtenido por fallback Open-Meteo;Lluvioso;Sí;No
75°44'43.0''W;5°24'09.9''N;Riosucio;6:00:00;14:00:00;12ARGEN;03/02/2026;5.40275;-75.74527778;03/02/2026;03/02/2026 6:00;03/02/2026 14:00;03/02/2026;5.40275;-75.74528;03/02/2026;Open-Meteo Archive;14.6;11.4;19.6;9.7;7.9;;;;Dato obtenido por fallback Open-Meteo;Lluvioso;Sí;No
75°44'43.0''W;5°24'09.9''N;Riosucio;14:00:00;22:00:00;12ARGEN;03/02/2026;5.40275;-75.74527778;03/02/2026;03/02/2026 14:00;03/02/2026 22:00;03/02/2026;5.40275;-75.74528;03/02/2026;Open-Meteo Archive;14.6;11.4;19.6;9.7;7.9;;;;Dato obtenido por fallback Open-Meteo;Lluvioso;Sí;No
75°44'43.0''W;5°24'09.9''N;Riosucio;14:00:00;22:00:00;12ARGEN;03/02/2026;5.40275;-75.74527778;03/02/2026;03/02/2026 14:00;03/02/2026 22:00;03/02/2026;5.40275;-75.74528;03/02/2026;Open-Meteo Archive;14.6;11.4;19.6;9.7;7.9;;;;Dato obtenido por fallback Open-Meteo;Lluvioso;Sí;No
75°44'43.0''W;5°24'09.9''N;Riosucio;14:00:00;22:00:00;12ARGEN;04/02/2026;5.40275;-75.74527778;04/02/2026;04/02/2026 14:00;04/02/2026 22:00;04/02/2026;5.40275;-75.74528;04/02/2026;Open-Meteo Archive;14.7;11.3;19;1.6;7.1;;;;Dato obtenido por fallback Open-Meteo;Lluvioso;Sí;No
76°31'18.7''W;3°03'37.9''N;Santander_Quilichao;14:00:00;22:00:00;25QUIRA;05/02/2026;3.060527778;-76.52186111;05/02/2026;05/02/2026 14:00;05/02/2026 22:00;05/02/2026;3.06053;-76.52186;05/02/2026;Open-Meteo Archive;21.2;17.5;27.3;41.8;10.5;;;;Dato obtenido por fallback Open-Meteo;Lluvioso;Sí;No
76°31'18.7''W;3°03'37.9''N;Santander_Quilichao;6:00:00;14:00:00;25QUIRA;05/02/2026;3.060527778;-76.52186111;05/02/2026;05/02/2026 6:00;05/02/2026 14:00;05/02/2026;3.06053;-76.52186;05/02/2026;Open-Meteo Archive;21.2;17.5;27.3;41.8;10.5;;;;Dato obtenido por fallback Open-Meteo;Lluvioso;Sí;No
76°29'55.3''W;3°51'37.6''N;Restrepo;6:00:00;14:00:00;34ESTRE;05/02/2026;3.860444444;-76.49869444;05/02/2026;05/02/2026 6:00;05/02/2026 14:00;05/02/2026;3.86044;-76.49869;05/02/2026;Open-Meteo Archive;19.4;17.1;22.7;1.4;13.6;;;;Dato obtenido por fallback Open-Meteo;Lluvioso;Sí;No
76°29'55.3''W;3°51'37.6''N;Restrepo;14:00:00;22:00:00;34ESTRE;05/02/2026;3.860444444;-76.49869444;05/02/2026;05/02/2026 14:00;05/02/2026 22:00;05/02/2026;3.86044;-76.49869;05/02/2026;Open-Meteo Archive;19.4;17.1;22.7;1.4;13.6;;;;Dato obtenido por fallback Open-Meteo;Lluvioso;Sí;No
75°51'47.2''W;4°07'04.0''N;Sevilla;6:00:00;14:00:00;13CRIST;06/02/2026;4.117777778;-75.86311111;06/02/2026;06/02/2026 6:00;06/02/2026 14:00;06/02/2026;4.11778;-75.86311;06/02/2026;Open-Meteo Archive;14.4;12.6;17.1;27.6;9.5;;;;Dato obtenido por fallback Open-Meteo;Lluvioso;Sí;No
75°51'47.2''W;4°07'04.0''N;Sevilla;14:00:00;22:00:00;13CRIST;06/02/2026;4.117777778;-75.86311111;06/02/2026;06/02/2026 14:00;06/02/2026 22:00;06/02/2026;4.11778;-75.86311;06/02/2026;Open-Meteo Archive;14.4;12.6;17.1;27.6;9.5;;;;Dato obtenido por fallback Open-Meteo;Lluvioso;Sí;No
75°52'33.4''W;4°06'28.8''N;Sevilla;6:00:00;14:00:00;13SINAB;06/02/2026;4.108;-75.87594444;06/02/2026;06/02/2026 6:00;06/02/2026 14:00;06/02/2026;4.108;-75.87594;06/02/2026;Open-Meteo Archive;12.7;10.9;15.4;27.6;9.5;;;;Dato obtenido por fallback Open-Meteo;Lluvioso;Sí;No
76°34'23.0''W;3°41'39.8''N;Cumbre;6:00:00;14:00:00;32PORRA;06/02/2026;3.694388889;-76.57305556;06/02/2026;06/02/2026 6:00;06/02/2026 14:00;06/02/2026;3.69439;-76.57306;06/02/2026;Meteostat Daily;22.8;20;27;27.8;5;1017.5;;;Dato diario obtenido correctamente;Lluvioso;Sí;No
76°34'23.0''W;3°41'39.8''N;Cumbre;14:00:00;22:00:00;32PORRA;06/02/2026;3.694388889;-76.57305556;06/02/2026;06/02/2026 14:00;06/02/2026 22:00;06/02/2026;3.69439;-76.57306;06/02/2026;Meteostat Daily;22.8;20;27;27.8;5;1017.5;;;Dato diario obtenido correctamente;Lluvioso;Sí;No
76°34'23.0''W;3°41'39.8''N;Cumbre;6:00:00;14:00:00;32PORRA;07/02/2026;3.694388889;-76.57305556;07/02/2026;07/02/2026 6:00;07/02/2026 14:00;07/02/2026;3.69439;-76.57306;07/02/2026;Meteostat Daily;23.5;19;30;1.6;6.8;1016.7;;;Dato diario obtenido correctamente;Lluvioso;Sí;No
76°34'23.0''W;3°41'39.8''N;Cumbre;14:00:00;22:00:00;32PORRA;07/02/2026;3.694388889;-76.57305556;07/02/2026;07/02/2026 14:00;07/02/2026 22:00;07/02/2026;3.69439;-76.57306;07/02/2026;Meteostat Daily;23.5;19;30;1.6;6.8;1016.7;;;Dato diario obtenido correctamente;Lluvioso;Sí;No
76°29'55.3''W;3°51'37.6''N;Restrepo;6:00:00;14:00:00;34ESTRE;06/02/2026;3.860444444;-76.49869444;06/02/2026;06/02/2026 6:00;06/02/2026 14:00;06/02/2026;3.86044;-76.49869;06/02/2026;Open-Meteo Archive;18.5;16.5;22;4.2;5;;;;Dato obtenido por fallback Open-Meteo;Lluvioso;Sí;No
76°29'55.3''W;3°51'37.6''N;Restrepo;14:00:00;22:00:00;34ESTRE;06/02/2026;3.860444444;-76.49869444;06/02/2026;06/02/2026 14:00;06/02/2026 22:00;06/02/2026;3.86044;-76.49869;06/02/2026;Open-Meteo Archive;18.5;16.5;22;4.2;5;;;;Dato obtenido por fallback Open-Meteo;Lluvioso;Sí;No
76°29'55.3''W;3°51'37.6''N;Restrepo;6:00:00;14:00:00;34ESTRE;07/02/2026;3.860444444;-76.49869444;07/02/2026;07/02/2026 6:00;07/02/2026 14:00;07/02/2026;3.86044;-76.49869;07/02/2026;Open-Meteo Archive;19;16;23.5;0.1;8.1;;;;Dato obtenido por fallback Open-Meteo;Lluvioso;Sí;No
76°29'55.3''W;3°51'37.6''N;Restrepo;14:00:00;22:00:00;34ESTRE;07/02/2026;3.860444444;-76.49869444;07/02/2026;07/02/2026 14:00;07/02/2026 22:00;07/02/2026;3.86044;-76.49869;07/02/2026;Open-Meteo Archive;19;16;23.5;0.1;8.1;;;;Dato obtenido por fallback Open-Meteo;Lluvioso;Sí;No
75°51'47.2''W;4°07'04.0''N;Sevilla;6:00:00;14:00:00;13CRIST;07/02/2026;4.117777778;-75.86311111;07/02/2026;07/02/2026 6:00;07/02/2026 14:00;07/02/2026;4.11778;-75.86311;07/02/2026;Open-Meteo Archive;14.5;10.4;18.3;23.3;8.5;;;;Dato obtenido por fallback Open-Meteo;Lluvioso;Sí;No
75°52'33.4''W;4°06'28.8''N;Sevilla;6:00:00;14:00:00;13SINAB;07/02/2026;4.108;-75.87594444;07/02/2026;07/02/2026 6:00;07/02/2026 14:00;07/02/2026;4.108;-75.87594;07/02/2026;Open-Meteo Archive;12.8;8.7;16.5;23.3;8.5;;;;Dato obtenido por fallback Open-Meteo;Lluvioso;Sí;No
76°25'45.2''W;4°02'52.2''N;Riofrio;14:00:00;22:00:00;31PALES;05/02/2026;4.047833333;-76.42922222;05/02/2026;05/02/2026 14:00;05/02/2026 22:00;05/02/2026;4.04783;-76.42922;05/02/2026;Open-Meteo Archive;15.8;13.9;19.3;13.6;9.6;;;;Dato obtenido por fallback Open-Meteo;Lluvioso;Sí;No
76°25'45.2''W;4°02'52.2''N;Riofrio;14:00:00;22:00:00;31PALES;06/02/2026;4.047833333;-76.42922222;06/02/2026;06/02/2026 14:00;06/02/2026 22:00;06/02/2026;4.04783;-76.42922;06/02/2026;Open-Meteo Archive;14.6;13.4;16.5;10.2;6.6;;;;Dato obtenido por fallback Open-Meteo;Lluvioso;Sí;No
76°25'45.2''W;4°02'52.2''N;Riofrio;6:00:00;14:00:00;31PALES;06/02/2026;4.047833333;-76.42922222;06/02/2026;06/02/2026 6:00;06/02/2026 14:00;06/02/2026;4.04783;-76.42922;06/02/2026;Open-Meteo Archive;14.6;13.4;16.5;10.2;6.6;;;;Dato obtenido por fallback Open-Meteo;Lluvioso;Sí;No
76°25'45.2''W;4°02'52.2''N;Riofrio;6:00:00;14:00:00;31PALES;07/02/2026;4.047833333;-76.42922222;07/02/2026;07/02/2026 6:00;07/02/2026 14:00;07/02/2026;4.04783;-76.42922;07/02/2026;Open-Meteo Archive;15.1;12.8;18.8;23.4;9.5;;;;Dato obtenido por fallback Open-Meteo;Lluvioso;Sí;No
76°25'45.2''W;4°02'52.2''N;Riofrio;14:00:00;22:00:00;31PALES;07/02/2026;4.047833333;-76.42922222;07/02/2026;07/02/2026 14:00;07/02/2026 22:00;07/02/2026;4.04783;-76.42922;07/02/2026;Open-Meteo Archive;15.1;12.8;18.8;23.4;9.5;;;;Dato obtenido por fallback Open-Meteo;Lluvioso;Sí;No
76°31'18.7''W;3°03'37.9''N;Santander_Quilichao;14:00:00;22:00:00;25QUIRA;06/02/2026;3.060527778;-76.52186111;06/02/2026;06/02/2026 14:00;06/02/2026 22:00;06/02/2026;3.06053;-76.52186;06/02/2026;Open-Meteo Archive;19.8;18.2;23;14.9;6.8;;;;Dato obtenido por fallback Open-Meteo;Lluvioso;Sí;No
76°31'18.7''W;3°03'37.9''N;Santander_Quilichao;6:00:00;14:00:00;25QUIRA;06/02/2026;3.060527778;-76.52186111;06/02/2026;06/02/2026 6:00;06/02/2026 14:00;06/02/2026;3.06053;-76.52186;06/02/2026;Open-Meteo Archive;19.8;18.2;23;14.9;6.8;;;;Dato obtenido por fallback Open-Meteo;Lluvioso;Sí;No
76°31'18.7''W;3°03'37.9''N;Santander_Quilichao;14:00:00;22:00:00;25QUIRA;07/02/2026;3.060527778;-76.52186111;07/02/2026;07/02/2026 14:00;07/02/2026 22:00;07/02/2026;3.06053;-76.52186;07/02/2026;Open-Meteo Archive;20.8;17;27;24;9.7;;;;Dato obtenido por fallback Open-Meteo;Lluvioso;Sí;No
76°31'18.7''W;3°03'37.9''N;Santander_Quilichao;6:00:00;14:00:00;25QUIRA;07/02/2026;3.060527778;-76.52186111;07/02/2026;07/02/2026 6:00;07/02/2026 14:00;07/02/2026;3.06053;-76.52186;07/02/2026;Open-Meteo Archive;20.8;17;27;24;9.7;;;;Dato obtenido por fallback Open-Meteo;Lluvioso;Sí;No
76°16'33.7''W;4°26'45.6''N;Bolivar;6:00:00;14:00:00;35CRIST;06/02/2026;4.446;-76.27602778;06/02/2026;06/02/2026 6:00;06/02/2026 14:00;06/02/2026;4.446;-76.27603;06/02/2026;Open-Meteo Archive;14.6;12.6;17.9;17.2;8.4;;;;Dato obtenido por fallback Open-Meteo;Lluvioso;Sí;No
76°16'33.7''W;4°26'45.6''N;Bolivar;6:00:00;14:00:00;35CRIST;07/02/2026;4.446;-76.27602778;07/02/2026;07/02/2026 6:00;07/02/2026 14:00;07/02/2026;4.446;-76.27603;07/02/2026;Open-Meteo Archive;14.9;12.3;19.5;11.2;9.3;;;;Dato obtenido por fallback Open-Meteo;Lluvioso;Sí;No
76°16'33.7''W;4°26'45.6''N;Bolivar;6:00:00;14:00:00;35CRIST;07/02/2026;4.446;-76.27602778;07/02/2026;07/02/2026 6:00;07/02/2026 14:00;07/02/2026;4.446;-76.27603;07/02/2026;Open-Meteo Archive;14.9;12.3;19.5;11.2;9.3;;;;Dato obtenido por fallback Open-Meteo;Lluvioso;Sí;No
76°16'33.7''W;4°26'45.6''N;Bolivar;6:00:00;14:00:00;35CRIST;08/02/2026;4.446;-76.27602778;08/02/2026;08/02/2026 6:00;08/02/2026 14:00;08/02/2026;4.446;-76.27603;08/02/2026;Open-Meteo Archive;15.2;13.6;19.5;25.7;6.9;;;;Dato obtenido por fallback Open-Meteo;Lluvioso;Sí;No
76°16'33.7''W;4°26'45.6''N;Bolivar;14:00:00;22:00:00;35CRIST;08/02/2026;4.446;-76.27602778;08/02/2026;08/02/2026 14:00;08/02/2026 22:00;08/02/2026;4.446;-76.27603;08/02/2026;Open-Meteo Archive;15.2;13.6;19.5;25.7;6.9;;;;Dato obtenido por fallback Open-Meteo;Lluvioso;Sí;No
76°34'23.0''W;3°41'39.8''N;Cumbre;6:00:00;14:00:00;32PORRA;08/02/2026;3.694388889;-76.57305556;08/02/2026;08/02/2026 6:00;08/02/2026 14:00;08/02/2026;3.69439;-76.57306;08/02/2026;Meteostat Daily;23.8;20;29;6.2;7.4;1016.5;;;Dato diario obtenido correctamente;Lluvioso;Sí;No
76°34'23.0''W;3°41'39.8''N;Cumbre;6:00:00;14:00:00;32PORRA;08/02/2026;3.694388889;-76.57305556;08/02/2026;08/02/2026 6:00;08/02/2026 14:00;08/02/2026;3.69439;-76.57306;08/02/2026;Meteostat Daily;23.8;20;29;6.2;7.4;1016.5;;;Dato diario obtenido correctamente;Lluvioso;Sí;No
76°34'23.0''W;3°41'39.8''N;Cumbre;14:00:00;22:00:00;32PORRA;08/02/2026;3.694388889;-76.57305556;08/02/2026;08/02/2026 14:00;08/02/2026 22:00;08/02/2026;3.69439;-76.57306;08/02/2026;Meteostat Daily;23.8;20;29;6.2;7.4;1016.5;;;Dato diario obtenido correctamente;Lluvioso;Sí;No
76°34'23.0''W;3°41'39.8''N;Cumbre;6:00:00;14:00:00;32PORRA;09/02/2026;3.694388889;-76.57305556;09/02/2026;09/02/2026 6:00;09/02/2026 14:00;09/02/2026;3.69439;-76.57306;09/02/2026;Meteostat Daily;24.1;19;31;5.8;8.2;;;;Dato diario obtenido correctamente;Lluvioso;Sí;No
76°34'23.0''W;3°41'39.8''N;Cumbre;14:00:00;22:00:00;32PORRA;09/02/2026;3.694388889;-76.57305556;09/02/2026;09/02/2026 14:00;09/02/2026 22:00;09/02/2026;3.69439;-76.57306;09/02/2026;Meteostat Daily;24.1;19;31;5.8;8.2;;;;Dato diario obtenido correctamente;Lluvioso;Sí;No
76°34'23.0''W;3°41'39.8''N;Cumbre;6:00:00;14:00:00;32PORRA;09/02/2026;3.694388889;-76.57305556;09/02/2026;09/02/2026 6:00;09/02/2026 14:00;09/02/2026;3.69439;-76.57306;09/02/2026;Meteostat Daily;24.1;19;31;5.8;8.2;;;;Dato diario obtenido correctamente;Lluvioso;Sí;No
76°29'55.3''W;3°51'37.6''N;Restrepo;6:00:00;14:00:00;34ESTRE;08/02/2026;3.860444444;-76.49869444;08/02/2026;08/02/2026 6:00;08/02/2026 14:00;08/02/2026;3.86044;-76.49869;08/02/2026;Open-Meteo Archive;19.3;16.5;24;1.3;7.3;;;;Dato obtenido por fallback Open-Meteo;Lluvioso;Sí;No
76°29'55.3''W;3°51'37.6''N;Restrepo;14:00:00;22:00:00;34ESTRE;08/02/2026;3.860444444;-76.49869444;08/02/2026;08/02/2026 14:00;08/02/2026 22:00;08/02/2026;3.86044;-76.49869;08/02/2026;Open-Meteo Archive;19.3;16.5;24;1.3;7.3;;;;Dato obtenido por fallback Open-Meteo;Lluvioso;Sí;No
76°29'55.3''W;3°51'37.6''N;Restrepo;14:00:00;22:00:00;34ESTRE;09/02/2026;3.860444444;-76.49869444;09/02/2026;09/02/2026 14:00;09/02/2026 22:00;09/02/2026;3.86044;-76.49869;09/02/2026;Open-Meteo Archive;19.4;16;25.2;3.4;10.6;;;;Dato obtenido por fallback Open-Meteo;Lluvioso;Sí;No
76°29'55.3''W;3°51'37.6''N;Restrepo;6:00:00;14:00:00;34ESTRE;09/02/2026;3.860444444;-76.49869444;09/02/2026;09/02/2026 6:00;09/02/2026 14:00;09/02/2026;3.86044;-76.49869;09/02/2026;Open-Meteo Archive;19.4;16;25.2;3.4;10.6;;;;Dato obtenido por fallback Open-Meteo;Lluvioso;Sí;No
75°52'33.4''W;4°06'28.8''N;Sevilla;6:00:00;14:00:00;13SINAB;07/02/2026;4.108;-75.87594444;07/02/2026;07/02/2026 6:00;07/02/2026 14:00;07/02/2026;4.108;-75.87594;07/02/2026;Open-Meteo Archive;12.8;8.7;16.5;23.3;8.5;;;;Dato obtenido por fallback Open-Meteo;Lluvioso;Sí;No
75°51'47.2''W;4°07'04.0''N;Sevilla;6:00:00;14:00:00;13CRIST;08/02/2026;4.117777778;-75.86311111;08/02/2026;08/02/2026 6:00;08/02/2026 14:00;08/02/2026;4.11778;-75.86311;08/02/2026;Open-Meteo Archive;14.8;10.9;18.7;17.1;7.6;;;;Dato obtenido por fallback Open-Meteo;Lluvioso;Sí;No
75°51'47.2''W;4°07'04.0''N;Sevilla;14:00:00;22:00:00;13CRIST;08/02/2026;4.117777778;-75.86311111;08/02/2026;08/02/2026 14:00;08/02/2026 22:00;08/02/2026;4.11778;-75.86311;08/02/2026;Open-Meteo Archive;14.8;10.9;18.7;17.1;7.6;;;;Dato obtenido por fallback Open-Meteo;Lluvioso;Sí;No
75°52'33.4''W;4°06'28.8''N;Sevilla;6:00:00;14:00:00;13SINAB;08/02/2026;4.108;-75.87594444;08/02/2026;08/02/2026 6:00;08/02/2026 14:00;08/02/2026;4.108;-75.87594;08/02/2026;Open-Meteo Archive;13.1;9.2;16.9;17.1;7.6;;;;Dato obtenido por fallback Open-Meteo;Lluvioso;Sí;No
75°52'33.4''W;4°06'28.8''N;Sevilla;14:00:00;22:00:00;13SINAB;08/02/2026;4.108;-75.87594444;08/02/2026;08/02/2026 14:00;08/02/2026 22:00;08/02/2026;4.108;-75.87594;08/02/2026;Open-Meteo Archive;13.1;9.2;16.9;17.1;7.6;;;;Dato obtenido por fallback Open-Meteo;Lluvioso;Sí;No
75°51'47.2''W;4°07'04.0''N;Sevilla;14:00:00;22:00:00;13CRIST;08/02/2026;4.117777778;-75.86311111;08/02/2026;08/02/2026 14:00;08/02/2026 22:00;08/02/2026;4.11778;-75.86311;08/02/2026;Open-Meteo Archive;14.8;10.9;18.7;17.1;7.6;;;;Dato obtenido por fallback Open-Meteo;Lluvioso;Sí;No
75°51'47.2''W;4°07'04.0''N;Sevilla;6:00:00;14:00:00;13CRIST;08/02/2026;4.117777778;-75.86311111;08/02/2026;08/02/2026 6:00;08/02/2026 14:00;08/02/2026;4.11778;-75.86311;08/02/2026;Open-Meteo Archive;14.8;10.9;18.7;17.1;7.6;;;;Dato obtenido por fallback Open-Meteo;Lluvioso;Sí;No
75°52'33.4''W;4°06'28.8''N;Sevilla;6:00:00;14:00:00;13SINAB;08/02/2026;4.108;-75.87594444;08/02/2026;08/02/2026 6:00;08/02/2026 14:00;08/02/2026;4.108;-75.87594;08/02/2026;Open-Meteo Archive;13.1;9.2;16.9;17.1;7.6;;;;Dato obtenido por fallback Open-Meteo;Lluvioso;Sí;No
75°52'33.4''W;4°06'28.8''N;Sevilla;14:00:00;22:00:00;13SINAB;08/02/2026;4.108;-75.87594444;08/02/2026;08/02/2026 14:00;08/02/2026 22:00;08/02/2026;4.108;-75.87594;08/02/2026;Open-Meteo Archive;13.1;9.2;16.9;17.1;7.6;;;;Dato obtenido por fallback Open-Meteo;Lluvioso;Sí;No
76°31'18.7''W;3°03'37.9''N;Santander_Quilichao;14:00:00;22:00:00;25QUIRA;08/02/2026;3.060527778;-76.52186111;08/02/2026;08/02/2026 14:00;08/02/2026 22:00;08/02/2026;3.06053;-76.52186;08/02/2026;Open-Meteo Archive;21.4;18.4;28.4;14.9;11.2;;;;Dato obtenido por fallback Open-Meteo;Lluvioso;Sí;No
76°31'18.7''W;3°03'37.9''N;Santander_Quilichao;6:00:00;14:00:00;25QUIRA;08/02/2026;3.060527778;-76.52186111;08/02/2026;08/02/2026 6:00;08/02/2026 14:00;08/02/2026;3.06053;-76.52186;08/02/2026;Open-Meteo Archive;21.4;18.4;28.4;14.9;11.2;;;;Dato obtenido por fallback Open-Meteo;Lluvioso;Sí;No
76°31'18.7''W;3°03'37.9''N;Santander_Quilichao;14:00:00;22:00:00;25QUIRA;09/02/2026;3.060527778;-76.52186111;09/02/2026;09/02/2026 14:00;09/02/2026 22:00;09/02/2026;3.06053;-76.52186;09/02/2026;Open-Meteo Archive;21.7;18;27.6;11.7;10.1;;;;Dato obtenido por fallback Open-Meteo;Lluvioso;Sí;No
76°31'18.7''W;3°03'37.9''N;Santander_Quilichao;6:00:00;14:00:00;25QUIRA;09/02/2026;3.060527778;-76.52186111;09/02/2026;09/02/2026 6:00;09/02/2026 14:00;09/02/2026;3.06053;-76.52186;09/02/2026;Open-Meteo Archive;21.7;18;27.6;11.7;10.1;;;;Dato obtenido por fallback Open-Meteo;Lluvioso;Sí;No
76°25'45.2''W;4°02'52.2''N;Riofrio;14:00:00;22:00:00;31PALES;08/02/2026;4.047833333;-76.42922222;08/02/2026;08/02/2026 14:00;08/02/2026 22:00;08/02/2026;4.04783;-76.42922;08/02/2026;Open-Meteo Archive;15.6;13.7;19.2;10.5;8.9;;;;Dato obtenido por fallback Open-Meteo;Lluvioso;Sí;No
76°25'45.2''W;4°02'52.2''N;Riofrio;6:00:00;14:00:00;31PALES;08/02/2026;4.047833333;-76.42922222;08/02/2026;08/02/2026 6:00;08/02/2026 14:00;08/02/2026;4.04783;-76.42922;08/02/2026;Open-Meteo Archive;15.6;13.7;19.2;10.5;8.9;;;;Dato obtenido por fallback Open-Meteo;Lluvioso;Sí;No
76°25'45.2''W;4°02'52.2''N;Riofrio;6:00:00;14:00:00;31PALES;09/02/2026;4.047833333;-76.42922222;09/02/2026;09/02/2026 6:00;09/02/2026 14:00;09/02/2026;4.04783;-76.42922;09/02/2026;Open-Meteo Archive;15.8;13.1;20.2;6.3;12.1;;;;Dato obtenido por fallback Open-Meteo;Lluvioso;Sí;No
76°25'45.2''W;4°02'52.2''N;Riofrio;14:00:00;22:00:00;31PALES;09/02/2026;4.047833333;-76.42922222;09/02/2026;09/02/2026 14:00;09/02/2026 22:00;09/02/2026;4.04783;-76.42922;09/02/2026;Open-Meteo Archive;15.8;13.1;20.2;6.3;12.1;;;;Dato obtenido por fallback Open-Meteo;Lluvioso;Sí;No
76°31'18.7''W;3°03'37.9''N;Santander_Quilichao;14:00:00;22:00:00;25QUIRA;10/02/2026;3.060527778;-76.52186111;10/02/2026;10/02/2026 14:00;10/02/2026 22:00;10/02/2026;3.06053;-76.52186;10/02/2026;Open-Meteo Archive;21.8;18.4;27.9;16.5;13.9;;;;Dato obtenido por fallback Open-Meteo;Lluvioso;Sí;No
76°31'18.7''W;3°03'37.9''N;Santander_Quilichao;6:00:00;14:00:00;25QUIRA;10/02/2026;3.060527778;-76.52186111;10/02/2026;10/02/2026 6:00;10/02/2026 14:00;10/02/2026;3.06053;-76.52186;10/02/2026;Open-Meteo Archive;21.8;18.4;27.9;16.5;13.9;;;;Dato obtenido por fallback Open-Meteo;Lluvioso;Sí;No
76°31'18.7''W;3°03'37.9''N;Santander_Quilichao;6:00:00;14:00:00;25QUIRA;11/02/2026;3.060527778;-76.52186111;11/02/2026;11/02/2026 6:00;11/02/2026 14:00;11/02/2026;3.06053;-76.52186;11/02/2026;Open-Meteo Archive;21.6;17.9;27.6;13.5;10.3;;;;Dato obtenido por fallback Open-Meteo;Lluvioso;Sí;No
76°31'18.7''W;3°03'37.9''N;Santander_Quilichao;14:00:00;22:00:00;25QUIRA;11/02/2026;3.060527778;-76.52186111;11/02/2026;11/02/2026 14:00;11/02/2026 22:00;11/02/2026;3.06053;-76.52186;11/02/2026;Open-Meteo Archive;21.6;17.9;27.6;13.5;10.3;;;;Dato obtenido por fallback Open-Meteo;Lluvioso;Sí;No
76°25'45.2''W;4°02'52.2''N;Riofrio;6:00:00;14:00:00;31PALES;10/02/2026;4.047833333;-76.42922222;10/02/2026;10/02/2026 6:00;10/02/2026 14:00;10/02/2026;4.04783;-76.42922;10/02/2026;Open-Meteo Archive;16;13.8;19.5;14.5;9.5;;;;Dato obtenido por fallback Open-Meteo;Lluvioso;Sí;No
76°25'45.2''W;4°02'52.2''N;Riofrio;14:00:00;22:00:00;31PALES;10/02/2026;4.047833333;-76.42922222;10/02/2026;10/02/2026 14:00;10/02/2026 22:00;10/02/2026;4.04783;-76.42922;10/02/2026;Open-Meteo Archive;16;13.8;19.5;14.5;9.5;;;;Dato obtenido por fallback Open-Meteo;Lluvioso;Sí;No
76°25'45.2''W;4°02'52.2''N;Riofrio;6:00:00;14:00:00;31PALES;11/02/2026;4.047833333;-76.42922222;11/02/2026;11/02/2026 6:00;11/02/2026 14:00;11/02/2026;4.04783;-76.42922;11/02/2026;Open-Meteo Archive;15.5;13.6;19.4;12.7;10;;;;Dato obtenido por fallback Open-Meteo;Lluvioso;Sí;No
76°25'45.2''W;4°02'52.2''N;Riofrio;14:00:00;22:00:00;31PALES;11/02/2026;4.047833333;-76.42922222;11/02/2026;11/02/2026 14:00;11/02/2026 22:00;11/02/2026;4.04783;-76.42922;11/02/2026;Open-Meteo Archive;15.5;13.6;19.4;12.7;10;;;;Dato obtenido por fallback Open-Meteo;Lluvioso;Sí;No
76°29'55.3''W;3°51'37.6''N;Restrepo;14:00:00;22:00:00;34ESTRE;10/02/2026;3.860444444;-76.49869444;10/02/2026;10/02/2026 14:00;10/02/2026 22:00;10/02/2026;3.86044;-76.49869;10/02/2026;Open-Meteo Archive;19.9;16.9;24.6;1.6;6.5;;;;Dato obtenido por fallback Open-Meteo;Lluvioso;Sí;No
76°29'55.3''W;3°51'37.6''N;Restrepo;6:00:00;14:00:00;34ESTRE;10/02/2026;3.860444444;-76.49869444;10/02/2026;10/02/2026 6:00;10/02/2026 14:00;10/02/2026;3.86044;-76.49869;10/02/2026;Open-Meteo Archive;19.9;16.9;24.6;1.6;6.5;;;;Dato obtenido por fallback Open-Meteo;Lluvioso;Sí;No
76°29'55.3''W;3°51'37.6''N;Restrepo;14:00:00;22:00:00;34ESTRE;11/02/2026;3.860444444;-76.49869444;11/02/2026;11/02/2026 14:00;11/02/2026 22:00;11/02/2026;3.86044;-76.49869;11/02/2026;Open-Meteo Archive;19.5;16.9;24.2;1.3;9.4;;;;Dato obtenido por fallback Open-Meteo;Lluvioso;Sí;No
76°29'55.3''W;3°51'37.6''N;Restrepo;6:00:00;14:00:00;34ESTRE;11/02/2026;3.860444444;-76.49869444;11/02/2026;11/02/2026 6:00;11/02/2026 14:00;11/02/2026;3.86044;-76.49869;11/02/2026;Open-Meteo Archive;19.5;16.9;24.2;1.3;9.4;;;;Dato obtenido por fallback Open-Meteo;Lluvioso;Sí;No
75°51'47.2''W;4°07'04.0''N;Sevilla;6:00:00;14:00:00;13CRIST;10/02/2026;4.117777778;-75.86311111;10/02/2026;10/02/2026 6:00;10/02/2026 14:00;10/02/2026;4.11778;-75.86311;10/02/2026;Open-Meteo Archive;15.3;11.6;21.2;16.7;10;;;;Dato obtenido por fallback Open-Meteo;Lluvioso;Sí;No
75°51'47.2''W;4°07'04.0''N;Sevilla;14:00:00;22:00:00;13CRIST;10/02/2026;4.117777778;-75.86311111;10/02/2026;10/02/2026 14:00;10/02/2026 22:00;10/02/2026;4.11778;-75.86311;10/02/2026;Open-Meteo Archive;15.3;11.6;21.2;16.7;10;;;;Dato obtenido por fallback Open-Meteo;Lluvioso;Sí;No
75°52'33.4''W;4°06'28.8''N;Sevilla;6:00:00;14:00:00;13SINAB;10/02/2026;4.108;-75.87594444;10/02/2026;10/02/2026 6:00;10/02/2026 14:00;10/02/2026;4.108;-75.87594;10/02/2026;Open-Meteo Archive;13.6;9.9;19.4;16.7;10;;;;Dato obtenido por fallback Open-Meteo;Lluvioso;Sí;No
75°52'33.4''W;4°06'28.8''N;Sevilla;14:00:00;22:00:00;13SINAB;10/02/2026;4.108;-75.87594444;10/02/2026;10/02/2026 14:00;10/02/2026 22:00;10/02/2026;4.108;-75.87594;10/02/2026;Open-Meteo Archive;13.6;9.9;19.4;16.7;10;;;;Dato obtenido por fallback Open-Meteo;Lluvioso;Sí;No
75°51'47.2''W;4°07'04.0''N;Sevilla;6:00:00;14:00:00;13CRIST;10/02/2026;4.117777778;-75.86311111;10/02/2026;10/02/2026 6:00;10/02/2026 14:00;10/02/2026;4.11778;-75.86311;10/02/2026;Open-Meteo Archive;15.3;11.6;21.2;16.7;10;;;;Dato obtenido por fallback Open-Meteo;Lluvioso;Sí;No
75°52'33.4''W;4°06'28.8''N;Sevilla;6:00:00;14:00:00;13SINAB;10/02/2026;4.108;-75.87594444;10/02/2026;10/02/2026 6:00;10/02/2026 14:00;10/02/2026;4.108;-75.87594;10/02/2026;Open-Meteo Archive;13.6;9.9;19.4;16.7;10;;;;Dato obtenido por fallback Open-Meteo;Lluvioso;Sí;No
75°52'33.4''W;4°06'28.8''N;Sevilla;14:00:00;22:00:00;13SINAB;10/02/2026;4.108;-75.87594444;10/02/2026;10/02/2026 14:00;10/02/2026 22:00;10/02/2026;4.108;-75.87594;10/02/2026;Open-Meteo Archive;13.6;9.9;19.4;16.7;10;;;;Dato obtenido por fallback Open-Meteo;Lluvioso;Sí;No
76°34'23.0''W;3°41'39.8''N;Cumbre;6:00:00;14:00:00;32PORRA;10/02/2026;3.694388889;-76.57305556;10/02/2026;10/02/2026 6:00;10/02/2026 14:00;10/02/2026;3.69439;-76.57306;10/02/2026;Meteostat Daily;24.5;19.7;30.4;2.5;10.7;;;;Dato diario obtenido correctamente;Lluvioso;Sí;No
76°34'23.0''W;3°41'39.8''N;Cumbre;6:00:00;14:00:00;32PORRA;10/02/2026;3.694388889;-76.57305556;10/02/2026;10/02/2026 6:00;10/02/2026 14:00;10/02/2026;3.69439;-76.57306;10/02/2026;Meteostat Daily;24.5;19.7;30.4;2.5;10.7;;;;Dato diario obtenido correctamente;Lluvioso;Sí;No
76°34'23.0''W;3°41'39.8''N;Cumbre;14:00:00;22:00:00;32PORRA;10/02/2026;3.694388889;-76.57305556;10/02/2026;10/02/2026 14:00;10/02/2026 22:00;10/02/2026;3.69439;-76.57306;10/02/2026;Meteostat Daily;24.5;19.7;30.4;2.5;10.7;;;;Dato diario obtenido correctamente;Lluvioso;Sí;No
76°34'23.0''W;3°41'39.8''N;Cumbre;14:00:00;22:00:00;32PORRA;10/02/2026;3.694388889;-76.57305556;10/02/2026;10/02/2026 14:00;10/02/2026 22:00;10/02/2026;3.69439;-76.57306;10/02/2026;Meteostat Daily;24.5;19.7;30.4;2.5;10.7;;;;Dato diario obtenido correctamente;Lluvioso;Sí;No
76°34'23.0''W;3°41'39.8''N;Cumbre;6:00:00;14:00:00;32PORRA;11/02/2026;3.694388889;-76.57305556;11/02/2026;11/02/2026 6:00;11/02/2026 14:00;11/02/2026;3.69439;-76.57306;11/02/2026;Meteostat Daily;24.8;20.6;31.1;1.3;9.9;;;;Dato diario obtenido correctamente;Lluvioso;Sí;No
76°34'23.0''W;3°41'39.8''N;Cumbre;14:00:00;22:00:00;32PORRA;11/02/2026;3.694388889;-76.57305556;11/02/2026;11/02/2026 14:00;11/02/2026 22:00;11/02/2026;3.69439;-76.57306;11/02/2026;Meteostat Daily;24.8;20.6;31.1;1.3;9.9;;;;Dato diario obtenido correctamente;Lluvioso;Sí;No
76°34'23.0''W;3°41'39.8''N;Cumbre;6:00:00;14:00:00;32PORRA;11/02/2026;3.694388889;-76.57305556;11/02/2026;11/02/2026 6:00;11/02/2026 14:00;11/02/2026;3.69439;-76.57306;11/02/2026;Meteostat Daily;24.8;20.6;31.1;1.3;9.9;;;;Dato diario obtenido correctamente;Lluvioso;Sí;No
76°34'23.0''W;3°41'39.8''N;Cumbre;14:00:00;22:00:00;32PORRA;11/02/2026;3.694388889;-76.57305556;11/02/2026;11/02/2026 14:00;11/02/2026 22:00;11/02/2026;3.69439;-76.57306;11/02/2026;Meteostat Daily;24.8;20.6;31.1;1.3;9.9;;;;Dato diario obtenido correctamente;Lluvioso;Sí;No
76°34'23.0''W;3°41'39.8''N;Cumbre;6:00:00;14:00:00;32PORRA;12/02/2026;3.694388889;-76.57305556;12/02/2026;12/02/2026 6:00;12/02/2026 14:00;12/02/2026;3.69439;-76.57306;12/02/2026;Imputado por fecha;24.6;20.5;30.1;9;10.4;;;;Dato diario obtenido correctamente;Lluvioso;Sí;Sí
76°34'23.0''W;3°41'39.8''N;Cumbre;14:00:00;22:00:00;32PORRA;12/02/2026;3.694388889;-76.57305556;12/02/2026;12/02/2026 14:00;12/02/2026 22:00;12/02/2026;3.69439;-76.57306;12/02/2026;Imputado por fecha;24.6;20.5;30.1;9;10.4;;;;Dato diario obtenido correctamente;Lluvioso;Sí;Sí
76°34'23.0''W;3°41'39.8''N;Cumbre;6:00:00;14:00:00;32PORRA;12/02/2026;3.694388889;-76.57305556;12/02/2026;12/02/2026 6:00;12/02/2026 14:00;12/02/2026;3.69439;-76.57306;12/02/2026;Imputado por fecha;24.6;20.5;30.1;9;10.4;;;;Dato diario obtenido correctamente;Lluvioso;Sí;Sí
76°25'45.2''W;4°02'52.2''N;Riofrio;6:00:00;14:00:00;31PALES;12/02/2026;4.047833333;-76.42922222;12/02/2026;12/02/2026 6:00;12/02/2026 14:00;12/02/2026;4.04783;-76.42922;12/02/2026;Open-Meteo Archive;15.4;13.6;17.8;18.1;7.9;;;;Dato obtenido por fallback Open-Meteo;Lluvioso;Sí;No
76°25'45.2''W;4°02'52.2''N;Riofrio;14:00:00;22:00:00;31PALES;12/02/2026;4.047833333;-76.42922222;12/02/2026;12/02/2026 14:00;12/02/2026 22:00;12/02/2026;4.04783;-76.42922;12/02/2026;Open-Meteo Archive;15.4;13.6;17.8;18.1;7.9;;;;Dato obtenido por fallback Open-Meteo;Lluvioso;Sí;No
76°31'18.7''W;3°03'37.9''N;Santander_Quilichao;14:00:00;22:00:00;25QUIRA;12/02/2026;3.060527778;-76.52186111;12/02/2026;12/02/2026 14:00;12/02/2026 22:00;12/02/2026;3.06053;-76.52186;12/02/2026;Open-Meteo Archive;21.4;18;26.5;3.6;10.5;;;;Dato obtenido por fallback Open-Meteo;Lluvioso;Sí;No
76°31'18.7''W;3°03'37.9''N;Santander_Quilichao;6:00:00;14:00:00;25QUIRA;12/02/2026;3.060527778;-76.52186111;12/02/2026;12/02/2026 6:00;12/02/2026 14:00;12/02/2026;3.06053;-76.52186;12/02/2026;Open-Meteo Archive;21.4;18;26.5;3.6;10.5;;;;Dato obtenido por fallback Open-Meteo;Lluvioso;Sí;No
76°29'55.3''W;3°51'37.6''N;Restrepo;14:00:00;22:00:00;34ESTRE;12/02/2026;3.860444444;-76.49869444;12/02/2026;12/02/2026 14:00;12/02/2026 22:00;12/02/2026;3.86044;-76.49869;12/02/2026;Open-Meteo Archive;19.6;16.6;23.8;3.1;8;;;;Dato obtenido por fallback Open-Meteo;Lluvioso;Sí;No
76°29'55.3''W;3°51'37.6''N;Restrepo;6:00:00;14:00:00;34ESTRE;12/02/2026;3.860444444;-76.49869444;12/02/2026;12/02/2026 6:00;12/02/2026 14:00;12/02/2026;3.86044;-76.49869;12/02/2026;Open-Meteo Archive;19.6;16.6;23.8;3.1;8;;;;Dato obtenido por fallback Open-Meteo;Lluvioso;Sí;No
75°52'33.4''W;4°06'28.8''N;Sevilla;14:00:00;22:00:00;13SINAB;10/02/2026;4.108;-75.87594444;10/02/2026;10/02/2026 14:00;10/02/2026 22:00;10/02/2026;4.108;-75.87594;10/02/2026;Open-Meteo Archive;13.6;9.9;19.4;16.7;10;;;;Dato obtenido por fallback Open-Meteo;Lluvioso;Sí;No
75°52'33.4''W;4°06'28.8''N;Sevilla;6:00:00;14:00:00;13SINAB;10/02/2026;4.108;-75.87594444;10/02/2026;10/02/2026 6:00;10/02/2026 14:00;10/02/2026;4.108;-75.87594;10/02/2026;Open-Meteo Archive;13.6;9.9;19.4;16.7;10;;;;Dato obtenido por fallback Open-Meteo;Lluvioso;Sí;No
75°51'47.2''W;4°07'04.0''N;Sevilla;14:00:00;22:00:00;13CRIST;10/02/2026;4.117777778;-75.86311111;10/02/2026;10/02/2026 14:00;10/02/2026 22:00;10/02/2026;4.11778;-75.86311;10/02/2026;Open-Meteo Archive;15.3;11.6;21.2;16.7;10;;;;Dato obtenido por fallback Open-Meteo;Lluvioso;Sí;No
75°51'47.2''W;4°07'04.0''N;Sevilla;6:00:00;14:00:00;13CRIST;10/02/2026;4.117777778;-75.86311111;10/02/2026;10/02/2026 6:00;10/02/2026 14:00;10/02/2026;4.11778;-75.86311;10/02/2026;Open-Meteo Archive;15.3;11.6;21.2;16.7;10;;;;Dato obtenido por fallback Open-Meteo;Lluvioso;Sí;No
76°31'18.7''W;3°03'37.9''N;Santander_Quilichao;14:00:00;22:00:00;25QUIRA;13/02/2026;3.060527778;-76.52186111;13/02/2026;13/02/2026 14:00;13/02/2026 22:00;13/02/2026;3.06053;-76.52186;13/02/2026;Open-Meteo Archive;20.5;17.5;26;12.8;9.8;;;;Dato obtenido por fallback Open-Meteo;Lluvioso;Sí;No
76°29'55.3''W;3°51'37.6''N;Restrepo;14:00:00;22:00:00;34ESTRE;13/02/2026;3.860444444;-76.49869444;13/02/2026;13/02/2026 14:00;13/02/2026 22:00;13/02/2026;3.86044;-76.49869;13/02/2026;Open-Meteo Archive;18.3;16.8;21.5;24.2;4.3;;;;Dato obtenido por fallback Open-Meteo;Lluvioso;Sí;No
76°25'45.2''W;4°02'52.2''N;Riofrio;6:00:00;14:00:00;31PALES;13/02/2026;4.047833333;-76.42922222;13/02/2026;13/02/2026 6:00;13/02/2026 14:00;13/02/2026;4.04783;-76.42922;13/02/2026;Open-Meteo Archive;14.8;13.7;16.3;75;6;;;;Dato obtenido por fallback Open-Meteo;Lluvioso;Sí;No
76°25'45.2''W;4°02'52.2''N;Riofrio;14:00:00;22:00:00;31PALES;13/02/2026;4.047833333;-76.42922222;13/02/2026;13/02/2026 14:00;13/02/2026 22:00;13/02/2026;4.04783;-76.42922;13/02/2026;Open-Meteo Archive;14.8;13.7;16.3;75;6;;;;Dato obtenido por fallback Open-Meteo;Lluvioso;Sí;No
75°51'47.2''W;4°07'04.0''N;Sevilla;6:00:00;14:00:00;13CRIST;13/02/2026;4.117777778;-75.86311111;13/02/2026;13/02/2026 6:00;13/02/2026 14:00;13/02/2026;4.11778;-75.86311;13/02/2026;Open-Meteo Archive;14.8;13.2;17;44.5;7.6;;;;Dato obtenido por fallback Open-Meteo;Lluvioso;Sí;No
75°51'47.2''W;4°07'04.0''N;Sevilla;14:00:00;22:00:00;13CRIST;13/02/2026;4.117777778;-75.86311111;13/02/2026;13/02/2026 14:00;13/02/2026 22:00;13/02/2026;4.11778;-75.86311;13/02/2026;Open-Meteo Archive;14.8;13.2;17;44.5;7.6;;;;Dato obtenido por fallback Open-Meteo;Lluvioso;Sí;No
75°52'33.4''W;4°06'28.8''N;Sevilla;6:00:00;14:00:00;13SINAB;13/02/2026;4.108;-75.87594444;13/02/2026;13/02/2026 6:00;13/02/2026 14:00;13/02/2026;4.108;-75.87594;13/02/2026;Open-Meteo Archive;13.1;11.5;15.2;44.5;7.6;;;;Dato obtenido por fallback Open-Meteo;Lluvioso;Sí;No
75°52'33.4''W;4°06'28.8''N;Sevilla;14:00:00;22:00:00;13SINAB;13/02/2026;4.108;-75.87594444;13/02/2026;13/02/2026 14:00;13/02/2026 22:00;13/02/2026;4.108;-75.87594;13/02/2026;Open-Meteo Archive;13.1;11.5;15.2;44.5;7.6;;;;Dato obtenido por fallback Open-Meteo;Lluvioso;Sí;No
76°29'55.3''W;3°51'37.6''N;Restrepo;6:00:00;14:00:00;34ESTRE;13/02/2026;3.860444444;-76.49869444;13/02/2026;13/02/2026 6:00;13/02/2026 14:00;13/02/2026;3.86044;-76.49869;13/02/2026;Open-Meteo Archive;18.3;16.8;21.5;24.2;4.3;;;;Dato obtenido por fallback Open-Meteo;Lluvioso;Sí;No
76°34'23.0''W;3°41'39.8''N;Cumbre;6:00:00;14:00:00;32PORRA;13/02/2026;3.694388889;-76.57305556;13/02/2026;13/02/2026 6:00;13/02/2026 14:00;13/02/2026;3.69439;-76.57306;13/02/2026;Imputado por fecha;24.1;20.7;29.3;44.5;9.3;;;;Dato diario obtenido correctamente;Lluvioso;Sí;Sí
76°34'23.0''W;3°41'39.8''N;Cumbre;6:00:00;14:00:00;32PORRA;13/02/2026;3.694388889;-76.57305556;13/02/2026;13/02/2026 6:00;13/02/2026 14:00;13/02/2026;3.69439;-76.57306;13/02/2026;Imputado por fecha;24.1;20.7;29.3;44.5;9.3;;;;Dato diario obtenido correctamente;Lluvioso;Sí;Sí
76°34'23.0''W;3°41'39.8''N;Cumbre;14:00:00;22:00:00;32PORRA;13/02/2026;3.694388889;-76.57305556;13/02/2026;13/02/2026 14:00;13/02/2026 22:00;13/02/2026;3.69439;-76.57306;13/02/2026;Imputado por fecha;24.1;20.7;29.3;44.5;9.3;;;;Dato diario obtenido correctamente;Lluvioso;Sí;Sí
76°31'18.7''W;3°03'37.9''N;Santander_Quilichao;6:00:00;14:00:00;25QUIRA;13/02/2026;3.060527778;-76.52186111;13/02/2026;13/02/2026 6:00;13/02/2026 14:00;13/02/2026;3.06053;-76.52186;13/02/2026;Open-Meteo Archive;20.5;17.5;26;12.8;9.8;;;;Dato obtenido por fallback Open-Meteo;Lluvioso;Sí;No
76°31'18.7''W;3°03'37.9''N;Santander_Quilichao;6:00:00;14:00:00;25QUIRA;14/02/2026;3.060527778;-76.52186111;14/02/2026;14/02/2026 6:00;14/02/2026 14:00;14/02/2026;3.06053;-76.52186;14/02/2026;Open-Meteo Archive;20.8;17.2;26.9;8;10.1;;;;Dato obtenido por fallback Open-Meteo;Lluvioso;Sí;No
76°31'18.7''W;3°03'37.9''N;Santander_Quilichao;14:00:00;22:00:00;25QUIRA;14/02/2026;3.060527778;-76.52186111;14/02/2026;14/02/2026 14:00;14/02/2026 22:00;14/02/2026;3.06053;-76.52186;14/02/2026;Open-Meteo Archive;20.8;17.2;26.9;8;10.1;;;;Dato obtenido por fallback Open-Meteo;Lluvioso;Sí;No
76°25'45.2''W;4°02'52.2''N;Riofrio;6:00:00;14:00:00;31PALES;14/02/2026;4.047833333;-76.42922222;14/02/2026;14/02/2026 6:00;14/02/2026 14:00;14/02/2026;4.04783;-76.42922;14/02/2026;Open-Meteo Archive;15.5;12.8;18.9;2.1;9.6;;;;Dato obtenido por fallback Open-Meteo;Lluvioso;Sí;No
76°25'45.2''W;4°02'52.2''N;Riofrio;14:00:00;22:00:00;31PALES;14/02/2026;4.047833333;-76.42922222;14/02/2026;14/02/2026 14:00;14/02/2026 22:00;14/02/2026;4.04783;-76.42922;14/02/2026;Open-Meteo Archive;15.5;12.8;18.9;2.1;9.6;;;;Dato obtenido por fallback Open-Meteo;Lluvioso;Sí;No
76°29'55.3''W;3°51'37.6''N;Restrepo;6:00:00;14:00:00;34ESTRE;14/02/2026;3.860444444;-76.49869444;14/02/2026;14/02/2026 6:00;14/02/2026 14:00;14/02/2026;3.86044;-76.49869;14/02/2026;Open-Meteo Archive;19;15.3;23.4;0.3;12.2;;;;Dato obtenido por fallback Open-Meteo;Lluvioso;Sí;No
76°34'23.0''W;3°41'39.8''N;Cumbre;14:00:00;22:00:00;32PORRA;14/02/2026;3.694388889;-76.57305556;14/02/2026;14/02/2026 14:00;14/02/2026 22:00;14/02/2026;3.69439;-76.57306;14/02/2026;Imputado por fecha;23.9;20.2;28.8;3.95;9.6;;;;Dato diario obtenido correctamente;Lluvioso;Sí;Sí
76°34'23.0''W;3°41'39.8''N;Cumbre;6:00:00;14:00:00;32PORRA;14/02/2026;3.694388889;-76.57305556;14/02/2026;14/02/2026 6:00;14/02/2026 14:00;14/02/2026;3.69439;-76.57306;14/02/2026;Imputado por fecha;23.9;20.2;28.8;3.95;9.6;;;;Dato diario obtenido correctamente;Lluvioso;Sí;Sí
76°34'23.0''W;3°41'39.8''N;Cumbre;6:00:00;14:00:00;32PORRA;14/02/2026;3.694388889;-76.57305556;14/02/2026;14/02/2026 6:00;14/02/2026 14:00;14/02/2026;3.69439;-76.57306;14/02/2026;Imputado por fecha;23.9;20.2;28.8;3.95;9.6;;;;Dato diario obtenido correctamente;Lluvioso;Sí;Sí
76°29'55.3''W;3°51'37.6''N;Restrepo;14:00:00;22:00:00;34ESTRE;14/02/2026;3.860444444;-76.49869444;14/02/2026;14/02/2026 14:00;14/02/2026 22:00;14/02/2026;3.86044;-76.49869;14/02/2026;Open-Meteo Archive;19;15.3;23.4;0.3;12.2;;;;Dato obtenido por fallback Open-Meteo;Lluvioso;Sí;No
75°51'47.2''W;4°07'04.0''N;Sevilla;6:00:00;14:00:00;13CRIST;15/02/2026;4.117777778;-75.86311111;15/02/2026;15/02/2026 6:00;15/02/2026 14:00;15/02/2026;4.11778;-75.86311;15/02/2026;Open-Meteo Archive;14.2;10.8;17.9;30.9;6.9;;;;Dato obtenido por fallback Open-Meteo;Lluvioso;Sí;No
75°51'47.2''W;4°07'04.0''N;Sevilla;14:00:00;22:00:00;13CRIST;15/02/2026;4.117777778;-75.86311111;15/02/2026;15/02/2026 14:00;15/02/2026 22:00;15/02/2026;4.11778;-75.86311;15/02/2026;Open-Meteo Archive;14.2;10.8;17.9;30.9;6.9;;;;Dato obtenido por fallback Open-Meteo;Lluvioso;Sí;No
75°52'33.4''W;4°06'28.8''N;Sevilla;6:00:00;14:00:00;13SINAB;15/02/2026;4.108;-75.87594444;15/02/2026;15/02/2026 6:00;15/02/2026 14:00;15/02/2026;4.108;-75.87594;15/02/2026;Open-Meteo Archive;12.5;9;16.1;30.9;6.9;;;;Dato obtenido por fallback Open-Meteo;Lluvioso;Sí;No
75°52'33.4''W;4°06'28.8''N;Sevilla;14:00:00;22:00:00;13SINAB;15/02/2026;4.108;-75.87594444;15/02/2026;15/02/2026 14:00;15/02/2026 22:00;15/02/2026;4.108;-75.87594;15/02/2026;Open-Meteo Archive;12.5;9;16.1;30.9;6.9;;;;Dato obtenido por fallback Open-Meteo;Lluvioso;Sí;No
75°51'47.2''W;4°07'04.0''N;Sevilla;6:00:00;14:00:00;13CRIST;15/02/2026;4.117777778;-75.86311111;15/02/2026;15/02/2026 6:00;15/02/2026 14:00;15/02/2026;4.11778;-75.86311;15/02/2026;Open-Meteo Archive;14.2;10.8;17.9;30.9;6.9;;;;Dato obtenido por fallback Open-Meteo;Lluvioso;Sí;No
75°51'47.2''W;4°07'04.0''N;Sevilla;14:00:00;22:00:00;13CRIST;15/02/2026;4.117777778;-75.86311111;15/02/2026;15/02/2026 14:00;15/02/2026 22:00;15/02/2026;4.11778;-75.86311;15/02/2026;Open-Meteo Archive;14.2;10.8;17.9;30.9;6.9;;;;Dato obtenido por fallback Open-Meteo;Lluvioso;Sí;No
75°52'33.4''W;4°06'28.8''N;Sevilla;6:00:00;14:00:00;13SINAB;15/02/2026;4.108;-75.87594444;15/02/2026;15/02/2026 6:00;15/02/2026 14:00;15/02/2026;4.108;-75.87594;15/02/2026;Open-Meteo Archive;12.5;9;16.1;30.9;6.9;;;;Dato obtenido por fallback Open-Meteo;Lluvioso;Sí;No
75°52'33.4''W;4°06'28.8''N;Sevilla;14:00:00;22:00:00;13SINAB;15/02/2026;4.108;-75.87594444;15/02/2026;15/02/2026 14:00;15/02/2026 22:00;15/02/2026;4.108;-75.87594;15/02/2026;Open-Meteo Archive;12.5;9;16.1;30.9;6.9;;;;Dato obtenido por fallback Open-Meteo;Lluvioso;Sí;No
76°29'55.3''W;3°51'37.6''N;Restrepo;6:00:00;14:00:00;34ESTRE;15/02/2026;3.860444444;-76.49869444;15/02/2026;15/02/2026 6:00;15/02/2026 14:00;15/02/2026;3.86044;-76.49869;15/02/2026;Open-Meteo Archive;19;16.4;22.7;0.7;8.4;;;;Dato obtenido por fallback Open-Meteo;Lluvioso;Sí;No
76°29'55.3''W;3°51'37.6''N;Restrepo;14:00:00;22:00:00;34ESTRE;15/02/2026;3.860444444;-76.49869444;15/02/2026;15/02/2026 14:00;15/02/2026 22:00;15/02/2026;3.86044;-76.49869;15/02/2026;Open-Meteo Archive;19;16.4;22.7;0.7;8.4;;;;Dato obtenido por fallback Open-Meteo;Lluvioso;Sí;No
76°16'33.7''W;4°26'45.6''N;Bolivar;6:00:00;14:00:00;35CRIST;10/02/2026;4.446;-76.27602778;10/02/2026;10/02/2026 6:00;10/02/2026 14:00;10/02/2026;4.446;-76.27603;10/02/2026;Open-Meteo Archive;15.4;13.1;19.4;7.2;9.4;;;;Dato obtenido por fallback Open-Meteo;Lluvioso;Sí;No
76°16'33.7''W;4°26'45.6''N;Bolivar;14:00:00;22:00:00;35CRIST;10/02/2026;4.446;-76.27602778;10/02/2026;10/02/2026 14:00;10/02/2026 22:00;10/02/2026;4.446;-76.27603;10/02/2026;Open-Meteo Archive;15.4;13.1;19.4;7.2;9.4;;;;Dato obtenido por fallback Open-Meteo;Lluvioso;Sí;No
76°16'33.7''W;4°26'45.6''N;Bolivar;6:00:00;14:00:00;35CRIST;11/02/2026;4.446;-76.27602778;11/02/2026;11/02/2026 6:00;11/02/2026 14:00;11/02/2026;4.446;-76.27603;11/02/2026;Open-Meteo Archive;15.1;12.1;19;4.6;9.7;;;;Dato obtenido por fallback Open-Meteo;Lluvioso;Sí;No
76°16'33.7''W;4°26'45.6''N;Bolivar;14:00:00;22:00:00;35CRIST;11/02/2026;4.446;-76.27602778;11/02/2026;11/02/2026 14:00;11/02/2026 22:00;11/02/2026;4.446;-76.27603;11/02/2026;Open-Meteo Archive;15.1;12.1;19;4.6;9.7;;;;Dato obtenido por fallback Open-Meteo;Lluvioso;Sí;No
76°16'33.7''W;4°26'45.6''N;Bolivar;14:00:00;22:00:00;35CRIST;12/02/2026;4.446;-76.27602778;12/02/2026;12/02/2026 14:00;12/02/2026 22:00;12/02/2026;4.446;-76.27603;12/02/2026;Open-Meteo Archive;15.6;13.2;19.4;9;8.8;;;;Dato obtenido por fallback Open-Meteo;Lluvioso;Sí;No
76°25'45.2''W;4°02'52.2''N;Riofrio;6:00:00;14:00:00;31PALES;15/02/2026;4.047833333;-76.42922222;15/02/2026;15/02/2026 6:00;15/02/2026 14:00;15/02/2026;4.04783;-76.42922;15/02/2026;Open-Meteo Archive;14.8;13.4;17;13.3;6.8;;;;Dato obtenido por fallback Open-Meteo;Lluvioso;Sí;No
76°25'45.2''W;4°02'52.2''N;Riofrio;14:00:00;22:00:00;31PALES;15/02/2026;4.047833333;-76.42922222;15/02/2026;15/02/2026 14:00;15/02/2026 22:00;15/02/2026;4.04783;-76.42922;15/02/2026;Open-Meteo Archive;14.8;13.4;17;13.3;6.8;;;;Dato obtenido por fallback Open-Meteo;Lluvioso;Sí;No
76°31'18.7''W;3°03'37.9''N;Santander_Quilichao;6:00:00;14:00:00;25QUIRA;15/02/2026;3.060527778;-76.52186111;15/02/2026;15/02/2026 6:00;15/02/2026 14:00;15/02/2026;3.06053;-76.52186;15/02/2026;Open-Meteo Archive;20.4;17.6;26.8;33;13;;;;Dato obtenido por fallback Open-Meteo;Lluvioso;Sí;No
76°31'18.7''W;3°03'37.9''N;Santander_Quilichao;14:00:00;22:00:00;25QUIRA;15/02/2026;3.060527778;-76.52186111;15/02/2026;15/02/2026 14:00;15/02/2026 22:00;15/02/2026;3.06053;-76.52186;15/02/2026;Open-Meteo Archive;20.4;17.6;26.8;33;13;;;;Dato obtenido por fallback Open-Meteo;Lluvioso;Sí;No
76°31'18.7''W;3°03'37.9''N;Santander_Quilichao;14:00:00;22:00:00;25QUIRA;16/02/2026;3.060527778;-76.52186111;16/02/2026;16/02/2026 14:00;16/02/2026 22:00;16/02/2026;3.06053;-76.52186;16/02/2026;Open-Meteo Archive;21;18;26;30.7;10.3;;;;Dato obtenido por fallback Open-Meteo;Lluvioso;Sí;No
76°25'45.2''W;4°02'52.2''N;Riofrio;6:00:00;14:00:00;31PALES;16/02/2026;4.047833333;-76.42922222;16/02/2026;16/02/2026 6:00;16/02/2026 14:00;16/02/2026;4.04783;-76.42922;16/02/2026;Open-Meteo Archive;14.7;13.2;17.5;23.5;8.5;;;;Dato obtenido por fallback Open-Meteo;Lluvioso;Sí;No
76°25'45.2''W;4°02'52.2''N;Riofrio;14:00:00;22:00:00;31PALES;16/02/2026;4.047833333;-76.42922222;16/02/2026;16/02/2026 14:00;16/02/2026 22:00;16/02/2026;4.04783;-76.42922;16/02/2026;Open-Meteo Archive;14.7;13.2;17.5;23.5;8.5;;;;Dato obtenido por fallback Open-Meteo;Lluvioso;Sí;No
75°51'47.2''W;4°07'04.0''N;Sevilla;14:00:00;22:00:00;13CRIST;16/02/2026;4.117777778;-75.86311111;16/02/2026;16/02/2026 14:00;16/02/2026 22:00;16/02/2026;4.11778;-75.86311;16/02/2026;Open-Meteo Archive;14.7;12.6;17.9;48.3;7;;;;Dato obtenido por fallback Open-Meteo;Lluvioso;Sí;No
75°52'33.4''W;4°06'28.8''N;Sevilla;6:00:00;14:00:00;13SINAB;16/02/2026;4.108;-75.87594444;16/02/2026;16/02/2026 6:00;16/02/2026 14:00;16/02/2026;4.108;-75.87594;16/02/2026;Open-Meteo Archive;13;10.9;16.2;48.3;7;;;;Dato obtenido por fallback Open-Meteo;Lluvioso;Sí;No
75°52'33.4''W;4°06'28.8''N;Sevilla;14:00:00;22:00:00;13SINAB;16/02/2026;4.108;-75.87594444;16/02/2026;16/02/2026 14:00;16/02/2026 22:00;16/02/2026;4.108;-75.87594;16/02/2026;Open-Meteo Archive;13;10.9;16.2;48.3;7;;;;Dato obtenido por fallback Open-Meteo;Lluvioso;Sí;No
76°31'18.7''W;3°03'37.9''N;Santander_Quilichao;6:00:00;14:00:00;25QUIRA;16/02/2026;3.060527778;-76.52186111;16/02/2026;16/02/2026 6:00;16/02/2026 14:00;16/02/2026;3.06053;-76.52186;16/02/2026;Open-Meteo Archive;21;18;26;30.7;10.3;;;;Dato obtenido por fallback Open-Meteo;Lluvioso;Sí;No
76°29'55.3''W;3°51'37.6''N;Restrepo;6:00:00;14:00:00;34ESTRE;16/02/2026;3.860444444;-76.49869444;16/02/2026;16/02/2026 6:00;16/02/2026 14:00;16/02/2026;3.86044;-76.49869;16/02/2026;Open-Meteo Archive;18.8;16;23.4;1;7.4;;;;Dato obtenido por fallback Open-Meteo;Lluvioso;Sí;No
76°29'55.3''W;3°51'37.6''N;Restrepo;14:00:00;22:00:00;34ESTRE;16/02/2026;3.860444444;-76.49869444;16/02/2026;16/02/2026 14:00;16/02/2026 22:00;16/02/2026;3.86044;-76.49869;16/02/2026;Open-Meteo Archive;18.8;16;23.4;1;7.4;;;;Dato obtenido por fallback Open-Meteo;Lluvioso;Sí;No
75°51'47.2''W;4°07'04.0''N;Sevilla;6:00:00;14:00:00;13CRIST;17/02/2026;4.117777778;-75.86311111;17/02/2026;17/02/2026 6:00;17/02/2026 14:00;17/02/2026;4.11778;-75.86311;17/02/2026;Open-Meteo Archive;14.5;10.3;18.3;23;6.9;;;;Dato obtenido por fallback Open-Meteo;Lluvioso;Sí;No
75°51'47.2''W;4°07'04.0''N;Sevilla;14:00:00;22:00:00;13CRIST;17/02/2026;4.117777778;-75.86311111;17/02/2026;17/02/2026 14:00;17/02/2026 22:00;17/02/2026;4.11778;-75.86311;17/02/2026;Open-Meteo Archive;14.5;10.3;18.3;23;6.9;;;;Dato obtenido por fallback Open-Meteo;Lluvioso;Sí;No
75°52'33.4''W;4°06'28.8''N;Sevilla;6:00:00;14:00:00;13SINAB;17/02/2026;4.108;-75.87594444;17/02/2026;17/02/2026 6:00;17/02/2026 14:00;17/02/2026;4.108;-75.87594;17/02/2026;Open-Meteo Archive;12.8;8.6;16.5;23;6.9;;;;Dato obtenido por fallback Open-Meteo;Lluvioso;Sí;No
75°52'33.4''W;4°06'28.8''N;Sevilla;14:00:00;22:00:00;13SINAB;17/02/2026;4.108;-75.87594444;17/02/2026;17/02/2026 14:00;17/02/2026 22:00;17/02/2026;4.108;-75.87594;17/02/2026;Open-Meteo Archive;12.8;8.6;16.5;23;6.9;;;;Dato obtenido por fallback Open-Meteo;Lluvioso;Sí;No
76°29'55.3''W;3°51'37.6''N;Restrepo;6:00:00;14:00:00;34ESTRE;17/02/2026;3.860444444;-76.49869444;17/02/2026;17/02/2026 6:00;17/02/2026 14:00;17/02/2026;3.86044;-76.49869;17/02/2026;Open-Meteo Archive;19;15.6;23.6;6;7.1;;;;Dato obtenido por fallback Open-Meteo;Lluvioso;Sí;No
76°25'45.2''W;4°02'52.2''N;Riofrio;14:00:00;22:00:00;31PALES;17/02/2026;4.047833333;-76.42922222;17/02/2026;17/02/2026 14:00;17/02/2026 22:00;17/02/2026;4.04783;-76.42922;17/02/2026;Open-Meteo Archive;15;12.9;17.1;44.9;7.7;;;;Dato obtenido por fallback Open-Meteo;Lluvioso;Sí;No
76°25'45.2''W;4°02'52.2''N;Riofrio;6:00:00;14:00:00;31PALES;17/02/2026;4.047833333;-76.42922222;17/02/2026;17/02/2026 6:00;17/02/2026 14:00;17/02/2026;4.04783;-76.42922;17/02/2026;Open-Meteo Archive;15;12.9;17.1;44.9;7.7;;;;Dato obtenido por fallback Open-Meteo;Lluvioso;Sí;No
76°34'23.0''W;3°41'39.8''N;Cumbre;14:00:00;22:00:00;32PORRA;17/02/2026;3.694388889;-76.57305556;17/02/2026;17/02/2026 14:00;17/02/2026 22:00;17/02/2026;3.69439;-76.57306;17/02/2026;Meteostat Daily;24;19;31;12.6;8;1014.6;;;Dato diario obtenido correctamente;Lluvioso;Sí;No
76°34'23.0''W;3°41'39.8''N;Cumbre;6:00:00;14:00:00;32PORRA;17/02/2026;3.694388889;-76.57305556;17/02/2026;17/02/2026 6:00;17/02/2026 14:00;17/02/2026;3.69439;-76.57306;17/02/2026;Meteostat Daily;24;19;31;12.6;8;1014.6;;;Dato diario obtenido correctamente;Lluvioso;Sí;No
76°34'23.0''W;3°41'39.8''N;Cumbre;6:00:00;14:00:00;32PORRA;17/02/2026;3.694388889;-76.57305556;17/02/2026;17/02/2026 6:00;17/02/2026 14:00;17/02/2026;3.69439;-76.57306;17/02/2026;Meteostat Daily;24;19;31;12.6;8;1014.6;;;Dato diario obtenido correctamente;Lluvioso;Sí;No
76°29'55.3''W;3°51'37.6''N;Restrepo;14:00:00;22:00:00;34ESTRE;17/02/2026;3.860444444;-76.49869444;17/02/2026;17/02/2026 14:00;17/02/2026 22:00;17/02/2026;3.86044;-76.49869;17/02/2026;Open-Meteo Archive;19;15.6;23.6;6;7.1;;;;Dato obtenido por fallback Open-Meteo;Lluvioso;Sí;No
76°34'23.0''W;3°41'39.8''N;Cumbre;14:00:00;22:00:00;32PORRA;16/02/2026;3.694388889;-76.57305556;16/02/2026;16/02/2026 14:00;16/02/2026 22:00;16/02/2026;3.69439;-76.57306;16/02/2026;Meteostat Daily;22.7;19;30;11.6;8.2;1015.6;;;Dato diario obtenido correctamente;Lluvioso;Sí;No
76°34'23.0''W;3°41'39.8''N;Cumbre;6:00:00;14:00:00;32PORRA;16/02/2026;3.694388889;-76.57305556;16/02/2026;16/02/2026 6:00;16/02/2026 14:00;16/02/2026;3.69439;-76.57306;16/02/2026;Meteostat Daily;22.7;19;30;11.6;8.2;1015.6;;;Dato diario obtenido correctamente;Lluvioso;Sí;No
76°34'23.0''W;3°41'39.8''N;Cumbre;6:00:00;14:00:00;32PORRA;16/02/2026;3.694388889;-76.57305556;16/02/2026;16/02/2026 6:00;16/02/2026 14:00;16/02/2026;3.69439;-76.57306;16/02/2026;Meteostat Daily;22.7;19;30;11.6;8.2;1015.6;;;Dato diario obtenido correctamente;Lluvioso;Sí;No
76°34'23.0''W;3°41'39.8''N;Cumbre;14:00:00;22:00:00;32PORRA;15/02/2026;3.694388889;-76.57305556;15/02/2026;15/02/2026 14:00;15/02/2026 22:00;15/02/2026;3.69439;-76.57306;15/02/2026;Imputado por fecha;23.6;20.1;30;30.9;10.1;;;;Dato diario obtenido correctamente;Lluvioso;Sí;Sí
76°34'23.0''W;3°41'39.8''N;Cumbre;6:00:00;14:00:00;32PORRA;15/02/2026;3.694388889;-76.57305556;15/02/2026;15/02/2026 6:00;15/02/2026 14:00;15/02/2026;3.69439;-76.57306;15/02/2026;Imputado por fecha;23.6;20.1;30;30.9;10.1;;;;Dato diario obtenido correctamente;Lluvioso;Sí;Sí
76°34'23.0''W;3°41'39.8''N;Cumbre;6:00:00;14:00:00;32PORRA;15/02/2026;3.694388889;-76.57305556;15/02/2026;15/02/2026 6:00;15/02/2026 14:00;15/02/2026;3.69439;-76.57306;15/02/2026;Imputado por fecha;23.6;20.1;30;30.9;10.1;;;;Dato diario obtenido correctamente;Lluvioso;Sí;Sí
76°16'33.7''W;4°26'45.6''N;Bolivar;6:00:00;14:00:00;35CRIST;12/02/2026;4.446;-76.27602778;12/02/2026;12/02/2026 6:00;12/02/2026 14:00;12/02/2026;4.446;-76.27603;12/02/2026;Open-Meteo Archive;15.6;13.2;19.4;9;8.8;;;;Dato obtenido por fallback Open-Meteo;Lluvioso;Sí;No
76°16'33.7''W;4°26'45.6''N;Bolivar;14:00:00;22:00:00;35CRIST;12/02/2026;4.446;-76.27602778;12/02/2026;12/02/2026 14:00;12/02/2026 22:00;12/02/2026;4.446;-76.27603;12/02/2026;Open-Meteo Archive;15.6;13.2;19.4;9;8.8;;;;Dato obtenido por fallback Open-Meteo;Lluvioso;Sí;No
76°16'33.7''W;4°26'45.6''N;Bolivar;6:00:00;14:00:00;35CRIST;13/02/2026;4.446;-76.27602778;13/02/2026;13/02/2026 6:00;13/02/2026 14:00;13/02/2026;4.446;-76.27603;13/02/2026;Open-Meteo Archive;14.6;13;16;20.7;6.3;;;;Dato obtenido por fallback Open-Meteo;Lluvioso;Sí;No
76°16'33.7''W;4°26'45.6''N;Bolivar;6:00:00;14:00:00;35CRIST;14/02/2026;4.446;-76.27602778;14/02/2026;14/02/2026 6:00;14/02/2026 14:00;14/02/2026;4.446;-76.27603;14/02/2026;Open-Meteo Archive;14.6;11.8;19.5;5.8;10.4;;;;Dato obtenido por fallback Open-Meteo;Lluvioso;Sí;No
76°16'33.7''W;4°26'45.6''N;Bolivar;14:00:00;22:00:00;35CRIST;14/02/2026;4.446;-76.27602778;14/02/2026;14/02/2026 14:00;14/02/2026 22:00;14/02/2026;4.446;-76.27603;14/02/2026;Open-Meteo Archive;14.6;11.8;19.5;5.8;10.4;;;;Dato obtenido por fallback Open-Meteo;Lluvioso;Sí;No
76°16'33.7''W;4°26'45.6''N;Bolivar;6:00:00;14:00:00;35CRIST;15/02/2026;4.446;-76.27602778;15/02/2026;15/02/2026 6:00;15/02/2026 14:00;15/02/2026;4.446;-76.27603;15/02/2026;Open-Meteo Archive;14.3;12.5;17.9;7.1;8.7;;;;Dato obtenido por fallback Open-Meteo;Lluvioso;Sí;No
76°16'33.7''W;4°26'45.6''N;Bolivar;14:00:00;22:00:00;35CRIST;15/02/2026;4.446;-76.27602778;15/02/2026;15/02/2026 14:00;15/02/2026 22:00;15/02/2026;4.446;-76.27603;15/02/2026;Open-Meteo Archive;14.3;12.5;17.9;7.1;8.7;;;;Dato obtenido por fallback Open-Meteo;Lluvioso;Sí;No
76°16'33.7''W;4°26'45.6''N;Bolivar;6:00:00;14:00:00;35CRIST;16/02/2026;4.446;-76.27602778;16/02/2026;16/02/2026 6:00;16/02/2026 14:00;16/02/2026;4.446;-76.27603;16/02/2026;Open-Meteo Archive;14.4;12;18.7;14;8.7;;;;Dato obtenido por fallback Open-Meteo;Lluvioso;Sí;No
76°16'33.7''W;4°26'45.6''N;Bolivar;14:00:00;22:00:00;35CRIST;16/02/2026;4.446;-76.27602778;16/02/2026;16/02/2026 14:00;16/02/2026 22:00;16/02/2026;4.446;-76.27603;16/02/2026;Open-Meteo Archive;14.4;12;18.7;14;8.7;;;;Dato obtenido por fallback Open-Meteo;Lluvioso;Sí;No
76°31'18.7''W;3°03'37.9''N;Santander_Quilichao;14:00:00;22:00:00;25QUIRA;17/02/2026;3.060527778;-76.52186111;17/02/2026;17/02/2026 14:00;17/02/2026 22:00;17/02/2026;3.06053;-76.52186;17/02/2026;Open-Meteo Archive;21.7;18;27.5;17.5;11.3;;;;Dato obtenido por fallback Open-Meteo;Lluvioso;Sí;No
76°31'18.7''W;3°03'37.9''N;Santander_Quilichao;6:00:00;14:00:00;25QUIRA;17/02/2026;3.060527778;-76.52186111;17/02/2026;17/02/2026 6:00;17/02/2026 14:00;17/02/2026;3.06053;-76.52186;17/02/2026;Open-Meteo Archive;21.7;18;27.5;17.5;11.3;;;;Dato obtenido por fallback Open-Meteo;Lluvioso;Sí;No
76°29'55.3''W;3°51'37.6''N;Restrepo;6:00:00;14:00:00;34ESTRE;18/02/2026;3.860444444;-76.49869444;18/02/2026;18/02/2026 6:00;18/02/2026 14:00;18/02/2026;3.86044;-76.49869;18/02/2026;Open-Meteo Archive;19;16.6;23.7;1.5;7.8;;;;Dato obtenido por fallback Open-Meteo;Lluvioso;Sí;No
76°29'55.3''W;3°51'37.6''N;Restrepo;14:00:00;22:00:00;34ESTRE;18/02/2026;3.860444444;-76.49869444;18/02/2026;18/02/2026 14:00;18/02/2026 22:00;18/02/2026;3.86044;-76.49869;18/02/2026;Open-Meteo Archive;19;16.6;23.7;1.5;7.8;;;;Dato obtenido por fallback Open-Meteo;Lluvioso;Sí;No
76°25'45.2''W;4°02'52.2''N;Riofrio;6:00:00;14:00:00;31PALES;18/02/2026;4.047833333;-76.42922222;18/02/2026;18/02/2026 6:00;18/02/2026 14:00;18/02/2026;4.04783;-76.42922;18/02/2026;Open-Meteo Archive;15.2;13.4;18.3;10.6;10.3;;;;Dato obtenido por fallback Open-Meteo;Lluvioso;Sí;No
75°51'47.2''W;4°07'04.0''N;Sevilla;6:00:00;14:00:00;13CRIST;18/02/2026;4.117777778;-75.86311111;18/02/2026;18/02/2026 6:00;18/02/2026 14:00;18/02/2026;4.11778;-75.86311;18/02/2026;Open-Meteo Archive;15.1;12.9;19.2;19.9;7.6;;;;Dato obtenido por fallback Open-Meteo;Lluvioso;Sí;No
75°51'47.2''W;4°07'04.0''N;Sevilla;14:00:00;22:00:00;13CRIST;18/02/2026;4.117777778;-75.86311111;18/02/2026;18/02/2026 14:00;18/02/2026 22:00;18/02/2026;4.11778;-75.86311;18/02/2026;Open-Meteo Archive;15.1;12.9;19.2;19.9;7.6;;;;Dato obtenido por fallback Open-Meteo;Lluvioso;Sí;No
75°52'33.4''W;4°06'28.8''N;Sevilla;6:00:00;14:00:00;13SINAB;18/02/2026;4.108;-75.87594444;18/02/2026;18/02/2026 6:00;18/02/2026 14:00;18/02/2026;4.108;-75.87594;18/02/2026;Open-Meteo Archive;13.4;11.1;17.4;19.9;7.6;;;;Dato obtenido por fallback Open-Meteo;Lluvioso;Sí;No
75°52'33.4''W;4°06'28.8''N;Sevilla;14:00:00;22:00:00;13SINAB;18/02/2026;4.108;-75.87594444;18/02/2026;18/02/2026 14:00;18/02/2026 22:00;18/02/2026;4.108;-75.87594;18/02/2026;Open-Meteo Archive;13.4;11.1;17.4;19.9;7.6;;;;Dato obtenido por fallback Open-Meteo;Lluvioso;Sí;No
75°52'09.3''W;4°13'27.2''N;Caicedonia;14:00:00;22:00:00;13SIBER;19/02/2026;4.224222222;-75.86925;19/02/2026;19/02/2026 14:00;19/02/2026 22:00;19/02/2026;4.22422;-75.86925;19/02/2026;Open-Meteo Archive;13.8;9.4;17.7;45.8;7.4;;;;Dato obtenido por fallback Open-Meteo;Lluvioso;Sí;No
75°52'33.4''W;4°06'28.8''N;Sevilla;6:00:00;14:00:00;13SINAB;19/02/2026;4.108;-75.87594444;19/02/2026;19/02/2026 6:00;19/02/2026 14:00;19/02/2026;4.108;-75.87594;19/02/2026;Open-Meteo Archive;12.6;7.7;16.8;14.3;7.4;;;;Dato obtenido por fallback Open-Meteo;Lluvioso;Sí;No
75°51'47.2''W;4°07'04.0''N;Sevilla;14:00:00;22:00:00;13CRIST;19/02/2026;4.117777778;-75.86311111;19/02/2026;19/02/2026 14:00;19/02/2026 22:00;19/02/2026;4.11778;-75.86311;19/02/2026;Open-Meteo Archive;14.3;9.5;18.6;14.3;7.4;;;;Dato obtenido por fallback Open-Meteo;Lluvioso;Sí;No
75°51'47.2''W;4°07'04.0''N;Sevilla;6:00:00;14:00:00;13CRIST;19/02/2026;4.117777778;-75.86311111;19/02/2026;19/02/2026 6:00;19/02/2026 14:00;19/02/2026;4.11778;-75.86311;19/02/2026;Open-Meteo Archive;14.3;9.5;18.6;14.3;7.4;;;;Dato obtenido por fallback Open-Meteo;Lluvioso;Sí;No
76°34'23.0''W;3°41'39.8''N;Cumbre;14:00:00;22:00:00;32PORRA;19/02/2026;3.694388889;-76.57305556;19/02/2026;19/02/2026 14:00;19/02/2026 22:00;19/02/2026;3.69439;-76.57306;19/02/2026;Meteostat Daily;23.2;19;30;27.7;7.7;1014;;;Dato diario obtenido correctamente;Lluvioso;Sí;No
76°34'23.0''W;3°41'39.8''N;Cumbre;6:00:00;14:00:00;32PORRA;19/02/2026;3.694388889;-76.57305556;19/02/2026;19/02/2026 6:00;19/02/2026 14:00;19/02/2026;3.69439;-76.57306;19/02/2026;Meteostat Daily;23.2;19;30;27.7;7.7;1014;;;Dato diario obtenido correctamente;Lluvioso;Sí;No
76°29'55.3''W;3°51'37.6''N;Restrepo;14:00:00;22:00:00;34ESTRE;19/02/2026;3.860444444;-76.49869444;19/02/2026;19/02/2026 14:00;19/02/2026 22:00;19/02/2026;3.86044;-76.49869;19/02/2026;Open-Meteo Archive;18.7;16.3;23.1;3.3;10.2;;;;Dato obtenido por fallback Open-Meteo;Lluvioso;Sí;No
76°29'55.3''W;3°51'37.6''N;Restrepo;6:00:00;14:00:00;34ESTRE;19/02/2026;3.860444444;-76.49869444;19/02/2026;19/02/2026 6:00;19/02/2026 14:00;19/02/2026;3.86044;-76.49869;19/02/2026;Open-Meteo Archive;18.7;16.3;23.1;3.3;10.2;;;;Dato obtenido por fallback Open-Meteo;Lluvioso;Sí;No
76°25'45.2''W;4°02'52.2''N;Riofrio;14:00:00;22:00:00;31PALES;19/02/2026;4.047833333;-76.42922222;19/02/2026;19/02/2026 14:00;19/02/2026 22:00;19/02/2026;4.04783;-76.42922;19/02/2026;Open-Meteo Archive;14.9;13.2;17.1;20.8;8.6;;;;Dato obtenido por fallback Open-Meteo;Lluvioso;Sí;No
76°25'45.2''W;4°02'52.2''N;Riofrio;6:00:00;14:00:00;31PALES;19/02/2026;4.047833333;-76.42922222;19/02/2026;19/02/2026 6:00;19/02/2026 14:00;19/02/2026;4.04783;-76.42922;19/02/2026;Open-Meteo Archive;14.9;13.2;17.1;20.8;8.6;;;;Dato obtenido por fallback Open-Meteo;Lluvioso;Sí;No
76°34'23.0''W;3°41'39.8''N;Cumbre;14:00:00;22:00:00;32PORRA;18/02/2026;3.694388889;-76.57305556;18/02/2026;18/02/2026 14:00;18/02/2026 22:00;18/02/2026;3.69439;-76.57306;18/02/2026;Meteostat Daily;23.8;19;30;16.4;8.5;1014.9;;;Dato diario obtenido correctamente;Lluvioso;Sí;No
76°34'23.0''W;3°41'39.8''N;Cumbre;6:00:00;14:00:00;32PORRA;18/02/2026;3.694388889;-76.57305556;18/02/2026;18/02/2026 6:00;18/02/2026 14:00;18/02/2026;3.69439;-76.57306;18/02/2026;Meteostat Daily;23.8;19;30;16.4;8.5;1014.9;;;Dato diario obtenido correctamente;Lluvioso;Sí;No
76°34'23.0''W;3°41'39.8''N;Cumbre;6:00:00;14:00:00;32PORRA;18/02/2026;3.694388889;-76.57305556;18/02/2026;18/02/2026 6:00;18/02/2026 14:00;18/02/2026;3.69439;-76.57306;18/02/2026;Meteostat Daily;23.8;19;30;16.4;8.5;1014.9;;;Dato diario obtenido correctamente;Lluvioso;Sí;No
76°25'45.2''W;4°02'52.2''N;Riofrio;14:00:00;22:00:00;31PALES;18/02/2026;4.047833333;-76.42922222;18/02/2026;18/02/2026 14:00;18/02/2026 22:00;18/02/2026;4.04783;-76.42922;18/02/2026;Open-Meteo Archive;15.2;13.4;18.3;10.6;10.3;;;;Dato obtenido por fallback Open-Meteo;Lluvioso;Sí;No
75°52'33.4''W;4°06'28.8''N;Sevilla;14:00:00;22:00:00;13SINAB;22/02/2026;4.108;-75.87594444;22/02/2026;22/02/2026 14:00;22/02/2026 22:00;22/02/2026;4.108;-75.87594;22/02/2026;Open-Meteo Archive;12.6;8.9;16.8;35.7;7.1;;;;Dato obtenido por fallback Open-Meteo;Lluvioso;Sí;No
75°52'33.4''W;4°06'28.8''N;Sevilla;6:00:00;14:00:00;13SINAB;22/02/2026;4.108;-75.87594444;22/02/2026;22/02/2026 6:00;22/02/2026 14:00;22/02/2026;4.108;-75.87594;22/02/2026;Open-Meteo Archive;12.6;8.9;16.8;35.7;7.1;;;;Dato obtenido por fallback Open-Meteo;Lluvioso;Sí;No
75°51'47.2''W;4°07'04.0''N;Sevilla;14:00:00;22:00:00;13CRIST;22/02/2026;4.117777778;-75.86311111;22/02/2026;22/02/2026 14:00;22/02/2026 22:00;22/02/2026;4.11778;-75.86311;22/02/2026;Open-Meteo Archive;14.3;10.7;18.5;35.7;7.1;;;;Dato obtenido por fallback Open-Meteo;Lluvioso;Sí;No
75°51'47.2''W;4°07'04.0''N;Sevilla;6:00:00;14:00:00;13CRIST;22/02/2026;4.117777778;-75.86311111;22/02/2026;22/02/2026 6:00;22/02/2026 14:00;22/02/2026;4.11778;-75.86311;22/02/2026;Open-Meteo Archive;14.3;10.7;18.5;35.7;7.1;;;;Dato obtenido por fallback Open-Meteo;Lluvioso;Sí;No
76°16'33.7''W;4°26'45.6''N;Bolivar;6:00:00;14:00:00;35CRIST;22/02/2026;4.446;-76.27602778;22/02/2026;22/02/2026 6:00;22/02/2026 14:00;22/02/2026;4.446;-76.27603;22/02/2026;Open-Meteo Archive;14.9;13.2;19.4;16.9;9.2;;;;Dato obtenido por fallback Open-Meteo;Lluvioso;Sí;No
76°29'55.3''W;3°51'37.6''N;Restrepo;6:00:00;14:00:00;34ESTRE;22/02/2026;3.860444444;-76.49869444;22/02/2026;22/02/2026 6:00;22/02/2026 14:00;22/02/2026;3.86044;-76.49869;22/02/2026;Open-Meteo Archive;19;16;24.1;5.7;7.6;;;;Dato obtenido por fallback Open-Meteo;Lluvioso;Sí;No
76°31'18.7''W;3°03'37.9''N;Santander_Quilichao;14:00:00;22:00:00;25QUIRA;22/02/2026;3.060527778;-76.52186111;22/02/2026;22/02/2026 14:00;22/02/2026 22:00;22/02/2026;3.06053;-76.52186;22/02/2026;Open-Meteo Archive;21.3;18;27.6;30.2;11.3;;;;Dato obtenido por fallback Open-Meteo;Lluvioso;Sí;No
76°31'18.7''W;3°03'37.9''N;Santander_Quilichao;6:00:00;14:00:00;25QUIRA;22/02/2026;3.060527778;-76.52186111;22/02/2026;22/02/2026 6:00;22/02/2026 14:00;22/02/2026;3.06053;-76.52186;22/02/2026;Open-Meteo Archive;21.3;18;27.6;30.2;11.3;;;;Dato obtenido por fallback Open-Meteo;Lluvioso;Sí;No
75°52'33.4''W;4°06'28.8''N;Sevilla;14:00:00;22:00:00;13SINAB;21/02/2026;4.108;-75.87594444;21/02/2026;21/02/2026 14:00;21/02/2026 22:00;21/02/2026;4.108;-75.87594;21/02/2026;Open-Meteo Archive;13.1;9.7;16.3;35.9;7.4;;;;Dato obtenido por fallback Open-Meteo;Lluvioso;Sí;No
75°52'33.4''W;4°06'28.8''N;Sevilla;6:00:00;14:00:00;13SINAB;21/02/2026;4.108;-75.87594444;21/02/2026;21/02/2026 6:00;21/02/2026 14:00;21/02/2026;4.108;-75.87594;21/02/2026;Open-Meteo Archive;13.1;9.7;16.3;35.9;7.4;;;;Dato obtenido por fallback Open-Meteo;Lluvioso;Sí;No
75°51'47.2''W;4°07'04.0''N;Sevilla;14:00:00;22:00:00;13CRIST;21/02/2026;4.117777778;-75.86311111;21/02/2026;21/02/2026 14:00;21/02/2026 22:00;21/02/2026;4.11778;-75.86311;21/02/2026;Open-Meteo Archive;14.8;11.5;18.1;35.9;7.4;;;;Dato obtenido por fallback Open-Meteo;Lluvioso;Sí;No
75°51'47.2''W;4°07'04.0''N;Sevilla;6:00:00;14:00:00;13CRIST;21/02/2026;4.117777778;-75.86311111;21/02/2026;21/02/2026 6:00;21/02/2026 14:00;21/02/2026;4.11778;-75.86311;21/02/2026;Open-Meteo Archive;14.8;11.5;18.1;35.9;7.4;;;;Dato obtenido por fallback Open-Meteo;Lluvioso;Sí;No
76°16'33.7''W;4°26'45.6''N;Bolivar;14:00:00;22:00:00;35CRIST;21/02/2026;4.446;-76.27602778;21/02/2026;21/02/2026 14:00;21/02/2026 22:00;21/02/2026;4.446;-76.27603;21/02/2026;Open-Meteo Archive;14.9;13.4;17;25.7;8.2;;;;Dato obtenido por fallback Open-Meteo;Lluvioso;Sí;No
76°16'33.7''W;4°26'45.6''N;Bolivar;6:00:00;14:00:00;35CRIST;21/02/2026;4.446;-76.27602778;21/02/2026;21/02/2026 6:00;21/02/2026 14:00;21/02/2026;4.446;-76.27603;21/02/2026;Open-Meteo Archive;14.9;13.4;17;25.7;8.2;;;;Dato obtenido por fallback Open-Meteo;Lluvioso;Sí;No
76°31'18.7''W;3°03'37.9''N;Santander_Quilichao;14:00:00;22:00:00;25QUIRA;21/02/2026;3.060527778;-76.52186111;21/02/2026;21/02/2026 14:00;21/02/2026 22:00;21/02/2026;3.06053;-76.52186;21/02/2026;Open-Meteo Archive;21.1;18.2;25.3;9;11.9;;;;Dato obtenido por fallback Open-Meteo;Lluvioso;Sí;No
76°31'18.7''W;3°03'37.9''N;Santander_Quilichao;6:00:00;14:00:00;25QUIRA;21/02/2026;3.060527778;-76.52186111;21/02/2026;21/02/2026 6:00;21/02/2026 14:00;21/02/2026;3.06053;-76.52186;21/02/2026;Open-Meteo Archive;21.1;18.2;25.3;9;11.9;;;;Dato obtenido por fallback Open-Meteo;Lluvioso;Sí;No
76°29'55.3''W;3°51'37.6''N;Restrepo;6:00:00;14:00:00;34ESTRE;21/02/2026;3.860444444;-76.49869444;21/02/2026;21/02/2026 6:00;21/02/2026 14:00;21/02/2026;3.86044;-76.49869;21/02/2026;Open-Meteo Archive;19.2;16;22.9;0.7;8;;;;Dato obtenido por fallback Open-Meteo;Lluvioso;Sí;No
76°29'55.3''W;3°51'37.6''N;Restrepo;14:00:00;22:00:00;34ESTRE;21/02/2026;3.860444444;-76.49869444;21/02/2026;21/02/2026 14:00;21/02/2026 22:00;21/02/2026;3.86044;-76.49869;21/02/2026;Open-Meteo Archive;19.2;16;22.9;0.7;8;;;;Dato obtenido por fallback Open-Meteo;Lluvioso;Sí;No
76°25'45.2''W;4°02'52.2''N;Riofrio;14:00:00;22:00:00;31PALES;21/02/2026;4.047833333;-76.42922222;21/02/2026;21/02/2026 14:00;21/02/2026 22:00;21/02/2026;4.04783;-76.42922;21/02/2026;Open-Meteo Archive;15.5;13.9;17.8;21.4;9.5;;;;Dato obtenido por fallback Open-Meteo;Lluvioso;Sí;No
76°25'45.2''W;4°02'52.2''N;Riofrio;6:00:00;14:00:00;31PALES;21/02/2026;4.047833333;-76.42922222;21/02/2026;21/02/2026 6:00;21/02/2026 14:00;21/02/2026;4.04783;-76.42922;21/02/2026;Open-Meteo Archive;15.5;13.9;17.8;21.4;9.5;;;;Dato obtenido por fallback Open-Meteo;Lluvioso;Sí;No
75°52'33.4''W;4°06'28.8''N;Sevilla;14:00:00;22:00:00;13SINAB;20/02/2026;4.108;-75.87594444;20/02/2026;20/02/2026 14:00;20/02/2026 22:00;20/02/2026;4.108;-75.87594;20/02/2026;Open-Meteo Archive;13.1;8.4;17.8;15.4;7;;;;Dato obtenido por fallback Open-Meteo;Lluvioso;Sí;No
75°51'47.2''W;4°07'04.0''N;Sevilla;6:00:00;14:00:00;13CRIST;20/02/2026;4.117777778;-75.86311111;20/02/2026;20/02/2026 6:00;20/02/2026 14:00;20/02/2026;4.11778;-75.86311;20/02/2026;Open-Meteo Archive;14.8;10.1;19.5;15.4;7;;;;Dato obtenido por fallback Open-Meteo;Lluvioso;Sí;No
75°51'47.2''W;4°07'04.0''N;Sevilla;14:00:00;22:00:00;13CRIST;20/02/2026;4.117777778;-75.86311111;20/02/2026;20/02/2026 14:00;20/02/2026 22:00;20/02/2026;4.11778;-75.86311;20/02/2026;Open-Meteo Archive;14.8;10.1;19.5;15.4;7;;;;Dato obtenido por fallback Open-Meteo;Lluvioso;Sí;No
75°51'47.2''W;4°07'04.0''N;Sevilla;6:00:00;14:00:00;13CRIST;20/02/2026;4.117777778;-75.86311111;20/02/2026;20/02/2026 6:00;20/02/2026 14:00;20/02/2026;4.11778;-75.86311;20/02/2026;Open-Meteo Archive;14.8;10.1;19.5;15.4;7;;;;Dato obtenido por fallback Open-Meteo;Lluvioso;Sí;No
76°31'18.7''W;3°03'37.9''N;Santander_Quilichao;6:00:00;14:00:00;25QUIRA;20/02/2026;3.060527778;-76.52186111;20/02/2026;20/02/2026 6:00;20/02/2026 14:00;20/02/2026;3.06053;-76.52186;20/02/2026;Open-Meteo Archive;21.6;17.7;28.1;39;11.7;;;;Dato obtenido por fallback Open-Meteo;Lluvioso;Sí;No
76°16'33.7''W;4°26'45.6''N;Bolivar;14:00:00;22:00:00;35CRIST;20/02/2026;4.446;-76.27602778;20/02/2026;20/02/2026 14:00;20/02/2026 22:00;20/02/2026;4.446;-76.27603;20/02/2026;Open-Meteo Archive;15.5;13.2;20.5;33.5;8.1;;;;Dato obtenido por fallback Open-Meteo;Lluvioso;Sí;No
76°16'33.7''W;4°26'45.6''N;Bolivar;6:00:00;14:00:00;35CRIST;20/02/2026;4.446;-76.27602778;20/02/2026;20/02/2026 6:00;20/02/2026 14:00;20/02/2026;4.446;-76.27603;20/02/2026;Open-Meteo Archive;15.5;13.2;20.5;33.5;8.1;;;;Dato obtenido por fallback Open-Meteo;Lluvioso;Sí;No
76°31'18.7''W;3°03'37.9''N;Santander_Quilichao;14:00:00;22:00:00;25QUIRA;20/02/2026;3.060527778;-76.52186111;20/02/2026;20/02/2026 14:00;20/02/2026 22:00;20/02/2026;3.06053;-76.52186;20/02/2026;Open-Meteo Archive;21.6;17.7;28.1;39;11.7;;;;Dato obtenido por fallback Open-Meteo;Lluvioso;Sí;No
76°25'45.2''W;4°02'52.2''N;Riofrio;14:00:00;22:00:00;31PALES;20/02/2026;4.047833333;-76.42922222;20/02/2026;20/02/2026 14:00;20/02/2026 22:00;20/02/2026;4.04783;-76.42922;20/02/2026;Open-Meteo Archive;15.6;12.9;20.5;6.8;10.5;;;;Dato obtenido por fallback Open-Meteo;Lluvioso;Sí;No
76°25'45.2''W;4°02'52.2''N;Riofrio;6:00:00;14:00:00;31PALES;20/02/2026;4.047833333;-76.42922222;20/02/2026;20/02/2026 6:00;20/02/2026 14:00;20/02/2026;4.04783;-76.42922;20/02/2026;Open-Meteo Archive;15.6;12.9;20.5;6.8;10.5;;;;Dato obtenido por fallback Open-Meteo;Lluvioso;Sí;No
76°29'55.3''W;3°51'37.6''N;Restrepo;14:00:00;22:00:00;34ESTRE;20/02/2026;3.860444444;-76.49869444;20/02/2026;20/02/2026 14:00;20/02/2026 22:00;20/02/2026;3.86044;-76.49869;20/02/2026;Open-Meteo Archive;19.4;16;26;1.5;7.4;;;;Dato obtenido por fallback Open-Meteo;Lluvioso;Sí;No
76°29'55.3''W;3°51'37.6''N;Restrepo;6:00:00;14:00:00;34ESTRE;20/02/2026;3.860444444;-76.49869444;20/02/2026;20/02/2026 6:00;20/02/2026 14:00;20/02/2026;3.86044;-76.49869;20/02/2026;Open-Meteo Archive;19.4;16;26;1.5;7.4;;;;Dato obtenido por fallback Open-Meteo;Lluvioso;Sí;No
76°16'33.7''W;4°26'45.6''N;Bolivar;14:00:00;22:00:00;35CRIST;19/02/2026;4.446;-76.27602778;19/02/2026;19/02/2026 14:00;19/02/2026 22:00;19/02/2026;4.446;-76.27603;19/02/2026;Open-Meteo Archive;15;12.9;19;19.7;7.2;;;;Dato obtenido por fallback Open-Meteo;Lluvioso;Sí;No
76°16'33.7''W;4°26'45.6''N;Bolivar;6:00:00;14:00:00;35CRIST;19/02/2026;4.446;-76.27602778;19/02/2026;19/02/2026 6:00;19/02/2026 14:00;19/02/2026;4.446;-76.27603;19/02/2026;Open-Meteo Archive;15;12.9;19;19.7;7.2;;;;Dato obtenido por fallback Open-Meteo;Lluvioso;Sí;No
76°16'33.7''W;4°26'45.6''N;Bolivar;14:00:00;22:00:00;35CRIST;18/02/2026;4.446;-76.27602778;18/02/2026;18/02/2026 14:00;18/02/2026 22:00;18/02/2026;4.446;-76.27603;18/02/2026;Open-Meteo Archive;14.7;12;19.4;22.4;10.3;;;;Dato obtenido por fallback Open-Meteo;Lluvioso;Sí;No
76°16'33.7''W;4°26'45.6''N;Bolivar;6:00:00;14:00:00;35CRIST;18/02/2026;4.446;-76.27602778;18/02/2026;18/02/2026 6:00;18/02/2026 14:00;18/02/2026;4.446;-76.27603;18/02/2026;Open-Meteo Archive;14.7;12;19.4;22.4;10.3;;;;Dato obtenido por fallback Open-Meteo;Lluvioso;Sí;No
76°31'18.7''W;3°03'37.9''N;Santander_Quilichao;14:00:00;22:00:00;25QUIRA;18/02/2026;3.060527778;-76.52186111;18/02/2026;18/02/2026 14:00;18/02/2026 22:00;18/02/2026;3.06053;-76.52186;18/02/2026;Open-Meteo Archive;21.3;17.9;26.6;19;8.8;;;;Dato obtenido por fallback Open-Meteo;Lluvioso;Sí;No
76°31'18.7''W;3°03'37.9''N;Santander_Quilichao;6:00:00;14:00:00;25QUIRA;18/02/2026;3.060527778;-76.52186111;18/02/2026;18/02/2026 6:00;18/02/2026 14:00;18/02/2026;3.06053;-76.52186;18/02/2026;Open-Meteo Archive;21.3;17.9;26.6;19;8.8;;;;Dato obtenido por fallback Open-Meteo;Lluvioso;Sí;No
76°16'33.7''W;4°26'45.6''N;Bolivar;14:00:00;22:00:00;35CRIST;17/02/2026;4.446;-76.27602778;17/02/2026;17/02/2026 14:00;17/02/2026 22:00;17/02/2026;4.446;-76.27603;17/02/2026;Open-Meteo Archive;14.9;12;20.1;14.2;9.2;;;;Dato obtenido por fallback Open-Meteo;Lluvioso;Sí;No
76°16'33.7''W;4°26'45.6''N;Bolivar;6:00:00;14:00:00;35CRIST;17/02/2026;4.446;-76.27602778;17/02/2026;17/02/2026 6:00;17/02/2026 14:00;17/02/2026;4.446;-76.27603;17/02/2026;Open-Meteo Archive;14.9;12;20.1;14.2;9.2;;;;Dato obtenido por fallback Open-Meteo;Lluvioso;Sí;No
76°34'23.0''W;3°41'39.8''N;Cumbre;6:00:00;14:00:00;32PORRA;19/02/2026;3.694388889;-76.57305556;19/02/2026;19/02/2026 6:00;19/02/2026 14:00;19/02/2026;3.69439;-76.57306;19/02/2026;Meteostat Daily;23.2;19;30;27.7;7.7;1014;;;Dato diario obtenido correctamente;Lluvioso;Sí;No
76°34'23.0''W;3°41'39.8''N;Cumbre;6:00:00;14:00:00;32PORRA;20/02/2026;3.694388889;-76.57305556;20/02/2026;20/02/2026 6:00;20/02/2026 14:00;20/02/2026;3.69439;-76.57306;20/02/2026;Meteostat Daily;23.8;19;30;6;8.9;1013.2;;;Dato diario obtenido correctamente;Lluvioso;Sí;No
76°34'23.0''W;3°41'39.8''N;Cumbre;14:00:00;22:00:00;32PORRA;20/02/2026;3.694388889;-76.57305556;20/02/2026;20/02/2026 14:00;20/02/2026 22:00;20/02/2026;3.69439;-76.57306;20/02/2026;Meteostat Daily;23.8;19;30;6;8.9;1013.2;;;Dato diario obtenido correctamente;Lluvioso;Sí;No
76°34'23.0''W;3°41'39.8''N;Cumbre;6:00:00;14:00:00;32PORRA;20/02/2026;3.694388889;-76.57305556;20/02/2026;20/02/2026 6:00;20/02/2026 14:00;20/02/2026;3.69439;-76.57306;20/02/2026;Meteostat Daily;23.8;19;30;6;8.9;1013.2;;;Dato diario obtenido correctamente;Lluvioso;Sí;No
76°34'23.0''W;3°41'39.8''N;Cumbre;14:00:00;22:00:00;32PORRA;21/02/2026;3.694388889;-76.57305556;21/02/2026;21/02/2026 14:00;21/02/2026 22:00;21/02/2026;3.69439;-76.57306;21/02/2026;Meteostat Daily;23.8;20;29;13;9.2;1014.1;;;Dato diario obtenido correctamente;Lluvioso;Sí;No
76°34'23.0''W;3°41'39.8''N;Cumbre;6:00:00;14:00:00;32PORRA;21/02/2026;3.694388889;-76.57305556;21/02/2026;21/02/2026 6:00;21/02/2026 14:00;21/02/2026;3.69439;-76.57306;21/02/2026;Meteostat Daily;23.8;20;29;13;9.2;1014.1;;;Dato diario obtenido correctamente;Lluvioso;Sí;No
76°34'23.0''W;3°41'39.8''N;Cumbre;6:00:00;14:00:00;32PORRA;21/02/2026;3.694388889;-76.57305556;21/02/2026;21/02/2026 6:00;21/02/2026 14:00;21/02/2026;3.69439;-76.57306;21/02/2026;Meteostat Daily;23.8;20;29;13;9.2;1014.1;;;Dato diario obtenido correctamente;Lluvioso;Sí;No
76°25'45.2''W;4°02'52.2''N;Riofrio;6:00:00;14:00:00;31PALES;22/02/2026;4.047833333;-76.42922222;22/02/2026;22/02/2026 6:00;22/02/2026 14:00;22/02/2026;4.04783;-76.42922;22/02/2026;Open-Meteo Archive;15;13.7;17;63.8;7.9;;;;Dato obtenido por fallback Open-Meteo;Lluvioso;Sí;No
76°25'45.2''W;4°02'52.2''N;Riofrio;14:00:00;22:00:00;31PALES;22/02/2026;4.047833333;-76.42922222;22/02/2026;22/02/2026 14:00;22/02/2026 22:00;22/02/2026;4.04783;-76.42922;22/02/2026;Open-Meteo Archive;15;13.7;17;63.8;7.9;;;;Dato obtenido por fallback Open-Meteo;Lluvioso;Sí;No
76°29'55.3''W;3°51'37.6''N;Restrepo;14:00:00;22:00:00;34ESTRE;22/02/2026;3.860444444;-76.49869444;22/02/2026;22/02/2026 14:00;22/02/2026 22:00;22/02/2026;3.86044;-76.49869;22/02/2026;Open-Meteo Archive;19;16;24.1;5.7;7.6;;;;Dato obtenido por fallback Open-Meteo;Lluvioso;Sí;No
76°34'23.0''W;3°41'39.8''N;Cumbre;6:00:00;14:00:00;32PORRA;22/02/2026;3.694388889;-76.57305556;22/02/2026;22/02/2026 6:00;22/02/2026 14:00;22/02/2026;3.69439;-76.57306;22/02/2026;Meteostat Daily;23.5;20;28.3;6.5;9.3;;;;Dato diario obtenido correctamente;Lluvioso;Sí;No
76°34'23.0''W;3°41'39.8''N;Cumbre;6:00:00;14:00:00;32PORRA;22/02/2026;3.694388889;-76.57305556;22/02/2026;22/02/2026 6:00;22/02/2026 14:00;22/02/2026;3.69439;-76.57306;22/02/2026;Meteostat Daily;23.5;20;28.3;6.5;9.3;;;;Dato diario obtenido correctamente;Lluvioso;Sí;No
76°31'18.7''W;3°03'37.9''N;Santander_Quilichao;6:00:00;14:00:00;25QUIRA;23/02/2026;3.060527778;-76.52186111;23/02/2026;23/02/2026 6:00;23/02/2026 14:00;23/02/2026;3.06053;-76.52186;23/02/2026;Open-Meteo Archive;21.1;18;27;14.6;14.1;;;;Dato obtenido por fallback Open-Meteo;Lluvioso;Sí;No
76°31'18.7''W;3°03'37.9''N;Santander_Quilichao;14:00:00;22:00:00;25QUIRA;23/02/2026;3.060527778;-76.52186111;23/02/2026;23/02/2026 14:00;23/02/2026 22:00;23/02/2026;3.06053;-76.52186;23/02/2026;Open-Meteo Archive;21.1;18;27;14.6;14.1;;;;Dato obtenido por fallback Open-Meteo;Lluvioso;Sí;No
75°51'47.2''W;4°07'04.0''N;Sevilla;6:00:00;14:00:00;13CRIST;23/02/2026;4.117777778;-75.86311111;23/02/2026;23/02/2026 6:00;23/02/2026 14:00;23/02/2026;4.11778;-75.86311;23/02/2026;Open-Meteo Archive;14.5;11.7;17.4;17.7;6.8;;;;Dato obtenido por fallback Open-Meteo;Lluvioso;Sí;No
75°52'33.4''W;4°06'28.8''N;Sevilla;14:00:00;22:00:00;13SINAB;23/02/2026;4.108;-75.87594444;23/02/2026;23/02/2026 14:00;23/02/2026 22:00;23/02/2026;4.108;-75.87594;23/02/2026;Open-Meteo Archive;12.8;10;15.6;17.7;6.8;;;;Dato obtenido por fallback Open-Meteo;Lluvioso;Sí;No
75°52'33.4''W;4°06'28.8''N;Sevilla;14:00:00;22:00:00;13SINAB;23/02/2026;4.108;-75.87594444;23/02/2026;23/02/2026 14:00;23/02/2026 22:00;23/02/2026;4.108;-75.87594;23/02/2026;Open-Meteo Archive;12.8;10;15.6;17.7;6.8;;;;Dato obtenido por fallback Open-Meteo;Lluvioso;Sí;No
76°29'55.3''W;3°51'37.6''N;Restrepo;14:00:00;22:00:00;34ESTRE;23/02/2026;3.860444444;-76.49869444;23/02/2026;23/02/2026 14:00;23/02/2026 22:00;23/02/2026;3.86044;-76.49869;23/02/2026;Open-Meteo Archive;18.8;16.5;23.1;17.9;6.7;;;;Dato obtenido por fallback Open-Meteo;Lluvioso;Sí;No
75°51'47.2''W;4°07'04.0''N;Sevilla;6:00:00;14:00:00;13CRIST;23/02/2026;4.117777778;-75.86311111;23/02/2026;23/02/2026 6:00;23/02/2026 14:00;23/02/2026;4.11778;-75.86311;23/02/2026;Open-Meteo Archive;14.5;11.7;17.4;17.7;6.8;;;;Dato obtenido por fallback Open-Meteo;Lluvioso;Sí;No
75°51'47.2''W;4°07'04.0''N;Sevilla;14:00:00;22:00:00;13CRIST;23/02/2026;4.117777778;-75.86311111;23/02/2026;23/02/2026 14:00;23/02/2026 22:00;23/02/2026;4.11778;-75.86311;23/02/2026;Open-Meteo Archive;14.5;11.7;17.4;17.7;6.8;;;;Dato obtenido por fallback Open-Meteo;Lluvioso;Sí;No
75°52'33.4''W;4°06'28.8''N;Sevilla;6:00:00;14:00:00;13SINAB;23/02/2026;4.108;-75.87594444;23/02/2026;23/02/2026 6:00;23/02/2026 14:00;23/02/2026;4.108;-75.87594;23/02/2026;Open-Meteo Archive;12.8;10;15.6;17.7;6.8;;;;Dato obtenido por fallback Open-Meteo;Lluvioso;Sí;No
75°52'33.4''W;4°06'28.8''N;Sevilla;14:00:00;22:00:00;13SINAB;23/02/2026;4.108;-75.87594444;23/02/2026;23/02/2026 14:00;23/02/2026 22:00;23/02/2026;4.108;-75.87594;23/02/2026;Open-Meteo Archive;12.8;10;15.6;17.7;6.8;;;;Dato obtenido por fallback Open-Meteo;Lluvioso;Sí;No
76°29'55.3''W;3°51'37.6''N;Restrepo;6:00:00;14:00:00;34ESTRE;23/02/2026;3.860444444;-76.49869444;23/02/2026;23/02/2026 6:00;23/02/2026 14:00;23/02/2026;3.86044;-76.49869;23/02/2026;Open-Meteo Archive;18.8;16.5;23.1;17.9;6.7;;;;Dato obtenido por fallback Open-Meteo;Lluvioso;Sí;No
76°34'23.0''W;3°41'39.8''N;Cumbre;6:00:00;14:00:00;32PORRA;23/02/2026;3.694388889;-76.57305556;23/02/2026;23/02/2026 6:00;23/02/2026 14:00;23/02/2026;3.69439;-76.57306;23/02/2026;Meteostat Daily;23;20.2;29;15.8;8.7;;;;Dato diario obtenido correctamente;Lluvioso;Sí;No
76°34'23.0''W;3°41'39.8''N;Cumbre;14:00:00;22:00:00;32PORRA;23/02/2026;3.694388889;-76.57305556;23/02/2026;23/02/2026 14:00;23/02/2026 22:00;23/02/2026;3.69439;-76.57306;23/02/2026;Meteostat Daily;23;20.2;29;15.8;8.7;;;;Dato diario obtenido correctamente;Lluvioso;Sí;No
76°34'23.0''W;3°41'39.8''N;Cumbre;6:00:00;14:00:00;32PORRA;23/02/2026;3.694388889;-76.57305556;23/02/2026;23/02/2026 6:00;23/02/2026 14:00;23/02/2026;3.69439;-76.57306;23/02/2026;Meteostat Daily;23;20.2;29;15.8;8.7;;;;Dato diario obtenido correctamente;Lluvioso;Sí;No
76°25'45.2''W;4°02'52.2''N;Riofrio;14:00:00;22:00:00;31PALES;23/02/2026;4.047833333;-76.42922222;23/02/2026;23/02/2026 14:00;23/02/2026 22:00;23/02/2026;4.04783;-76.42922;23/02/2026;Open-Meteo Archive;14.8;13.5;17.1;38.8;6.1;;;;Dato obtenido por fallback Open-Meteo;Lluvioso;Sí;No
76°25'45.2''W;4°02'52.2''N;Riofrio;14:00:00;22:00:00;31PALES;25/02/2026;4.047833333;-76.42922222;25/02/2026;25/02/2026 14:00;25/02/2026 22:00;25/02/2026;4.04783;-76.42922;25/02/2026;Open-Meteo Archive;15.7;13;19.1;1.9;12.7;;;;Dato obtenido por fallback Open-Meteo;Lluvioso;Sí;No
76°25'45.2''W;4°02'52.2''N;Riofrio;6:00:00;14:00:00;31PALES;25/02/2026;4.047833333;-76.42922222;25/02/2026;25/02/2026 6:00;25/02/2026 14:00;25/02/2026;4.04783;-76.42922;25/02/2026;Open-Meteo Archive;15.7;13;19.1;1.9;12.7;;;;Dato obtenido por fallback Open-Meteo;Lluvioso;Sí;No
76°25'45.2''W;4°02'52.2''N;Riofrio;14:00:00;22:00:00;31PALES;24/02/2026;4.047833333;-76.42922222;24/02/2026;24/02/2026 14:00;24/02/2026 22:00;24/02/2026;4.04783;-76.42922;24/02/2026;Open-Meteo Archive;14.7;13.7;16.7;58.6;6.5;;;;Dato obtenido por fallback Open-Meteo;Lluvioso;Sí;No
76°25'45.2''W;4°02'52.2''N;Riofrio;6:00:00;14:00:00;31PALES;24/02/2026;4.047833333;-76.42922222;24/02/2026;24/02/2026 6:00;24/02/2026 14:00;24/02/2026;4.04783;-76.42922;24/02/2026;Open-Meteo Archive;14.7;13.7;16.7;58.6;6.5;;;;Dato obtenido por fallback Open-Meteo;Lluvioso;Sí;No
75°51'47.2''W;4°07'04.0''N;Sevilla;14:00:00;22:00:00;13CRIST;23/02/2026;4.117777778;-75.86311111;23/02/2026;23/02/2026 14:00;23/02/2026 22:00;23/02/2026;4.11778;-75.86311;23/02/2026;Open-Meteo Archive;14.5;11.7;17.4;17.7;6.8;;;;Dato obtenido por fallback Open-Meteo;Lluvioso;Sí;No
76°34'23.0''W;3°41'39.8''N;Cumbre;6:00:00;14:00:00;32PORRA;24/02/2026;3.694388889;-76.57305556;24/02/2026;24/02/2026 6:00;24/02/2026 14:00;24/02/2026;3.69439;-76.57306;24/02/2026;Meteostat Daily;23;19.8;27.9;9.5;7.9;;;;Dato diario obtenido correctamente;Lluvioso;Sí;No
76°34'23.0''W;3°41'39.8''N;Cumbre;14:00:00;22:00:00;32PORRA;24/02/2026;3.694388889;-76.57305556;24/02/2026;24/02/2026 14:00;24/02/2026 22:00;24/02/2026;3.69439;-76.57306;24/02/2026;Meteostat Daily;23;19.8;27.9;9.5;7.9;;;;Dato diario obtenido correctamente;Lluvioso;Sí;No
76°28'57.7''W;3°51'56.4''N;Darien_Calima;14:00:00;22:00:00;34BRILL;24/02/2026;3.865666667;-76.48269444;24/02/2026;24/02/2026 14:00;24/02/2026 22:00;24/02/2026;3.86567;-76.48269;24/02/2026;Open-Meteo Archive;17.7;15.9;20.8;34.5;6.3;;;;Dato obtenido por fallback Open-Meteo;Lluvioso;Sí;No
76°34'23.0''W;3°41'39.8''N;Cumbre;6:00:00;14:00:00;32PORRA;24/02/2026;3.694388889;-76.57305556;24/02/2026;24/02/2026 6:00;24/02/2026 14:00;24/02/2026;3.69439;-76.57306;24/02/2026;Meteostat Daily;23;19.8;27.9;9.5;7.9;;;;Dato diario obtenido correctamente;Lluvioso;Sí;No
76°31'18.7''W;3°03'37.9''N;Santander_Quilichao;6:00:00;14:00:00;25QUIRA;24/02/2026;3.060527778;-76.52186111;24/02/2026;24/02/2026 6:00;24/02/2026 14:00;24/02/2026;3.06053;-76.52186;24/02/2026;Open-Meteo Archive;20.7;18.4;26.5;24.3;10.7;;;;Dato obtenido por fallback Open-Meteo;Lluvioso;Sí;No
76°31'18.7''W;3°03'37.9''N;Santander_Quilichao;14:00:00;22:00:00;25QUIRA;24/02/2026;3.060527778;-76.52186111;24/02/2026;24/02/2026 14:00;24/02/2026 22:00;24/02/2026;3.06053;-76.52186;24/02/2026;Open-Meteo Archive;20.7;18.4;26.5;24.3;10.7;;;;Dato obtenido por fallback Open-Meteo;Lluvioso;Sí;No
76°16'49.6''W;4°25'45.8''N;Bolivar;6:00:00;14:00:00;35CAROL;24/02/2026;4.429388889;-76.28044444;24/02/2026;24/02/2026 6:00;24/02/2026 14:00;24/02/2026;4.42939;-76.28044;24/02/2026;Open-Meteo Archive;14.9;13.3;17.8;16.2;8.6;;;;Dato obtenido por fallback Open-Meteo;Lluvioso;Sí;No
76°29'55.3''W;3°51'37.6''N;Restrepo;6:00:00;14:00:00;34ESTRE;24/02/2026;3.860444444;-76.49869444;24/02/2026;24/02/2026 6:00;24/02/2026 14:00;24/02/2026;3.86044;-76.49869;24/02/2026;Open-Meteo Archive;18.4;16.2;22.8;18.1;6.9;;;;Dato obtenido por fallback Open-Meteo;Lluvioso;Sí;No
76°29'55.3''W;3°51'37.6''N;Restrepo;14:00:00;22:00:00;34ESTRE;25/02/2026;3.860444444;-76.49869444;25/02/2026;25/02/2026 14:00;25/02/2026 22:00;25/02/2026;3.86044;-76.49869;25/02/2026;Open-Meteo Archive;19.6;16.2;25;3.3;7.5;;;;Dato obtenido por fallback Open-Meteo;Lluvioso;Sí;No
76°31'18.7''W;3°03'37.9''N;Santander_Quilichao;6:00:00;14:00:00;25QUIRA;25/02/2026;3.060527778;-76.52186111;25/02/2026;25/02/2026 6:00;25/02/2026 14:00;25/02/2026;3.06053;-76.52186;25/02/2026;Open-Meteo Archive;22.1;18.6;28.5;16.5;11.4;;;;Dato obtenido por fallback Open-Meteo;Lluvioso;Sí;No
76°31'18.7''W;3°03'37.9''N;Santander_Quilichao;6:00:00;14:00:00;25QUIRA;25/02/2026;3.060527778;-76.52186111;25/02/2026;25/02/2026 6:00;25/02/2026 14:00;25/02/2026;3.06053;-76.52186;25/02/2026;Open-Meteo Archive;22.1;18.6;28.5;16.5;11.4;;;;Dato obtenido por fallback Open-Meteo;Lluvioso;Sí;No
76°34'23.0''W;3°41'39.8''N;Cumbre;6:00:00;14:00:00;32PORRA;25/02/2026;3.694388889;-76.57305556;25/02/2026;25/02/2026 6:00;25/02/2026 14:00;25/02/2026;3.69439;-76.57306;25/02/2026;Meteostat Daily;24.2;19.9;30.5;5.6;8.3;;;;Dato diario obtenido correctamente;Lluvioso;Sí;No
76°34'23.0''W;3°41'39.8''N;Cumbre;14:00:00;22:00:00;32PORRA;25/02/2026;3.694388889;-76.57305556;25/02/2026;25/02/2026 14:00;25/02/2026 22:00;25/02/2026;3.69439;-76.57306;25/02/2026;Meteostat Daily;24.2;19.9;30.5;5.6;8.3;;;;Dato diario obtenido correctamente;Lluvioso;Sí;No
76°34'23.0''W;3°41'39.8''N;Cumbre;6:00:00;14:00:00;32PORRA;25/02/2026;3.694388889;-76.57305556;25/02/2026;25/02/2026 6:00;25/02/2026 14:00;25/02/2026;3.69439;-76.57306;25/02/2026;Meteostat Daily;24.2;19.9;30.5;5.6;8.3;;;;Dato diario obtenido correctamente;Lluvioso;Sí;No
76°28'57.7''W;3°51'56.4''N;Darien_Calima;6:00:00;14:00:00;34BRILL;25/02/2026;3.865666667;-76.48269444;25/02/2026;25/02/2026 6:00;25/02/2026 14:00;25/02/2026;3.86567;-76.48269;25/02/2026;Open-Meteo Archive;18.9;15.8;23.4;5.3;9.7;;;;Dato obtenido por fallback Open-Meteo;Lluvioso;Sí;No
75°51'47.2''W;4°07'04.0''N;Sevilla;6:00:00;14:00:00;13CRIST;25/02/2026;4.117777778;-75.86311111;25/02/2026;25/02/2026 6:00;25/02/2026 14:00;25/02/2026;4.11778;-75.86311;25/02/2026;Open-Meteo Archive;15.1;11.5;18.3;32.3;6.6;;;;Dato obtenido por fallback Open-Meteo;Lluvioso;Sí;No
75°51'47.2''W;4°07'04.0''N;Sevilla;14:00:00;22:00:00;13CRIST;25/02/2026;4.117777778;-75.86311111;25/02/2026;25/02/2026 14:00;25/02/2026 22:00;25/02/2026;4.11778;-75.86311;25/02/2026;Open-Meteo Archive;15.1;11.5;18.3;32.3;6.6;;;;Dato obtenido por fallback Open-Meteo;Lluvioso;Sí;No
75°52'33.4''W;4°06'28.8''N;Sevilla;6:00:00;14:00:00;13SINAB;25/02/2026;4.108;-75.87594444;25/02/2026;25/02/2026 6:00;25/02/2026 14:00;25/02/2026;4.108;-75.87594;25/02/2026;Open-Meteo Archive;13.4;9.7;16.5;32.3;6.6;;;;Dato obtenido por fallback Open-Meteo;Lluvioso;Sí;No
75°52'33.4''W;4°06'28.8''N;Sevilla;14:00:00;22:00:00;13SINAB;25/02/2026;4.108;-75.87594444;25/02/2026;25/02/2026 14:00;25/02/2026 22:00;25/02/2026;4.108;-75.87594;25/02/2026;Open-Meteo Archive;13.4;9.7;16.5;32.3;6.6;;;;Dato obtenido por fallback Open-Meteo;Lluvioso;Sí;No
76°30'42.9''W;3°51'45.8''N;Restrepo;14:00:00;22:00:00;34RANCH;26/02/2026;3.862722222;-76.51191667;26/02/2026;26/02/2026 14:00;26/02/2026 22:00;26/02/2026;3.86272;-76.51192;26/02/2026;Open-Meteo Archive;19.8;16.5;24.2;1.4;11.8;;;;Dato obtenido por fallback Open-Meteo;Lluvioso;Sí;No
76°30'42.9''W;3°51'45.8''N;Restrepo;6:00:00;14:00:00;34RANCH;26/02/2026;3.862722222;-76.51191667;26/02/2026;26/02/2026 6:00;26/02/2026 14:00;26/02/2026;3.86272;-76.51192;26/02/2026;Open-Meteo Archive;19.8;16.5;24.2;1.4;11.8;;;;Dato obtenido por fallback Open-Meteo;Lluvioso;Sí;No
76°25'45.2''W;4°02'52.2''N;Riofrio;6:00:00;14:00:00;31PALES;26/02/2026;4.047833333;-76.42922222;26/02/2026;26/02/2026 6:00;26/02/2026 14:00;26/02/2026;4.04783;-76.42922;26/02/2026;Open-Meteo Archive;16.3;13.2;20.5;1.4;12.3;;;;Dato obtenido por fallback Open-Meteo;Lluvioso;Sí;No
76°25'45.2''W;4°02'52.2''N;Riofrio;14:00:00;22:00:00;31PALES;26/02/2026;4.047833333;-76.42922222;26/02/2026;26/02/2026 14:00;26/02/2026 22:00;26/02/2026;4.04783;-76.42922;26/02/2026;Open-Meteo Archive;16.3;13.2;20.5;1.4;12.3;;;;Dato obtenido por fallback Open-Meteo;Lluvioso;Sí;No
76°31'18.7''W;3°03'37.9''N;Santander_Quilichao;6:00:00;14:00:00;25QUIRA;26/02/2026;3.060527778;-76.52186111;26/02/2026;26/02/2026 6:00;26/02/2026 14:00;26/02/2026;3.06053;-76.52186;26/02/2026;Open-Meteo Archive;22.2;17.8;28.4;21.1;11;;;;Dato obtenido por fallback Open-Meteo;Lluvioso;Sí;No
76°34'23.0''W;3°41'39.8''N;Cumbre;6:00:00;14:00:00;32PORRA;26/02/2026;3.694388889;-76.57305556;26/02/2026;26/02/2026 6:00;26/02/2026 14:00;26/02/2026;3.69439;-76.57306;26/02/2026;Imputado por fecha;24.5;20;30.9;15;8.7;;;;Dato diario obtenido correctamente;Lluvioso;Sí;Sí
76°34'23.0''W;3°41'39.8''N;Cumbre;6:00:00;14:00:00;32PORRA;26/02/2026;3.694388889;-76.57305556;26/02/2026;26/02/2026 6:00;26/02/2026 14:00;26/02/2026;3.69439;-76.57306;26/02/2026;Imputado por fecha;24.5;20;30.9;15;8.7;;;;Dato diario obtenido correctamente;Lluvioso;Sí;Sí
76°34'23.0''W;3°41'39.8''N;Cumbre;14:00:00;22:00:00;32PORRA;26/02/2026;3.694388889;-76.57305556;26/02/2026;26/02/2026 14:00;26/02/2026 22:00;26/02/2026;3.69439;-76.57306;26/02/2026;Imputado por fecha;24.5;20;30.9;15;8.7;;;;Dato diario obtenido correctamente;Lluvioso;Sí;Sí
75°51'47.2''W;4°07'04.0''N;Sevilla;6:00:00;14:00:00;13CRIST;26/02/2026;4.117777778;-75.86311111;26/02/2026;26/02/2026 6:00;26/02/2026 14:00;26/02/2026;4.11778;-75.86311;26/02/2026;Open-Meteo Archive;15;9.9;21.3;15;8.3;;;;Dato obtenido por fallback Open-Meteo;Lluvioso;Sí;No
75°52'33.4''W;4°06'28.8''N;Sevilla;14:00:00;22:00:00;13SINAB;26/02/2026;4.108;-75.87594444;26/02/2026;26/02/2026 14:00;26/02/2026 22:00;26/02/2026;4.108;-75.87594;26/02/2026;Open-Meteo Archive;13.3;8.1;19.5;15;8.3;;;;Dato obtenido por fallback Open-Meteo;Lluvioso;Sí;No
75°52'33.4''W;4°06'28.8''N;Sevilla;14:00:00;22:00:00;13SINAB;26/02/2026;4.108;-75.87594444;26/02/2026;26/02/2026 14:00;26/02/2026 22:00;26/02/2026;4.108;-75.87594;26/02/2026;Open-Meteo Archive;13.3;8.1;19.5;15;8.3;;;;Dato obtenido por fallback Open-Meteo;Lluvioso;Sí;No
75°52'33.4''W;4°06'28.8''N;Sevilla;14:00:00;22:00:00;13SINAB;26/02/2026;4.108;-75.87594444;26/02/2026;26/02/2026 14:00;26/02/2026 22:00;26/02/2026;4.108;-75.87594;26/02/2026;Open-Meteo Archive;13.3;8.1;19.5;15;8.3;;;;Dato obtenido por fallback Open-Meteo;Lluvioso;Sí;No
76°31'18.7''W;3°03'37.9''N;Santander_Quilichao;6:00:00;14:00:00;25QUIRA;27/02/2026;3.060527778;-76.52186111;27/02/2026;27/02/2026 6:00;27/02/2026 14:00;27/02/2026;3.06053;-76.52186;27/02/2026;Open-Meteo Archive;22.1;17.5;28.2;4.4;10.2;;;;Dato obtenido por fallback Open-Meteo;Lluvioso;Sí;No
76°25'45.2''W;4°02'52.2''N;Riofrio;6:00:00;14:00:00;31PALES;27/02/2026;4.047833333;-76.42922222;27/02/2026;27/02/2026 6:00;27/02/2026 14:00;27/02/2026;4.04783;-76.42922;27/02/2026;Open-Meteo Archive;16.2;12.9;20.9;3.7;11.3;;;;Dato obtenido por fallback Open-Meteo;Lluvioso;Sí;No
76°31'18.7''W;3°03'37.9''N;Santander_Quilichao;14:00:00;22:00:00;25QUIRA;27/02/2026;3.060527778;-76.52186111;27/02/2026;27/02/2026 14:00;27/02/2026 22:00;27/02/2026;3.06053;-76.52186;27/02/2026;Open-Meteo Archive;22.1;17.5;28.2;4.4;10.2;;;;Dato obtenido por fallback Open-Meteo;Lluvioso;Sí;No
76°25'45.2''W;4°02'52.2''N;Riofrio;14:00:00;22:00:00;31PALES;27/02/2026;4.047833333;-76.42922222;27/02/2026;27/02/2026 14:00;27/02/2026 22:00;27/02/2026;4.04783;-76.42922;27/02/2026;Open-Meteo Archive;16.2;12.9;20.9;3.7;11.3;;;;Dato obtenido por fallback Open-Meteo;Lluvioso;Sí;No
76°34'23.0''W;3°41'39.8''N;Cumbre;6:00:00;14:00:00;32PORRA;27/02/2026;3.694388889;-76.57305556;27/02/2026;27/02/2026 6:00;27/02/2026 14:00;27/02/2026;3.69439;-76.57306;27/02/2026;Imputado por fecha;24.5;20.3;30.2;4.4;9.7;;;;Dato diario obtenido correctamente;Lluvioso;Sí;Sí
76°34'23.0''W;3°41'39.8''N;Cumbre;6:00:00;14:00:00;32PORRA;27/02/2026;3.694388889;-76.57305556;27/02/2026;27/02/2026 6:00;27/02/2026 14:00;27/02/2026;3.69439;-76.57306;27/02/2026;Imputado por fecha;24.5;20.3;30.2;4.4;9.7;;;;Dato diario obtenido correctamente;Lluvioso;Sí;Sí
76°34'23.0''W;3°41'39.8''N;Cumbre;6:00:00;14:00:00;32PORRA;27/02/2026;3.694388889;-76.57305556;27/02/2026;27/02/2026 6:00;27/02/2026 14:00;27/02/2026;3.69439;-76.57306;27/02/2026;Imputado por fecha;24.5;20.3;30.2;4.4;9.7;;;;Dato diario obtenido correctamente;Lluvioso;Sí;Sí
75°52'33.4''W;4°06'28.8''N;Sevilla;6:00:00;14:00:00;13SINAB;27/02/2026;4.108;-75.87594444;27/02/2026;27/02/2026 6:00;27/02/2026 14:00;27/02/2026;4.108;-75.87594;27/02/2026;Open-Meteo Archive;13.5;8.2;18.6;7.3;8;;;;Dato obtenido por fallback Open-Meteo;Lluvioso;Sí;No
75°52'33.4''W;4°06'28.8''N;Sevilla;14:00:00;22:00:00;13SINAB;27/02/2026;4.108;-75.87594444;27/02/2026;27/02/2026 14:00;27/02/2026 22:00;27/02/2026;4.108;-75.87594;27/02/2026;Open-Meteo Archive;13.5;8.2;18.6;7.3;8;;;;Dato obtenido por fallback Open-Meteo;Lluvioso;Sí;No
75°52'33.4''W;4°06'28.8''N;Sevilla;6:00:00;14:00:00;13SINAB;27/02/2026;4.108;-75.87594444;27/02/2026;27/02/2026 6:00;27/02/2026 14:00;27/02/2026;4.108;-75.87594;27/02/2026;Open-Meteo Archive;13.5;8.2;18.6;7.3;8;;;;Dato obtenido por fallback Open-Meteo;Lluvioso;Sí;No
76°30'42.9''W;3°51'45.8''N;Restrepo;6:00:00;14:00:00;34RANCH;27/02/2026;3.862722222;-76.51191667;27/02/2026;27/02/2026 6:00;27/02/2026 14:00;27/02/2026;3.86272;-76.51192;27/02/2026;Open-Meteo Archive;19.6;16.6;24.4;2.2;10.2;;;;Dato obtenido por fallback Open-Meteo;Lluvioso;Sí;No
76°30'42.9''W;3°51'45.8''N;Restrepo;14:00:00;22:00:00;34RANCH;27/02/2026;3.862722222;-76.51191667;27/02/2026;27/02/2026 14:00;27/02/2026 22:00;27/02/2026;3.86272;-76.51192;27/02/2026;Open-Meteo Archive;19.6;16.6;24.4;2.2;10.2;;;;Dato obtenido por fallback Open-Meteo;Lluvioso;Sí;No
76°29'55.3''W;3°51'37.6''N;Restrepo;6:00:00;14:00:00;34ESTRE;28/02/2026;3.860444444;-76.49869444;28/02/2026;28/02/2026 6:00;28/02/2026 14:00;28/02/2026;3.86044;-76.49869;28/02/2026;Open-Meteo Archive;20.5;16.5;26.1;2.4;9.8;;;;Dato obtenido por fallback Open-Meteo;Lluvioso;Sí;No
76°28'02.8''W;3°45'08.8''N;Vijes;14:00:00;22:00:00;32SNRAF;28/02/2026;3.752444444;-76.46744444;28/02/2026;28/02/2026 14:00;28/02/2026 22:00;28/02/2026;3.75244;-76.46744;28/02/2026;Imputado por fecha;25;20.1;33;6.2;9.8;;;;Dato diario obtenido correctamente;Lluvioso;Sí;Sí
76°34'23.0''W;3°41'39.8''N;Cumbre;6:00:00;14:00:00;32PORRA;28/02/2026;3.694388889;-76.57305556;28/02/2026;28/02/2026 6:00;28/02/2026 14:00;28/02/2026;3.69439;-76.57306;28/02/2026;Imputado por fecha;25;20.1;33;6.2;9.8;;;;Dato diario obtenido correctamente;Lluvioso;Sí;Sí
76°34'23.0''W;3°41'39.8''N;Cumbre;14:00:00;22:00:00;32PORRA;28/02/2026;3.694388889;-76.57305556;28/02/2026;28/02/2026 14:00;28/02/2026 22:00;28/02/2026;3.69439;-76.57306;28/02/2026;Imputado por fecha;25;20.1;33;6.2;9.8;;;;Dato diario obtenido correctamente;Lluvioso;Sí;Sí
75°52'57.2''W;4°13'34.6''N;Sevilla;14:00:00;22:00:00;13SNGER;28/02/2026;4.226277778;-75.88255556;28/02/2026;28/02/2026 14:00;28/02/2026 22:00;28/02/2026;4.22628;-75.88256;28/02/2026;Open-Meteo Archive;16.6;11.8;21.6;15;7;;;;Dato obtenido por fallback Open-Meteo;Lluvioso;Sí;No
75°52'57.2''W;4°13'34.6''N;Sevilla;6:00:00;14:00:00;13SNGER;28/02/2026;4.226277778;-75.88255556;28/02/2026;28/02/2026 6:00;28/02/2026 14:00;28/02/2026;4.22628;-75.88256;28/02/2026;Open-Meteo Archive;16.6;11.8;21.6;15;7;;;;Dato obtenido por fallback Open-Meteo;Lluvioso;Sí;No
76°25'45.2''W;4°02'52.2''N;Riofrio;6:00:00;14:00:00;31PALES;28/02/2026;4.047833333;-76.42922222;28/02/2026;28/02/2026 6:00;28/02/2026 14:00;28/02/2026;4.04783;-76.42922;28/02/2026;Open-Meteo Archive;16.8;13.4;22;2.7;13;;;;Dato obtenido por fallback Open-Meteo;Lluvioso;Sí;No
76°25'45.2''W;4°02'52.2''N;Riofrio;14:00:00;22:00:00;31PALES;28/02/2026;4.047833333;-76.42922222;28/02/2026;28/02/2026 14:00;28/02/2026 22:00;28/02/2026;4.04783;-76.42922;28/02/2026;Open-Meteo Archive;16.8;13.4;22;2.7;13;;;;Dato obtenido por fallback Open-Meteo;Lluvioso;Sí;No
76°34'23.0''W;3°41'39.8''N;Cumbre;14:00:00;22:00:00;32PORRA;27/02/2026;3.694388889;-76.57305556;27/02/2026;27/02/2026 14:00;27/02/2026 22:00;27/02/2026;3.69439;-76.57306;27/02/2026;Imputado por fecha;24.5;20.3;30.2;4.4;9.7;;;;Dato diario obtenido correctamente;Lluvioso;Sí;Sí
75°52'33.4''W;4°06'28.8''N;Sevilla;14:00:00;22:00:00;13SINAB;27/02/2026;4.108;-75.87594444;27/02/2026;27/02/2026 14:00;27/02/2026 22:00;27/02/2026;4.108;-75.87594;27/02/2026;Open-Meteo Archive;13.5;8.2;18.6;7.3;8;;;;Dato obtenido por fallback Open-Meteo;Lluvioso;Sí;No
76°31'18.7''W;3°03'37.9''N;Santander_Quilichao;6:00:00;14:00:00;25QUIRA;28/02/2026;3.060527778;-76.52186111;28/02/2026;28/02/2026 6:00;28/02/2026 14:00;28/02/2026;3.06053;-76.52186;28/02/2026;Open-Meteo Archive;22.2;16.9;29.9;6.2;9.9;;;;Dato obtenido por fallback Open-Meteo;Lluvioso;Sí;No
76°31'18.7''W;3°03'37.9''N;Santander_Quilichao;14:00:00;22:00:00;25QUIRA;28/02/2026;3.060527778;-76.52186111;28/02/2026;28/02/2026 14:00;28/02/2026 22:00;28/02/2026;3.06053;-76.52186;28/02/2026;Open-Meteo Archive;22.2;16.9;29.9;6.2;9.9;;;;Dato obtenido por fallback Open-Meteo;Lluvioso;Sí;No
75°52'57.2''W;4°13'34.6''N;Sevilla;6:00:00;14:00:00;13SNGER;28/02/2026;4.226277778;-75.88255556;28/02/2026;28/02/2026 6:00;28/02/2026 14:00;28/02/2026;4.22628;-75.88256;28/02/2026;Open-Meteo Archive;16.6;11.8;21.6;15;7;;;;Dato obtenido por fallback Open-Meteo;Lluvioso;Sí;No
76°28'02.8''W;3°45'08.8''N;Vijes;6:00:00;14:00:00;32SNRAF;01/03/2026;3.752444444;-76.46744444;01/03/2026;01/03/2026 6:00;01/03/2026 14:00;01/03/2026;3.75244;-76.46744;01/03/2026;Meteostat Daily;25.3;20.8;33;1.1;8.4;;;;Dato diario obtenido correctamente;Lluvioso;Sí;No
76°28'02.8''W;3°45'08.8''N;Vijes;14:00:00;22:00:00;32SNRAF;01/03/2026;3.752444444;-76.46744444;01/03/2026;01/03/2026 14:00;01/03/2026 22:00;01/03/2026;3.75244;-76.46744;01/03/2026;Meteostat Daily;25.3;20.8;33;1.1;8.4;;;;Dato diario obtenido correctamente;Lluvioso;Sí;No
76°25'45.2''W;4°02'52.2''N;Riofrio;6:00:00;14:00:00;31PALES;01/03/2026;4.047833333;-76.42922222;01/03/2026;01/03/2026 6:00;01/03/2026 14:00;01/03/2026;4.04783;-76.42922;01/03/2026;Open-Meteo Archive;16.8;14.1;21.2;5.2;10.6;;;;Dato obtenido por fallback Open-Meteo;Lluvioso;Sí;No
76°25'45.2''W;4°02'52.2''N;Riofrio;14:00:00;22:00:00;31PALES;01/03/2026;4.047833333;-76.42922222;01/03/2026;01/03/2026 14:00;01/03/2026 22:00;01/03/2026;4.04783;-76.42922;01/03/2026;Open-Meteo Archive;16.8;14.1;21.2;5.2;10.6;;;;Dato obtenido por fallback Open-Meteo;Lluvioso;Sí;No
76°34'23.0''W;3°41'39.8''N;Cumbre;6:00:00;14:00:00;32PORRA;02/03/2026;3.694388889;-76.57305556;02/03/2026;02/03/2026 6:00;02/03/2026 14:00;02/03/2026;3.69439;-76.57306;02/03/2026;Meteostat Daily;25;20;32;0.2;8.5;1011.3;;;Dato diario obtenido correctamente;Lluvioso;Sí;No
76°34'23.0''W;3°41'39.8''N;Cumbre;6:00:00;14:00:00;32PORRA;02/03/2026;3.694388889;-76.57305556;02/03/2026;02/03/2026 6:00;02/03/2026 14:00;02/03/2026;3.69439;-76.57306;02/03/2026;Meteostat Daily;25;20;32;0.2;8.5;1011.3;;;Dato diario obtenido correctamente;Lluvioso;Sí;No
76°34'23.0''W;3°41'39.8''N;Cumbre;6:00:00;14:00:00;32PORRA;02/03/2026;3.694388889;-76.57305556;02/03/2026;02/03/2026 6:00;02/03/2026 14:00;02/03/2026;3.69439;-76.57306;02/03/2026;Meteostat Daily;25;20;32;0.2;8.5;1011.3;;;Dato diario obtenido correctamente;Lluvioso;Sí;No
76°28'02.8''W;3°45'08.8''N;Vijes;6:00:00;14:00:00;32SNRAF;02/03/2026;3.752444444;-76.46744444;02/03/2026;02/03/2026 6:00;02/03/2026 14:00;02/03/2026;3.75244;-76.46744;02/03/2026;Meteostat Daily;25;20;32;0.2;8.5;1011.3;;;Dato diario obtenido correctamente;Lluvioso;Sí;No
76°28'02.8''W;3°45'08.8''N;Vijes;14:00:00;22:00:00;32SNRAF;02/03/2026;3.752444444;-76.46744444;02/03/2026;02/03/2026 14:00;02/03/2026 22:00;02/03/2026;3.75244;-76.46744;02/03/2026;Meteostat Daily;25;20;32;0.2;8.5;1011.3;;;Dato diario obtenido correctamente;Lluvioso;Sí;No
76°28'02.8''W;3°45'08.8''N;Vijes;6:00:00;14:00:00;32SNRAF;03/03/2026;3.752444444;-76.46744444;03/03/2026;03/03/2026 6:00;03/03/2026 14:00;03/03/2026;3.75244;-76.46744;03/03/2026;Meteostat Daily;24.1;19;31;2.2;8.8;1010.8;;;Dato diario obtenido correctamente;Lluvioso;Sí;No
76°16'49.6''W;4°25'45.8''N;Bolivar;6:00:00;14:00:00;35CAROL;01/03/2026;4.429388889;-76.28044444;01/03/2026;01/03/2026 6:00;01/03/2026 14:00;01/03/2026;4.42939;-76.28044;01/03/2026;Open-Meteo Archive;16.4;14.2;22.1;8.2;8.2;;;;Dato obtenido por fallback Open-Meteo;Lluvioso;Sí;No
76°25'45.2''W;4°02'52.2''N;Riofrio;6:00:00;14:00:00;31PALES;02/03/2026;4.047833333;-76.42922222;02/03/2026;02/03/2026 6:00;02/03/2026 14:00;02/03/2026;4.04783;-76.42922;02/03/2026;Open-Meteo Archive;17.1;14.1;20.5;1.7;12.4;;;;Dato obtenido por fallback Open-Meteo;Lluvioso;Sí;No
76°25'45.2''W;4°02'52.2''N;Riofrio;14:00:00;22:00:00;31PALES;02/03/2026;4.047833333;-76.42922222;02/03/2026;02/03/2026 14:00;02/03/2026 22:00;02/03/2026;4.04783;-76.42922;02/03/2026;Open-Meteo Archive;17.1;14.1;20.5;1.7;12.4;;;;Dato obtenido por fallback Open-Meteo;Lluvioso;Sí;No
75°46'31.6''W;5°26'22.5''N;Riosucio;6:00:00;14:00:00;12MANZA;02/03/2026;5.439583333;-75.77544444;02/03/2026;02/03/2026 6:00;02/03/2026 14:00;02/03/2026;5.43958;-75.77544;02/03/2026;Open-Meteo Archive;16.3;12.5;20.5;3.1;7.6;;;;Dato obtenido por fallback Open-Meteo;Lluvioso;Sí;No
75°46'31.6''W;5°26'22.5''N;Riosucio;14:00:00;22:00:00;12MANZA;02/03/2026;5.439583333;-75.77544444;02/03/2026;02/03/2026 14:00;02/03/2026 22:00;02/03/2026;5.43958;-75.77544;02/03/2026;Open-Meteo Archive;16.3;12.5;20.5;3.1;7.6;;;;Dato obtenido por fallback Open-Meteo;Lluvioso;Sí;No
75°44'43.0''W;5°24'09.9''N;Riosucio;6:00:00;14:00:00;12ARGEN;02/03/2026;5.40275;-75.74527778;02/03/2026;02/03/2026 6:00;02/03/2026 14:00;02/03/2026;5.40275;-75.74528;02/03/2026;Open-Meteo Archive;16.2;12.4;20.5;3.1;7.6;;;;Dato obtenido por fallback Open-Meteo;Lluvioso;Sí;No
76°34'23.0''W;3°41'39.8''N;Cumbre;6:00:00;14:00:00;32PORRA;03/03/2026;3.694388889;-76.57305556;03/03/2026;03/03/2026 6:00;03/03/2026 14:00;03/03/2026;3.69439;-76.57306;03/03/2026;Meteostat Daily;24.1;19;31;2.2;8.8;1010.8;;;Dato diario obtenido correctamente;Lluvioso;Sí;No
76°34'23.0''W;3°41'39.8''N;Cumbre;14:00:00;22:00:00;32PORRA;03/03/2026;3.694388889;-76.57305556;03/03/2026;03/03/2026 14:00;03/03/2026 22:00;03/03/2026;3.69439;-76.57306;03/03/2026;Meteostat Daily;24.1;19;31;2.2;8.8;1010.8;;;Dato diario obtenido correctamente;Lluvioso;Sí;No
76°34'23.0''W;3°41'39.8''N;Cumbre;6:00:00;14:00:00;32PORRA;03/03/2026;3.694388889;-76.57305556;03/03/2026;03/03/2026 6:00;03/03/2026 14:00;03/03/2026;3.69439;-76.57306;03/03/2026;Meteostat Daily;24.1;19;31;2.2;8.8;1010.8;;;Dato diario obtenido correctamente;Lluvioso;Sí;No
76°25'45.2''W;4°02'52.2''N;Riofrio;6:00:00;14:00:00;31PALES;03/03/2026;4.047833333;-76.42922222;03/03/2026;03/03/2026 6:00;03/03/2026 14:00;03/03/2026;4.04783;-76.42922;03/03/2026;Open-Meteo Archive;17;14.2;21.1;5.1;9.5;;;;Dato obtenido por fallback Open-Meteo;Lluvioso;Sí;No
76°25'45.2''W;4°02'52.2''N;Riofrio;14:00:00;22:00:00;31PALES;03/03/2026;4.047833333;-76.42922222;03/03/2026;03/03/2026 14:00;03/03/2026 22:00;03/03/2026;4.04783;-76.42922;03/03/2026;Open-Meteo Archive;17;14.2;21.1;5.1;9.5;;;;Dato obtenido por fallback Open-Meteo;Lluvioso;Sí;No
76°28'02.8''W;3°45'08.8''N;Vijes;14:00:00;22:00:00;32SNRAF;03/03/2026;3.752444444;-76.46744444;03/03/2026;03/03/2026 14:00;03/03/2026 22:00;03/03/2026;3.75244;-76.46744;03/03/2026;Meteostat Daily;24.1;19;31;2.2;8.8;1010.8;;;Dato diario obtenido correctamente;Lluvioso;Sí;No
75°46'31.6''W;5°26'22.5''N;Riosucio;6:00:00;14:00:00;12MANZA;03/03/2026;5.439583333;-75.77544444;03/03/2026;03/03/2026 6:00;03/03/2026 14:00;03/03/2026;5.43958;-75.77544;03/03/2026;Open-Meteo Archive;15.5;12.3;20.2;8.1;7.6;;;;Dato obtenido por fallback Open-Meteo;Lluvioso;Sí;No
75°46'31.6''W;5°26'22.5''N;Riosucio;14:00:00;22:00:00;12MANZA;03/03/2026;5.439583333;-75.77544444;03/03/2026;03/03/2026 14:00;03/03/2026 22:00;03/03/2026;5.43958;-75.77544;03/03/2026;Open-Meteo Archive;15.5;12.3;20.2;8.1;7.6;;;;Dato obtenido por fallback Open-Meteo;Lluvioso;Sí;No
76°31'18.7''W;3°03'37.9''N;Santander_Quilichao;6:00:00;14:00:00;25QUIRA;03/03/2026;3.060527778;-76.52186111;03/03/2026;03/03/2026 6:00;03/03/2026 14:00;03/03/2026;3.06053;-76.52186;03/03/2026;Open-Meteo Archive;23;18.5;29.4;2.5;11.6;;;;Dato obtenido por fallback Open-Meteo;Lluvioso;Sí;No
76°31'18.7''W;3°03'37.9''N;Santander_Quilichao;14:00:00;22:00:00;25QUIRA;03/03/2026;3.060527778;-76.52186111;03/03/2026;03/03/2026 14:00;03/03/2026 22:00;03/03/2026;3.06053;-76.52186;03/03/2026;Open-Meteo Archive;23;18.5;29.4;2.5;11.6;;;;Dato obtenido por fallback Open-Meteo;Lluvioso;Sí;No
76°31'18.7''W;3°03'37.9''N;Santander_Quilichao;14:00:00;22:00:00;25QUIRA;04/03/2026;3.060527778;-76.52186111;04/03/2026;04/03/2026 14:00;04/03/2026 22:00;04/03/2026;3.06053;-76.52186;04/03/2026;Open-Meteo Archive;22.1;18;29;19.1;11.6;;;;Dato obtenido por fallback Open-Meteo;Lluvioso;Sí;No
76°34'23.0''W;3°41'39.8''N;Cumbre;14:00:00;22:00:00;32PORRA;04/03/2026;3.694388889;-76.57305556;04/03/2026;04/03/2026 14:00;04/03/2026 22:00;04/03/2026;3.69439;-76.57306;04/03/2026;Meteostat Daily;24.8;18;34;9.5;9.3;1012.7;;;Dato diario obtenido correctamente;Lluvioso;Sí;No
76°34'23.0''W;3°41'39.8''N;Cumbre;6:00:00;14:00:00;32PORRA;04/03/2026;3.694388889;-76.57305556;04/03/2026;04/03/2026 6:00;04/03/2026 14:00;04/03/2026;3.69439;-76.57306;04/03/2026;Meteostat Daily;24.8;18;34;9.5;9.3;1012.7;;;Dato diario obtenido correctamente;Lluvioso;Sí;No
76°28'02.8''W;3°45'08.8''N;Vijes;14:00:00;22:00:00;32SNRAF;04/03/2026;3.752444444;-76.46744444;04/03/2026;04/03/2026 14:00;04/03/2026 22:00;04/03/2026;3.75244;-76.46744;04/03/2026;Meteostat Daily;24.8;18;34;9.5;9.3;1012.7;;;Dato diario obtenido correctamente;Lluvioso;Sí;No
76°28'02.8''W;3°45'08.8''N;Vijes;6:00:00;14:00:00;32SNRAF;04/03/2026;3.752444444;-76.46744444;04/03/2026;04/03/2026 6:00;04/03/2026 14:00;04/03/2026;3.75244;-76.46744;04/03/2026;Meteostat Daily;24.8;18;34;9.5;9.3;1012.7;;;Dato diario obtenido correctamente;Lluvioso;Sí;No
76°31'18.7''W;3°03'37.9''N;Santander_Quilichao;6:00:00;14:00:00;25QUIRA;04/03/2026;3.060527778;-76.52186111;04/03/2026;04/03/2026 6:00;04/03/2026 14:00;04/03/2026;3.06053;-76.52186;04/03/2026;Open-Meteo Archive;22.1;18;29;19.1;11.6;;;;Dato obtenido por fallback Open-Meteo;Lluvioso;Sí;No
76°34'23.0''W;3°41'39.8''N;Cumbre;6:00:00;14:00:00;32PORRA;04/03/2026;3.694388889;-76.57305556;04/03/2026;04/03/2026 6:00;04/03/2026 14:00;04/03/2026;3.69439;-76.57306;04/03/2026;Meteostat Daily;24.8;18;34;9.5;9.3;1012.7;;;Dato diario obtenido correctamente;Lluvioso;Sí;No
76°31'18.7''W;3°03'37.9''N;Santander_Quilichao;6:00:00;14:00:00;25QUIRA;01/03/2026;3.060527778;-76.52186111;01/03/2026;01/03/2026 6:00;01/03/2026 14:00;01/03/2026;3.06053;-76.52186;01/03/2026;Open-Meteo Archive;22.3;18.5;30;12.4;11.7;;;;Dato obtenido por fallback Open-Meteo;Lluvioso;Sí;No
76°31'18.7''W;3°03'37.9''N;Santander_Quilichao;14:00:00;22:00:00;25QUIRA;01/03/2026;3.060527778;-76.52186111;01/03/2026;01/03/2026 14:00;01/03/2026 22:00;01/03/2026;3.06053;-76.52186;01/03/2026;Open-Meteo Archive;22.3;18.5;30;12.4;11.7;;;;Dato obtenido por fallback Open-Meteo;Lluvioso;Sí;No
76°31'18.7''W;3°03'37.9''N;Santander_Quilichao;6:00:00;14:00:00;25QUIRA;02/03/2026;3.060527778;-76.52186111;02/03/2026;02/03/2026 6:00;02/03/2026 14:00;02/03/2026;3.06053;-76.52186;02/03/2026;Open-Meteo Archive;23;18.4;29.5;7.3;12.2;;;;Dato obtenido por fallback Open-Meteo;Lluvioso;Sí;No
76°31'18.7''W;3°03'37.9''N;Santander_Quilichao;14:00:00;22:00:00;25QUIRA;02/03/2026;3.060527778;-76.52186111;02/03/2026;02/03/2026 14:00;02/03/2026 22:00;02/03/2026;3.06053;-76.52186;02/03/2026;Open-Meteo Archive;23;18.4;29.5;7.3;12.2;;;;Dato obtenido por fallback Open-Meteo;Lluvioso;Sí;No
75°44'43.0''W;5°24'09.9''N;Riosucio;6:00:00;14:00:00;12ARGEN;03/03/2026;5.40275;-75.74527778;03/03/2026;03/03/2026 6:00;03/03/2026 14:00;03/03/2026;5.40275;-75.74528;03/03/2026;Open-Meteo Archive;15.5;12.2;20.1;8.1;7.6;;;;Dato obtenido por fallback Open-Meteo;Lluvioso;Sí;No
76°25'45.2''W;4°02'52.2''N;Riofrio;6:00:00;14:00:00;31PALES;04/03/2026;4.047833333;-76.42922222;04/03/2026;04/03/2026 6:00;04/03/2026 14:00;04/03/2026;4.04783;-76.42922;04/03/2026;Open-Meteo Archive;16.4;13.2;20.2;1.5;9.5;;;;Dato obtenido por fallback Open-Meteo;Lluvioso;Sí;No
76°25'45.2''W;4°02'52.2''N;Riofrio;14:00:00;22:00:00;31PALES;04/03/2026;4.047833333;-76.42922222;04/03/2026;04/03/2026 14:00;04/03/2026 22:00;04/03/2026;4.04783;-76.42922;04/03/2026;Open-Meteo Archive;16.4;13.2;20.2;1.5;9.5;;;;Dato obtenido por fallback Open-Meteo;Lluvioso;Sí;No
75°44'43.0''W;5°24'09.9''N;Riosucio;6:00:00;14:00:00;12ARGEN;04/03/2026;5.40275;-75.74527778;04/03/2026;04/03/2026 6:00;04/03/2026 14:00;04/03/2026;5.40275;-75.74528;04/03/2026;Open-Meteo Archive;14.7;12.1;18.6;15.1;7.5;;;;Dato obtenido por fallback Open-Meteo;Lluvioso;Sí;No
76°31'18.7''W;3°03'37.9''N;Santander_Quilichao;14:00:00;22:00:00;25QUIRA;05/03/2026;3.060527778;-76.52186111;05/03/2026;05/03/2026 14:00;05/03/2026 22:00;05/03/2026;3.06053;-76.52186;05/03/2026;Open-Meteo Archive;21.4;18;27.8;53.6;10;;;;Dato obtenido por fallback Open-Meteo;Lluvioso;Sí;No
76°28'02.8''W;3°45'08.8''N;Vijes;14:00:00;22:00:00;32SNRAF;05/03/2026;3.752444444;-76.46744444;05/03/2026;05/03/2026 14:00;05/03/2026 22:00;05/03/2026;3.75244;-76.46744;05/03/2026;Meteostat Daily;22.6;21;29;4.4;5.3;1013.8;;;Dato diario obtenido correctamente;Lluvioso;Sí;No
76°25'45.2''W;4°02'52.2''N;Riofrio;6:00:00;14:00:00;31PALES;05/03/2026;4.047833333;-76.42922222;05/03/2026;05/03/2026 6:00;05/03/2026 14:00;05/03/2026;4.04783;-76.42922;05/03/2026;Open-Meteo Archive;15.8;14.2;18.8;30.4;9.1;;;;Dato obtenido por fallback Open-Meteo;Lluvioso;Sí;No
76°25'45.2''W;4°02'52.2''N;Riofrio;14:00:00;22:00:00;31PALES;05/03/2026;4.047833333;-76.42922222;05/03/2026;05/03/2026 14:00;05/03/2026 22:00;05/03/2026;4.04783;-76.42922;05/03/2026;Open-Meteo Archive;15.8;14.2;18.8;30.4;9.1;;;;Dato obtenido por fallback Open-Meteo;Lluvioso;Sí;No
76°31'18.7''W;3°03'37.9''N;Santander_Quilichao;6:00:00;14:00:00;25QUIRA;05/03/2026;3.060527778;-76.52186111;05/03/2026;05/03/2026 6:00;05/03/2026 14:00;05/03/2026;3.06053;-76.52186;05/03/2026;Open-Meteo Archive;21.4;18;27.8;53.6;10;;;;Dato obtenido por fallback Open-Meteo;Lluvioso;Sí;No
76°28'02.8''W;3°45'08.8''N;Vijes;6:00:00;14:00:00;32SNRAF;05/03/2026;3.752444444;-76.46744444;05/03/2026;05/03/2026 6:00;05/03/2026 14:00;05/03/2026;3.75244;-76.46744;05/03/2026;Meteostat Daily;22.6;21;29;4.4;5.3;1013.8;;;Dato diario obtenido correctamente;Lluvioso;Sí;No
76°16'49.6''W;4°25'45.8''N;Bolivar;14:00:00;22:00:00;35CAROL;02/03/2026;4.429388889;-76.28044444;02/03/2026;02/03/2026 14:00;02/03/2026 22:00;02/03/2026;4.42939;-76.28044;02/03/2026;Open-Meteo Archive;16.4;13.9;20.6;13.1;10.1;;;;Dato obtenido por fallback Open-Meteo;Lluvioso;Sí;No
76°16'49.6''W;4°25'45.8''N;Bolivar;6:00:00;14:00:00;35CAROL;02/03/2026;4.429388889;-76.28044444;02/03/2026;02/03/2026 6:00;02/03/2026 14:00;02/03/2026;4.42939;-76.28044;02/03/2026;Open-Meteo Archive;16.4;13.9;20.6;13.1;10.1;;;;Dato obtenido por fallback Open-Meteo;Lluvioso;Sí;No
76°16'49.6''W;4°25'45.8''N;Bolivar;6:00:00;14:00:00;35CAROL;03/03/2026;4.429388889;-76.28044444;03/03/2026;03/03/2026 6:00;03/03/2026 14:00;03/03/2026;4.42939;-76.28044;03/03/2026;Open-Meteo Archive;16.5;14.5;20.6;3.6;10.2;;;;Dato obtenido por fallback Open-Meteo;Lluvioso;Sí;No
76°16'49.6''W;4°25'45.8''N;Bolivar;14:00:00;22:00:00;35CAROL;03/03/2026;4.429388889;-76.28044444;03/03/2026;03/03/2026 14:00;03/03/2026 22:00;03/03/2026;4.42939;-76.28044;03/03/2026;Open-Meteo Archive;16.5;14.5;20.6;3.6;10.2;;;;Dato obtenido por fallback Open-Meteo;Lluvioso;Sí;No
76°16'49.6''W;4°25'45.8''N;Bolivar;6:00:00;14:00:00;35CAROL;04/03/2026;4.429388889;-76.28044444;04/03/2026;04/03/2026 6:00;04/03/2026 14:00;04/03/2026;4.42939;-76.28044;04/03/2026;Open-Meteo Archive;16.2;14.2;19.7;6.1;9.7;;;;Dato obtenido por fallback Open-Meteo;Lluvioso;Sí;No
76°16'49.6''W;4°25'45.8''N;Bolivar;14:00:00;22:00:00;35CAROL;04/03/2026;4.429388889;-76.28044444;04/03/2026;04/03/2026 14:00;04/03/2026 22:00;04/03/2026;4.42939;-76.28044;04/03/2026;Open-Meteo Archive;16.2;14.2;19.7;6.1;9.7;;;;Dato obtenido por fallback Open-Meteo;Lluvioso;Sí;No
75°46'31.6''W;5°26'22.5''N;Riosucio;6:00:00;14:00:00;12MANZA;04/03/2026;5.439583333;-75.77544444;04/03/2026;04/03/2026 6:00;04/03/2026 14:00;04/03/2026;5.43958;-75.77544;04/03/2026;Open-Meteo Archive;14.7;12.2;18.6;15.1;7.5;;;;Dato obtenido por fallback Open-Meteo;Lluvioso;Sí;No
75°46'31.6''W;5°26'22.5''N;Riosucio;14:00:00;22:00:00;12MANZA;04/03/2026;5.439583333;-75.77544444;04/03/2026;04/03/2026 14:00;04/03/2026 22:00;04/03/2026;5.43958;-75.77544;04/03/2026;Open-Meteo Archive;14.7;12.2;18.6;15.1;7.5;;;;Dato obtenido por fallback Open-Meteo;Lluvioso;Sí;No
76°34'23.0''W;3°41'39.8''N;Cumbre;6:00:00;14:00:00;32PORRA;05/03/2026;3.694388889;-76.57305556;05/03/2026;05/03/2026 6:00;05/03/2026 14:00;05/03/2026;3.69439;-76.57306;05/03/2026;Meteostat Daily;22.6;21;29;4.4;5.3;1013.8;;;Dato diario obtenido correctamente;Lluvioso;Sí;No
76°34'23.0''W;3°41'39.8''N;Cumbre;14:00:00;22:00:00;32PORRA;05/03/2026;3.694388889;-76.57305556;05/03/2026;05/03/2026 14:00;05/03/2026 22:00;05/03/2026;3.69439;-76.57306;05/03/2026;Meteostat Daily;22.6;21;29;4.4;5.3;1013.8;;;Dato diario obtenido correctamente;Lluvioso;Sí;No
76°34'23.0''W;3°41'39.8''N;Cumbre;6:00:00;14:00:00;32PORRA;05/03/2026;3.694388889;-76.57305556;05/03/2026;05/03/2026 6:00;05/03/2026 14:00;05/03/2026;3.69439;-76.57306;05/03/2026;Meteostat Daily;22.6;21;29;4.4;5.3;1013.8;;;Dato diario obtenido correctamente;Lluvioso;Sí;No
76°16'49.6''W;4°25'45.8''N;Bolivar;6:00:00;14:00:00;35CAROL;05/03/2026;4.429388889;-76.28044444;05/03/2026;05/03/2026 6:00;05/03/2026 14:00;05/03/2026;4.42939;-76.28044;05/03/2026;Open-Meteo Archive;15.7;13.7;19.7;21.4;8.4;;;;Dato obtenido por fallback Open-Meteo;Lluvioso;Sí;No
76°16'49.6''W;4°25'45.8''N;Bolivar;14:00:00;22:00:00;35CAROL;05/03/2026;4.429388889;-76.28044444;05/03/2026;05/03/2026 14:00;05/03/2026 22:00;05/03/2026;4.42939;-76.28044;05/03/2026;Open-Meteo Archive;15.7;13.7;19.7;21.4;8.4;;;;Dato obtenido por fallback Open-Meteo;Lluvioso;Sí;No
75°46'31.6''W;5°26'22.5''N;Riosucio;6:00:00;14:00:00;12MANZA;05/03/2026;5.439583333;-75.77544444;05/03/2026;05/03/2026 6:00;05/03/2026 14:00;05/03/2026;5.43958;-75.77544;05/03/2026;Open-Meteo Archive;14.8;11.4;20.8;7.7;6.9;;;;Dato obtenido por fallback Open-Meteo;Lluvioso;Sí;No
75°44'43.0''W;5°24'09.9''N;Riosucio;6:00:00;14:00:00;12ARGEN;05/03/2026;5.40275;-75.74527778;05/03/2026;05/03/2026 6:00;05/03/2026 14:00;05/03/2026;5.40275;-75.74528;05/03/2026;Open-Meteo Archive;14.8;11.3;20.7;7.7;6.9;;;;Dato obtenido por fallback Open-Meteo;Lluvioso;Sí;No
76°31'18.7''W;3°03'37.9''N;Santander_Quilichao;14:00:00;22:00:00;25QUIRA;06/03/2026;3.060527778;-76.52186111;06/03/2026;06/03/2026 14:00;06/03/2026 22:00;06/03/2026;3.06053;-76.52186;06/03/2026;Open-Meteo Archive;21.4;18.2;27;31.3;12.7;;;;Dato obtenido por fallback Open-Meteo;Lluvioso;Sí;No
76°34'23.0''W;3°41'39.8''N;Cumbre;6:00:00;14:00:00;32PORRA;06/03/2026;3.694388889;-76.57305556;06/03/2026;06/03/2026 6:00;06/03/2026 14:00;06/03/2026;3.69439;-76.57306;06/03/2026;Meteostat Daily;23.4;20;30;21.1;5.6;1013.8;;;Dato diario obtenido correctamente;Lluvioso;Sí;No
76°34'23.0''W;3°41'39.8''N;Cumbre;6:00:00;14:00:00;32PORRA;06/03/2026;3.694388889;-76.57305556;06/03/2026;06/03/2026 6:00;06/03/2026 14:00;06/03/2026;3.69439;-76.57306;06/03/2026;Meteostat Daily;23.4;20;30;21.1;5.6;1013.8;;;Dato diario obtenido correctamente;Lluvioso;Sí;No
76°34'23.0''W;3°41'39.8''N;Cumbre;14:00:00;22:00:00;32PORRA;06/03/2026;3.694388889;-76.57305556;06/03/2026;06/03/2026 14:00;06/03/2026 22:00;06/03/2026;3.69439;-76.57306;06/03/2026;Meteostat Daily;23.4;20;30;21.1;5.6;1013.8;;;Dato diario obtenido correctamente;Lluvioso;Sí;No
76°28'02.8''W;3°45'08.8''N;Vijes;14:00:00;22:00:00;32SNRAF;06/03/2026;3.752444444;-76.46744444;06/03/2026;06/03/2026 14:00;06/03/2026 22:00;06/03/2026;3.75244;-76.46744;06/03/2026;Meteostat Daily;23.4;20;30;21.1;5.6;1013.8;;;Dato diario obtenido correctamente;Lluvioso;Sí;No
76°25'45.2''W;4°02'52.2''N;Riofrio;6:00:00;14:00:00;31PALES;06/03/2026;4.047833333;-76.42922222;06/03/2026;06/03/2026 6:00;06/03/2026 14:00;06/03/2026;4.04783;-76.42922;06/03/2026;Open-Meteo Archive;15.5;14.1;17.8;26.1;8.1;;;;Dato obtenido por fallback Open-Meteo;Lluvioso;Sí;No
76°25'45.2''W;4°02'52.2''N;Riofrio;14:00:00;22:00:00;31PALES;06/03/2026;4.047833333;-76.42922222;06/03/2026;06/03/2026 14:00;06/03/2026 22:00;06/03/2026;4.04783;-76.42922;06/03/2026;Open-Meteo Archive;15.5;14.1;17.8;26.1;8.1;;;;Dato obtenido por fallback Open-Meteo;Lluvioso;Sí;No
76°16'49.6''W;4°25'45.8''N;Bolivar;6:00:00;14:00:00;35CAROL;06/03/2026;4.429388889;-76.28044444;06/03/2026;06/03/2026 6:00;06/03/2026 14:00;06/03/2026;4.42939;-76.28044;06/03/2026;Open-Meteo Archive;15.8;14.2;20.5;27.2;10.9;;;;Dato obtenido por fallback Open-Meteo;Lluvioso;Sí;No
76°16'49.6''W;4°25'45.8''N;Bolivar;6:00:00;14:00:00;35CAROL;06/03/2026;4.429388889;-76.28044444;06/03/2026;06/03/2026 6:00;06/03/2026 14:00;06/03/2026;4.42939;-76.28044;06/03/2026;Open-Meteo Archive;15.8;14.2;20.5;27.2;10.9;;;;Dato obtenido por fallback Open-Meteo;Lluvioso;Sí;No
76°31'18.7''W;3°03'37.9''N;Santander_Quilichao;6:00:00;14:00:00;25QUIRA;06/03/2026;3.060527778;-76.52186111;06/03/2026;06/03/2026 6:00;06/03/2026 14:00;06/03/2026;3.06053;-76.52186;06/03/2026;Open-Meteo Archive;21.4;18.2;27;31.3;12.7;;;;Dato obtenido por fallback Open-Meteo;Lluvioso;Sí;No
75°46'31.6''W;5°26'22.5''N;Riosucio;6:00:00;14:00:00;12MANZA;06/03/2026;5.439583333;-75.77544444;06/03/2026;06/03/2026 6:00;06/03/2026 14:00;06/03/2026;5.43958;-75.77544;06/03/2026;Open-Meteo Archive;14.8;11.4;20.1;12.6;7.6;;;;Dato obtenido por fallback Open-Meteo;Lluvioso;Sí;No
75°46'31.6''W;5°26'22.5''N;Riosucio;14:00:00;22:00:00;12MANZA;06/03/2026;5.439583333;-75.77544444;06/03/2026;06/03/2026 14:00;06/03/2026 22:00;06/03/2026;5.43958;-75.77544;06/03/2026;Open-Meteo Archive;14.8;11.4;20.1;12.6;7.6;;;;Dato obtenido por fallback Open-Meteo;Lluvioso;Sí;No
76°28'02.8''W;3°45'08.8''N;Vijes;6:00:00;14:00:00;32SNRAF;06/03/2026;3.752444444;-76.46744444;06/03/2026;06/03/2026 6:00;06/03/2026 14:00;06/03/2026;3.75244;-76.46744;06/03/2026;Meteostat Daily;23.4;20;30;21.1;5.6;1013.8;;;Dato diario obtenido correctamente;Lluvioso;Sí;No
75°44'24.4''W;5°25'08.7''N;Riosucio;6:00:00;14:00:00;12PINTA;06/03/2026;5.419083333;-75.74011111;06/03/2026;06/03/2026 6:00;06/03/2026 14:00;06/03/2026;5.41908;-75.74011;06/03/2026;Open-Meteo Archive;14.8;11.4;20.1;12.6;7.6;;;;Dato obtenido por fallback Open-Meteo;Lluvioso;Sí;No
75°44'24.4''W;5°25'08.7''N;Riosucio;14:00:00;22:00:00;12PINTA;06/03/2026;5.419083333;-75.74011111;06/03/2026;06/03/2026 14:00;06/03/2026 22:00;06/03/2026;5.41908;-75.74011;06/03/2026;Open-Meteo Archive;14.8;11.4;20.1;12.6;7.6;;;;Dato obtenido por fallback Open-Meteo;Lluvioso;Sí;No
76°31'18.7''W;3°03'37.9''N;Santander_Quilichao;14:00:00;22:00:00;25QUIRA;07/03/2026;3.060527778;-76.52186111;07/03/2026;07/03/2026 14:00;07/03/2026 22:00;07/03/2026;3.06053;-76.52186;07/03/2026;Open-Meteo Archive;22.1;17.9;29;7;11;;;;Dato obtenido por fallback Open-Meteo;Lluvioso;Sí;No
76°28'02.8''W;3°45'08.8''N;Vijes;14:00:00;22:00:00;32SNRAF;07/03/2026;3.752444444;-76.46744444;07/03/2026;07/03/2026 14:00;07/03/2026 22:00;07/03/2026;3.75244;-76.46744;07/03/2026;Meteostat Daily;24.8;19;32;6.9;8.5;1012.3;;;Dato diario obtenido correctamente;Lluvioso;Sí;No
76°34'23.0''W;3°41'39.8''N;Cumbre;6:00:00;14:00:00;32PORRA;07/03/2026;3.694388889;-76.57305556;07/03/2026;07/03/2026 6:00;07/03/2026 14:00;07/03/2026;3.69439;-76.57306;07/03/2026;Meteostat Daily;24.8;19;32;6.9;8.5;1012.3;;;Dato diario obtenido correctamente;Lluvioso;Sí;No
76°34'23.0''W;3°41'39.8''N;Cumbre;14:00:00;22:00:00;32PORRA;07/03/2026;3.694388889;-76.57305556;07/03/2026;07/03/2026 14:00;07/03/2026 22:00;07/03/2026;3.69439;-76.57306;07/03/2026;Meteostat Daily;24.8;19;32;6.9;8.5;1012.3;;;Dato diario obtenido correctamente;Lluvioso;Sí;No
76°34'23.0''W;3°41'39.8''N;Cumbre;6:00:00;14:00:00;32PORRA;07/03/2026;3.694388889;-76.57305556;07/03/2026;07/03/2026 6:00;07/03/2026 14:00;07/03/2026;3.69439;-76.57306;07/03/2026;Meteostat Daily;24.8;19;32;6.9;8.5;1012.3;;;Dato diario obtenido correctamente;Lluvioso;Sí;No
76°25'07.7''W;4°03'46.6''N;Riofrio;6:00:00;14:00:00;31ALASK;07/03/2026;4.062944444;-76.41880556;07/03/2026;07/03/2026 6:00;07/03/2026 14:00;07/03/2026;4.06294;-76.41881;07/03/2026;Open-Meteo Archive;16.3;13;20.8;1.1;10.5;;;;Dato obtenido por fallback Open-Meteo;Lluvioso;Sí;No
76°25'07.7''W;4°03'46.6''N;Riofrio;14:00:00;22:00:00;31ALASK;07/03/2026;4.062944444;-76.41880556;07/03/2026;07/03/2026 14:00;07/03/2026 22:00;07/03/2026;4.06294;-76.41881;07/03/2026;Open-Meteo Archive;16.3;13;20.8;1.1;10.5;;;;Dato obtenido por fallback Open-Meteo;Lluvioso;Sí;No
76°16'49.6''W;4°25'45.8''N;Bolivar;6:00:00;14:00:00;35CAROL;07/03/2026;4.429388889;-76.28044444;07/03/2026;07/03/2026 6:00;07/03/2026 14:00;07/03/2026;4.42939;-76.28044;07/03/2026;Open-Meteo Archive;16.2;13.1;21.1;13.6;8.6;;;;Dato obtenido por fallback Open-Meteo;Lluvioso;Sí;No
76°16'49.6''W;4°25'45.8''N;Bolivar;14:00:00;22:00:00;35CAROL;07/03/2026;4.429388889;-76.28044444;07/03/2026;07/03/2026 14:00;07/03/2026 22:00;07/03/2026;4.42939;-76.28044;07/03/2026;Open-Meteo Archive;16.2;13.1;21.1;13.6;8.6;;;;Dato obtenido por fallback Open-Meteo;Lluvioso;Sí;No
76°31'18.7''W;3°03'37.9''N;Santander_Quilichao;6:00:00;14:00:00;25QUIRA;07/03/2026;3.060527778;-76.52186111;07/03/2026;07/03/2026 6:00;07/03/2026 14:00;07/03/2026;3.06053;-76.52186;07/03/2026;Open-Meteo Archive;22.1;17.9;29;7;11;;;;Dato obtenido por fallback Open-Meteo;Lluvioso;Sí;No
76°28'02.8''W;3°45'08.8''N;Vijes;6:00:00;14:00:00;32SNRAF;07/03/2026;3.752444444;-76.46744444;07/03/2026;07/03/2026 6:00;07/03/2026 14:00;07/03/2026;3.75244;-76.46744;07/03/2026;Meteostat Daily;24.8;19;32;6.9;8.5;1012.3;;;Dato diario obtenido correctamente;Lluvioso;Sí;No
75°44'24.4''W;5°25'08.7''N;Riosucio;6:00:00;14:00:00;12PINTA;07/03/2026;5.419083333;-75.74011111;07/03/2026;07/03/2026 6:00;07/03/2026 14:00;07/03/2026;5.41908;-75.74011;07/03/2026;Open-Meteo Archive;14.8;10.6;20.6;10.1;8.5;;;;Dato obtenido por fallback Open-Meteo;Lluvioso;Sí;No
75°44'24.4''W;5°25'08.7''N;Riosucio;14:00:00;22:00:00;12PINTA;07/03/2026;5.419083333;-75.74011111;07/03/2026;07/03/2026 14:00;07/03/2026 22:00;07/03/2026;5.41908;-75.74011;07/03/2026;Open-Meteo Archive;14.8;10.6;20.6;10.1;8.5;;;;Dato obtenido por fallback Open-Meteo;Lluvioso;Sí;No
75°46'31.6''W;5°26'22.5''N;Riosucio;6:00:00;14:00:00;12MANZA;07/03/2026;5.439583333;-75.77544444;07/03/2026;07/03/2026 6:00;07/03/2026 14:00;07/03/2026;5.43958;-75.77544;07/03/2026;Open-Meteo Archive;14.8;10.6;20.6;10.1;8.5;;;;Dato obtenido por fallback Open-Meteo;Lluvioso;Sí;No
75°46'31.6''W;5°26'22.5''N;Riosucio;14:00:00;22:00:00;12MANZA;07/03/2026;5.439583333;-75.77544444;07/03/2026;07/03/2026 14:00;07/03/2026 22:00;07/03/2026;5.43958;-75.77544;07/03/2026;Open-Meteo Archive;14.8;10.6;20.6;10.1;8.5;;;;Dato obtenido por fallback Open-Meteo;Lluvioso;Sí;No
76°31'18.7''W;3°03'37.9''N;Santander_Quilichao;6:00:00;14:00:00;25QUIRA;08/03/2026;3.060527778;-76.52186111;08/03/2026;08/03/2026 6:00;08/03/2026 14:00;08/03/2026;3.06053;-76.52186;08/03/2026;Open-Meteo Archive;21.1;18.4;26.7;42.4;11.4;;;;Dato obtenido por fallback Open-Meteo;Lluvioso;Sí;No
76°31'18.7''W;3°03'37.9''N;Santander_Quilichao;14:00:00;22:00:00;25QUIRA;08/03/2026;3.060527778;-76.52186111;08/03/2026;08/03/2026 14:00;08/03/2026 22:00;08/03/2026;3.06053;-76.52186;08/03/2026;Open-Meteo Archive;21.1;18.4;26.7;42.4;11.4;;;;Dato obtenido por fallback Open-Meteo;Lluvioso;Sí;No
76°34'23.0''W;3°41'39.8''N;Cumbre;6:00:00;14:00:00;32PORRA;08/03/2026;3.694388889;-76.57305556;08/03/2026;08/03/2026 6:00;08/03/2026 14:00;08/03/2026;3.69439;-76.57306;08/03/2026;Meteostat Daily;21.9;19;27;17.9;10;1013.6;;;Dato diario obtenido correctamente;Lluvioso;Sí;No
76°34'23.0''W;3°41'39.8''N;Cumbre;6:00:00;14:00:00;32PORRA;08/03/2026;3.694388889;-76.57305556;08/03/2026;08/03/2026 6:00;08/03/2026 14:00;08/03/2026;3.69439;-76.57306;08/03/2026;Meteostat Daily;21.9;19;27;17.9;10;1013.6;;;Dato diario obtenido correctamente;Lluvioso;Sí;No
76°28'02.8''W;3°45'08.8''N;Vijes;6:00:00;14:00:00;32SNRAF;08/03/2026;3.752444444;-76.46744444;08/03/2026;08/03/2026 6:00;08/03/2026 14:00;08/03/2026;3.75244;-76.46744;08/03/2026;Meteostat Daily;21.9;19;27;17.9;10;1013.6;;;Dato diario obtenido correctamente;Lluvioso;Sí;No
76°16'49.6''W;4°25'45.8''N;Bolivar;6:00:00;14:00:00;35CAROL;08/03/2026;4.429388889;-76.28044444;08/03/2026;08/03/2026 6:00;08/03/2026 14:00;08/03/2026;4.42939;-76.28044;08/03/2026;Open-Meteo Archive;15.9;14.3;20.8;29.5;7.3;;;;Dato obtenido por fallback Open-Meteo;Lluvioso;Sí;No
76°28'02.8''W;3°45'08.8''N;Vijes;14:00:00;22:00:00;32SNRAF;08/03/2026;3.752444444;-76.46744444;08/03/2026;08/03/2026 14:00;08/03/2026 22:00;08/03/2026;3.75244;-76.46744;08/03/2026;Meteostat Daily;21.9;19;27;17.9;10;1013.6;;;Dato diario obtenido correctamente;Lluvioso;Sí;No
75°46'31.6''W;5°26'22.5''N;Riosucio;6:00:00;14:00:00;12MANZA;08/03/2026;5.439583333;-75.77544444;08/03/2026;08/03/2026 6:00;08/03/2026 14:00;08/03/2026;5.43958;-75.77544;08/03/2026;Open-Meteo Archive;14.7;11.4;20;5.6;6.7;;;;Dato obtenido por fallback Open-Meteo;Lluvioso;Sí;No
75°46'31.6''W;5°26'22.5''N;Riosucio;14:00:00;22:00:00;12MANZA;08/03/2026;5.439583333;-75.77544444;08/03/2026;08/03/2026 14:00;08/03/2026 22:00;08/03/2026;5.43958;-75.77544;08/03/2026;Open-Meteo Archive;14.7;11.4;20;5.6;6.7;;;;Dato obtenido por fallback Open-Meteo;Lluvioso;Sí;No
75°44'24.4''W;5°25'08.7''N;Riosucio;6:00:00;14:00:00;12PINTA;08/03/2026;5.419083333;-75.74011111;08/03/2026;08/03/2026 6:00;08/03/2026 14:00;08/03/2026;5.41908;-75.74011;08/03/2026;Open-Meteo Archive;14.7;11.4;20;5.6;6.7;;;;Dato obtenido por fallback Open-Meteo;Lluvioso;Sí;No
75°52'57.2''W;4°13'34.6''N;Sevilla;6:00:00;14:00:00;13SNGER;01/03/2026;4.226277778;-75.88255556;01/03/2026;01/03/2026 6:00;01/03/2026 14:00;01/03/2026;4.22628;-75.88256;01/03/2026;Open-Meteo Archive;16.3;11.9;22.4;12.2;6.6;;;;Dato obtenido por fallback Open-Meteo;Lluvioso;Sí;No
75°52'57.2''W;4°13'34.6''N;Sevilla;14:00:00;22:00:00;13SNGER;01/03/2026;4.226277778;-75.88255556;01/03/2026;01/03/2026 14:00;01/03/2026 22:00;01/03/2026;4.22628;-75.88256;01/03/2026;Open-Meteo Archive;16.3;11.9;22.4;12.2;6.6;;;;Dato obtenido por fallback Open-Meteo;Lluvioso;Sí;No
75°52'57.2''W;4°13'34.6''N;Sevilla;14:00:00;22:00:00;13SNGER;01/03/2026;4.226277778;-75.88255556;01/03/2026;01/03/2026 14:00;01/03/2026 22:00;01/03/2026;4.22628;-75.88256;01/03/2026;Open-Meteo Archive;16.3;11.9;22.4;12.2;6.6;;;;Dato obtenido por fallback Open-Meteo;Lluvioso;Sí;No
75°52'57.2''W;4°13'34.6''N;Sevilla;6:00:00;14:00:00;13SNGER;01/03/2026;4.226277778;-75.88255556;01/03/2026;01/03/2026 6:00;01/03/2026 14:00;01/03/2026;4.22628;-75.88256;01/03/2026;Open-Meteo Archive;16.3;11.9;22.4;12.2;6.6;;;;Dato obtenido por fallback Open-Meteo;Lluvioso;Sí;No
75°52'57.2''W;4°13'34.6''N;Sevilla;6:00:00;14:00:00;13SNGER;02/03/2026;4.226277778;-75.88255556;02/03/2026;02/03/2026 6:00;02/03/2026 14:00;02/03/2026;4.22628;-75.88256;02/03/2026;Open-Meteo Archive;16.5;11.6;22.1;4.8;6.3;;;;Dato obtenido por fallback Open-Meteo;Lluvioso;Sí;No
75°52'57.2''W;4°13'34.6''N;Sevilla;14:00:00;22:00:00;13SNGER;02/03/2026;4.226277778;-75.88255556;02/03/2026;02/03/2026 14:00;02/03/2026 22:00;02/03/2026;4.22628;-75.88256;02/03/2026;Open-Meteo Archive;16.5;11.6;22.1;4.8;6.3;;;;Dato obtenido por fallback Open-Meteo;Lluvioso;Sí;No
75°52'57.2''W;4°13'34.6''N;Sevilla;6:00:00;14:00:00;13SNGER;02/03/2026;4.226277778;-75.88255556;02/03/2026;02/03/2026 6:00;02/03/2026 14:00;02/03/2026;4.22628;-75.88256;02/03/2026;Open-Meteo Archive;16.5;11.6;22.1;4.8;6.3;;;;Dato obtenido por fallback Open-Meteo;Lluvioso;Sí;No
75°52'57.2''W;4°13'34.6''N;Sevilla;14:00:00;22:00:00;13SNGER;02/03/2026;4.226277778;-75.88255556;02/03/2026;02/03/2026 14:00;02/03/2026 22:00;02/03/2026;4.22628;-75.88256;02/03/2026;Open-Meteo Archive;16.5;11.6;22.1;4.8;6.3;;;;Dato obtenido por fallback Open-Meteo;Lluvioso;Sí;No
75°52'57.2''W;4°13'34.6''N;Sevilla;6:00:00;14:00:00;13SNGER;03/03/2026;4.226277778;-75.88255556;03/03/2026;03/03/2026 6:00;03/03/2026 14:00;03/03/2026;4.22628;-75.88256;03/03/2026;Open-Meteo Archive;16.3;11.5;22;6.8;7.7;;;;Dato obtenido por fallback Open-Meteo;Lluvioso;Sí;No
75°52'57.2''W;4°13'34.6''N;Sevilla;14:00:00;22:00:00;13SNGER;03/03/2026;4.226277778;-75.88255556;03/03/2026;03/03/2026 14:00;03/03/2026 22:00;03/03/2026;4.22628;-75.88256;03/03/2026;Open-Meteo Archive;16.3;11.5;22;6.8;7.7;;;;Dato obtenido por fallback Open-Meteo;Lluvioso;Sí;No
75°52'57.2''W;4°13'34.6''N;Sevilla;6:00:00;14:00:00;13SNGER;03/03/2026;4.226277778;-75.88255556;03/03/2026;03/03/2026 6:00;03/03/2026 14:00;03/03/2026;4.22628;-75.88256;03/03/2026;Open-Meteo Archive;16.3;11.5;22;6.8;7.7;;;;Dato obtenido por fallback Open-Meteo;Lluvioso;Sí;No
75°52'57.2''W;4°13'34.6''N;Sevilla;6:00:00;14:00:00;13SNGER;03/03/2026;4.226277778;-75.88255556;03/03/2026;03/03/2026 6:00;03/03/2026 14:00;03/03/2026;4.22628;-75.88256;03/03/2026;Open-Meteo Archive;16.3;11.5;22;6.8;7.7;;;;Dato obtenido por fallback Open-Meteo;Lluvioso;Sí;No
75°52'57.2''W;4°13'34.6''N;Sevilla;14:00:00;22:00:00;13SNGER;04/03/2026;4.226277778;-75.88255556;04/03/2026;04/03/2026 14:00;04/03/2026 22:00;04/03/2026;4.22628;-75.88256;04/03/2026;Open-Meteo Archive;16.3;11.2;21.4;17.3;6.4;;;;Dato obtenido por fallback Open-Meteo;Lluvioso;Sí;No
75°52'57.2''W;4°13'34.6''N;Sevilla;6:00:00;14:00:00;13SNGER;04/03/2026;4.226277778;-75.88255556;04/03/2026;04/03/2026 6:00;04/03/2026 14:00;04/03/2026;4.22628;-75.88256;04/03/2026;Open-Meteo Archive;16.3;11.2;21.4;17.3;6.4;;;;Dato obtenido por fallback Open-Meteo;Lluvioso;Sí;No
75°52'57.2''W;4°13'34.6''N;Sevilla;14:00:00;22:00:00;13SNGER;04/03/2026;4.226277778;-75.88255556;04/03/2026;04/03/2026 14:00;04/03/2026 22:00;04/03/2026;4.22628;-75.88256;04/03/2026;Open-Meteo Archive;16.3;11.2;21.4;17.3;6.4;;;;Dato obtenido por fallback Open-Meteo;Lluvioso;Sí;No
75°52'57.2''W;4°13'34.6''N;Sevilla;6:00:00;14:00:00;13SNGER;05/03/2026;4.226277778;-75.88255556;05/03/2026;05/03/2026 6:00;05/03/2026 14:00;05/03/2026;4.22628;-75.88256;05/03/2026;Open-Meteo Archive;16.5;13.8;20.6;12.8;8.2;;;;Dato obtenido por fallback Open-Meteo;Lluvioso;Sí;No
75°52'57.2''W;4°13'34.6''N;Sevilla;14:00:00;22:00:00;13SNGER;05/03/2026;4.226277778;-75.88255556;05/03/2026;05/03/2026 14:00;05/03/2026 22:00;05/03/2026;4.22628;-75.88256;05/03/2026;Open-Meteo Archive;16.5;13.8;20.6;12.8;8.2;;;;Dato obtenido por fallback Open-Meteo;Lluvioso;Sí;No
75°52'57.2''W;4°13'34.6''N;Sevilla;6:00:00;14:00:00;13SNGER;05/03/2026;4.226277778;-75.88255556;05/03/2026;05/03/2026 6:00;05/03/2026 14:00;05/03/2026;4.22628;-75.88256;05/03/2026;Open-Meteo Archive;16.5;13.8;20.6;12.8;8.2;;;;Dato obtenido por fallback Open-Meteo;Lluvioso;Sí;No
75°52'57.2''W;4°13'34.6''N;Sevilla;14:00:00;22:00:00;13SNGER;05/03/2026;4.226277778;-75.88255556;05/03/2026;05/03/2026 14:00;05/03/2026 22:00;05/03/2026;4.22628;-75.88256;05/03/2026;Open-Meteo Archive;16.5;13.8;20.6;12.8;8.2;;;;Dato obtenido por fallback Open-Meteo;Lluvioso;Sí;No
75°52'57.2''W;4°13'34.6''N;Sevilla;6:00:00;14:00:00;13SNGER;06/03/2026;4.226277778;-75.88255556;06/03/2026;06/03/2026 6:00;06/03/2026 14:00;06/03/2026;4.22628;-75.88256;06/03/2026;Open-Meteo Archive;16;12.4;21.1;15.6;6.7;;;;Dato obtenido por fallback Open-Meteo;Lluvioso;Sí;No
75°52'57.2''W;4°13'34.6''N;Sevilla;14:00:00;22:00:00;13SNGER;06/03/2026;4.226277778;-75.88255556;06/03/2026;06/03/2026 14:00;06/03/2026 22:00;06/03/2026;4.22628;-75.88256;06/03/2026;Open-Meteo Archive;16;12.4;21.1;15.6;6.7;;;;Dato obtenido por fallback Open-Meteo;Lluvioso;Sí;No
75°52'57.2''W;4°13'34.6''N;Sevilla;6:00:00;14:00:00;13SNGER;06/03/2026;4.226277778;-75.88255556;06/03/2026;06/03/2026 6:00;06/03/2026 14:00;06/03/2026;4.22628;-75.88256;06/03/2026;Open-Meteo Archive;16;12.4;21.1;15.6;6.7;;;;Dato obtenido por fallback Open-Meteo;Lluvioso;Sí;No
75°52'57.2''W;4°13'34.6''N;Sevilla;14:00:00;22:00:00;13SNGER;06/03/2026;4.226277778;-75.88255556;06/03/2026;06/03/2026 14:00;06/03/2026 22:00;06/03/2026;4.22628;-75.88256;06/03/2026;Open-Meteo Archive;16;12.4;21.1;15.6;6.7;;;;Dato obtenido por fallback Open-Meteo;Lluvioso;Sí;No
75°52'57.2''W;4°13'34.6''N;Sevilla;6:00:00;14:00:00;13SNGER;07/03/2026;4.226277778;-75.88255556;07/03/2026;07/03/2026 6:00;07/03/2026 14:00;07/03/2026;4.22628;-75.88256;07/03/2026;Open-Meteo Archive;15.9;11.2;20.3;7.3;7.2;;;;Dato obtenido por fallback Open-Meteo;Lluvioso;Sí;No
75°52'57.2''W;4°13'34.6''N;Sevilla;14:00:00;22:00:00;13SNGER;07/03/2026;4.226277778;-75.88255556;07/03/2026;07/03/2026 14:00;07/03/2026 22:00;07/03/2026;4.22628;-75.88256;07/03/2026;Open-Meteo Archive;15.9;11.2;20.3;7.3;7.2;;;;Dato obtenido por fallback Open-Meteo;Lluvioso;Sí;No
75°52'57.2''W;4°13'34.6''N;Sevilla;14:00:00;22:00:00;13SNGER;07/03/2026;4.226277778;-75.88255556;07/03/2026;07/03/2026 14:00;07/03/2026 22:00;07/03/2026;4.22628;-75.88256;07/03/2026;Open-Meteo Archive;15.9;11.2;20.3;7.3;7.2;;;;Dato obtenido por fallback Open-Meteo;Lluvioso;Sí;No
75°52'57.2''W;4°13'34.6''N;Sevilla;6:00:00;14:00:00;13SNGER;07/03/2026;4.226277778;-75.88255556;07/03/2026;07/03/2026 6:00;07/03/2026 14:00;07/03/2026;4.22628;-75.88256;07/03/2026;Open-Meteo Archive;15.9;11.2;20.3;7.3;7.2;;;;Dato obtenido por fallback Open-Meteo;Lluvioso;Sí;No
75°46'31.6''W;5°26'22.5''N;Riosucio;14:00:00;22:00:00;12MANZA;01/03/2026;5.439583333;-75.77544444;01/03/2026;01/03/2026 14:00;01/03/2026 22:00;01/03/2026;5.43958;-75.77544;01/03/2026;Open-Meteo Archive;16.3;12.1;22;1.9;6.5;;;;Dato obtenido por fallback Open-Meteo;Lluvioso;Sí;No
75°44'43.0''W;5°24'09.9''N;Riosucio;6:00:00;14:00:00;12ARGEN;01/03/2026;5.40275;-75.74527778;01/03/2026;01/03/2026 6:00;01/03/2026 14:00;01/03/2026;5.40275;-75.74528;01/03/2026;Open-Meteo Archive;16.3;12.1;21.9;1.9;6.5;;;;Dato obtenido por fallback Open-Meteo;Lluvioso;Sí;No
75°46'31.6''W;5°26'22.5''N;Riosucio;6:00:00;14:00:00;12MANZA;01/03/2026;5.439583333;-75.77544444;01/03/2026;01/03/2026 6:00;01/03/2026 14:00;01/03/2026;5.43958;-75.77544;01/03/2026;Open-Meteo Archive;16.3;12.1;22;1.9;6.5;;;;Dato obtenido por fallback Open-Meteo;Lluvioso;Sí;No
76°15'47.6''W;4°25'33.3''N;Bolivar;14:00:00;22:00:00;35PLAYA;09/03/2026;4.425916667;-76.26322222;09/03/2026;09/03/2026 14:00;09/03/2026 22:00;09/03/2026;4.42592;-76.26322;09/03/2026;Open-Meteo Archive;15.4;11.7;20.5;3.3;10.5;;;;Dato obtenido por fallback Open-Meteo;Lluvioso;Sí;No
76°15'47.6''W;4°25'33.3''N;Bolivar;6:00:00;14:00:00;35PLAYA;09/03/2026;4.425916667;-76.26322222;09/03/2026;09/03/2026 6:00;09/03/2026 14:00;09/03/2026;4.42592;-76.26322;09/03/2026;Open-Meteo Archive;15.4;11.7;20.5;3.3;10.5;;;;Dato obtenido por fallback Open-Meteo;Lluvioso;Sí;No
76°28'02.8''W;3°45'08.8''N;Vijes;6:00:00;14:00:00;32SNRAF;10/03/2026;3.752444444;-76.46744444;10/03/2026;10/03/2026 6:00;10/03/2026 14:00;10/03/2026;3.75244;-76.46744;10/03/2026;Meteostat Daily;24.6;21;31;13.3;7.8;;;;Dato diario obtenido correctamente;Lluvioso;Sí;No
76°28'02.8''W;3°45'08.8''N;Vijes;14:00:00;22:00:00;32SNRAF;09/03/2026;3.752444444;-76.46744444;09/03/2026;09/03/2026 14:00;09/03/2026 22:00;09/03/2026;3.75244;-76.46744;09/03/2026;Meteostat Daily;23.4;19;30;3.2;7.2;;;;Dato diario obtenido correctamente;Lluvioso;Sí;No
76°28'02.8''W;3°45'08.8''N;Vijes;6:00:00;14:00:00;32SNRAF;09/03/2026;3.752444444;-76.46744444;09/03/2026;09/03/2026 6:00;09/03/2026 14:00;09/03/2026;3.75244;-76.46744;09/03/2026;Meteostat Daily;23.4;19;30;3.2;7.2;;;;Dato diario obtenido correctamente;Lluvioso;Sí;No
75°52'57.2''W;4°13'34.6''N;Sevilla;14:00:00;22:00:00;13SNGER;09/03/2026;4.226277778;-75.88255556;09/03/2026;09/03/2026 14:00;09/03/2026 22:00;09/03/2026;4.22628;-75.88256;09/03/2026;Open-Meteo Archive;16.7;13.1;21.5;2;6.4;;;;Dato obtenido por fallback Open-Meteo;Lluvioso;Sí;No
75°52'57.2''W;4°13'34.6''N;Sevilla;6:00:00;14:00:00;13SNGER;09/03/2026;4.226277778;-75.88255556;09/03/2026;09/03/2026 6:00;09/03/2026 14:00;09/03/2026;4.22628;-75.88256;09/03/2026;Open-Meteo Archive;16.7;13.1;21.5;2;6.4;;;;Dato obtenido por fallback Open-Meteo;Lluvioso;Sí;No
75°52'57.2''W;4°13'34.6''N;Sevilla;14:00:00;22:00:00;13SNGER;09/03/2026;4.226277778;-75.88255556;09/03/2026;09/03/2026 14:00;09/03/2026 22:00;09/03/2026;4.22628;-75.88256;09/03/2026;Open-Meteo Archive;16.7;13.1;21.5;2;6.4;;;;Dato obtenido por fallback Open-Meteo;Lluvioso;Sí;No
75°52'57.2''W;4°13'34.6''N;Sevilla;6:00:00;14:00:00;13SNGER;09/03/2026;4.226277778;-75.88255556;09/03/2026;09/03/2026 6:00;09/03/2026 14:00;09/03/2026;4.22628;-75.88256;09/03/2026;Open-Meteo Archive;16.7;13.1;21.5;2;6.4;;;;Dato obtenido por fallback Open-Meteo;Lluvioso;Sí;No
75°52'57.2''W;4°13'34.6''N;Sevilla;14:00:00;22:00:00;13SNGER;08/03/2026;4.226277778;-75.88255556;08/03/2026;08/03/2026 14:00;08/03/2026 22:00;08/03/2026;4.22628;-75.88256;08/03/2026;Open-Meteo Archive;15.5;12.6;19.3;20.3;6.2;;;;Dato obtenido por fallback Open-Meteo;Lluvioso;Sí;No
75°52'57.2''W;4°13'34.6''N;Sevilla;6:00:00;14:00:00;13SNGER;08/03/2026;4.226277778;-75.88255556;08/03/2026;08/03/2026 6:00;08/03/2026 14:00;08/03/2026;4.22628;-75.88256;08/03/2026;Open-Meteo Archive;15.5;12.6;19.3;20.3;6.2;;;;Dato obtenido por fallback Open-Meteo;Lluvioso;Sí;No
75°52'57.2''W;4°13'34.6''N;Sevilla;6:00:00;14:00:00;13SNGER;08/03/2026;4.226277778;-75.88255556;08/03/2026;08/03/2026 6:00;08/03/2026 14:00;08/03/2026;4.22628;-75.88256;08/03/2026;Open-Meteo Archive;15.5;12.6;19.3;20.3;6.2;;;;Dato obtenido por fallback Open-Meteo;Lluvioso;Sí;No
76°34'23.0''W;3°41'39.8''N;Cumbre;6:00:00;14:00:00;32PORRA;01/03/2026;3.694388889;-76.57305556;01/03/2026;01/03/2026 6:00;01/03/2026 14:00;01/03/2026;3.69439;-76.57306;01/03/2026;Meteostat Daily;25.3;20.8;33;1.1;8.4;;;;Dato diario obtenido correctamente;Lluvioso;Sí;No
76°34'23.0''W;3°41'39.8''N;Cumbre;6:00:00;14:00:00;32PORRA;01/03/2026;3.694388889;-76.57305556;01/03/2026;01/03/2026 6:00;01/03/2026 14:00;01/03/2026;3.69439;-76.57306;01/03/2026;Meteostat Daily;25.3;20.8;33;1.1;8.4;;;;Dato diario obtenido correctamente;Lluvioso;Sí;No
76°31'18.7''W;3°03'37.9''N;Santander_Quilichao;6:00:00;14:00:00;25QUIRA;09/03/2026;3.060527778;-76.52186111;09/03/2026;09/03/2026 6:00;09/03/2026 14:00;09/03/2026;3.06053;-76.52186;09/03/2026;Open-Meteo Archive;21.7;17.3;27.9;1.6;11.5;;;;Dato obtenido por fallback Open-Meteo;Lluvioso;Sí;No
76°25'07.7''W;4°03'46.6''N;Riofrio;14:00:00;22:00:00;31ALASK;09/03/2026;4.062944444;-76.41880556;09/03/2026;09/03/2026 14:00;09/03/2026 22:00;09/03/2026;4.06294;-76.41881;09/03/2026;Open-Meteo Archive;16.2;13.1;20.5;1.4;9.1;;;;Dato obtenido por fallback Open-Meteo;Lluvioso;Sí;No
76°25'07.7''W;4°03'46.6''N;Riofrio;6:00:00;14:00:00;31ALASK;09/03/2026;4.062944444;-76.41880556;09/03/2026;09/03/2026 6:00;09/03/2026 14:00;09/03/2026;4.06294;-76.41881;09/03/2026;Open-Meteo Archive;16.2;13.1;20.5;1.4;9.1;;;;Dato obtenido por fallback Open-Meteo;Lluvioso;Sí;No
76°25'07.7''W;4°03'46.6''N;Riofrio;14:00:00;22:00:00;31ALASK;08/03/2026;4.062944444;-76.41880556;08/03/2026;08/03/2026 14:00;08/03/2026 22:00;08/03/2026;4.06294;-76.41881;08/03/2026;Open-Meteo Archive;15.7;13.7;20.5;29.6;8.6;;;;Dato obtenido por fallback Open-Meteo;Lluvioso;Sí;No
76°25'07.7''W;4°03'46.6''N;Riofrio;6:00:00;14:00:00;31ALASK;08/03/2026;4.062944444;-76.41880556;08/03/2026;08/03/2026 6:00;08/03/2026 14:00;08/03/2026;4.06294;-76.41881;08/03/2026;Open-Meteo Archive;15.7;13.7;20.5;29.6;8.6;;;;Dato obtenido por fallback Open-Meteo;Lluvioso;Sí;No
76°34'23.0''W;3°41'39.8''N;Cumbre;14:00:00;22:00:00;32PORRA;10/03/2026;3.694388889;-76.57305556;10/03/2026;10/03/2026 14:00;10/03/2026 22:00;10/03/2026;3.69439;-76.57306;10/03/2026;Meteostat Daily;24.6;21;31;13.3;7.8;;;;Dato diario obtenido correctamente;Lluvioso;Sí;No
76°34'23.0''W;3°41'39.8''N;Cumbre;6:00:00;14:00:00;32PORRA;10/03/2026;3.694388889;-76.57305556;10/03/2026;10/03/2026 6:00;10/03/2026 14:00;10/03/2026;3.69439;-76.57306;10/03/2026;Meteostat Daily;24.6;21;31;13.3;7.8;;;;Dato diario obtenido correctamente;Lluvioso;Sí;No
76°34'23.0''W;3°41'39.8''N;Cumbre;6:00:00;14:00:00;32PORRA;09/03/2026;3.694388889;-76.57305556;09/03/2026;09/03/2026 6:00;09/03/2026 14:00;09/03/2026;3.69439;-76.57306;09/03/2026;Meteostat Daily;23.4;19;30;3.2;7.2;;;;Dato diario obtenido correctamente;Lluvioso;Sí;No
76°34'23.0''W;3°41'39.8''N;Cumbre;14:00:00;22:00:00;32PORRA;09/03/2026;3.694388889;-76.57305556;09/03/2026;09/03/2026 14:00;09/03/2026 22:00;09/03/2026;3.69439;-76.57306;09/03/2026;Meteostat Daily;23.4;19;30;3.2;7.2;;;;Dato diario obtenido correctamente;Lluvioso;Sí;No
76°34'23.0''W;3°41'39.8''N;Cumbre;6:00:00;14:00:00;32PORRA;09/03/2026;3.694388889;-76.57305556;09/03/2026;09/03/2026 6:00;09/03/2026 14:00;09/03/2026;3.69439;-76.57306;09/03/2026;Meteostat Daily;23.4;19;30;3.2;7.2;;;;Dato diario obtenido correctamente;Lluvioso;Sí;No
76°34'23.0''W;3°41'39.8''N;Cumbre;6:00:00;14:00:00;32PORRA;10/03/2026;3.694388889;-76.57305556;10/03/2026;10/03/2026 6:00;10/03/2026 14:00;10/03/2026;3.69439;-76.57306;10/03/2026;Meteostat Daily;24.6;21;31;13.3;7.8;;;;Dato diario obtenido correctamente;Lluvioso;Sí;No
76°25'07.7''W;4°03'46.6''N;Riofrio;14:00:00;22:00:00;31ALASK;10/03/2026;4.062944444;-76.41880556;10/03/2026;10/03/2026 14:00;10/03/2026 22:00;10/03/2026;4.06294;-76.41881;10/03/2026;Open-Meteo Archive;16;13.9;20.3;32.2;10.1;;;;Dato obtenido por fallback Open-Meteo;Lluvioso;Sí;No
76°25'07.7''W;4°03'46.6''N;Riofrio;6:00:00;14:00:00;31ALASK;10/03/2026;4.062944444;-76.41880556;10/03/2026;10/03/2026 6:00;10/03/2026 14:00;10/03/2026;4.06294;-76.41881;10/03/2026;Open-Meteo Archive;16;13.9;20.3;32.2;10.1;;;;Dato obtenido por fallback Open-Meteo;Lluvioso;Sí;No
76°31'18.7''W;3°03'37.9''N;Santander_Quilichao;14:00:00;22:00:00;25QUIRA;10/03/2026;3.060527778;-76.52186111;10/03/2026;10/03/2026 14:00;10/03/2026 22:00;10/03/2026;3.06053;-76.52186;10/03/2026;Open-Meteo Archive;21.9;17.5;27.9;12.3;11.9;;;;Dato obtenido por fallback Open-Meteo;Lluvioso;Sí;No
76°31'18.7''W;3°03'37.9''N;Santander_Quilichao;6:00:00;14:00:00;25QUIRA;10/03/2026;3.060527778;-76.52186111;10/03/2026;10/03/2026 6:00;10/03/2026 14:00;10/03/2026;3.06053;-76.52186;10/03/2026;Open-Meteo Archive;21.9;17.5;27.9;12.3;11.9;;;;Dato obtenido por fallback Open-Meteo;Lluvioso;Sí;No
76°31'18.7''W;3°03'37.9''N;Santander_Quilichao;14:00:00;22:00:00;25QUIRA;09/03/2026;3.060527778;-76.52186111;09/03/2026;09/03/2026 14:00;09/03/2026 22:00;09/03/2026;3.06053;-76.52186;09/03/2026;Open-Meteo Archive;21.7;17.3;27.9;1.6;11.5;;;;Dato obtenido por fallback Open-Meteo;Lluvioso;Sí;No
76°28'02.8''W;3°45'08.8''N;Vijes;14:00:00;22:00:00;32SNRAF;10/03/2026;3.752444444;-76.46744444;10/03/2026;10/03/2026 14:00;10/03/2026 22:00;10/03/2026;3.75244;-76.46744;10/03/2026;Meteostat Daily;24.6;21;31;13.3;7.8;;;;Dato diario obtenido correctamente;Lluvioso;Sí;No
76°15'47.6''W;4°25'33.3''N;Bolivar;6:00:00;14:00:00;35PLAYA;10/03/2026;4.425916667;-76.26322222;10/03/2026;10/03/2026 6:00;10/03/2026 14:00;10/03/2026;4.42592;-76.26322;10/03/2026;Open-Meteo Archive;15.5;13.5;18.8;24.5;9.9;;;;Dato obtenido por fallback Open-Meteo;Lluvioso;Sí;No
76°15'47.6''W;4°25'33.3''N;Bolivar;14:00:00;22:00:00;35PLAYA;10/03/2026;4.425916667;-76.26322222;10/03/2026;10/03/2026 14:00;10/03/2026 22:00;10/03/2026;4.42592;-76.26322;10/03/2026;Open-Meteo Archive;15.5;13.5;18.8;24.5;9.9;;;;Dato obtenido por fallback Open-Meteo;Lluvioso;Sí;No
76°15'47.6''W;4°25'33.3''N;Bolivar;6:00:00;14:00:00;35PLAYA;11/03/2026;4.425916667;-76.26322222;11/03/2026;11/03/2026 6:00;11/03/2026 14:00;11/03/2026;4.42592;-76.26322;11/03/2026;Open-Meteo Archive;15.6;13.8;21.3;15.7;8.7;;;;Dato obtenido por fallback Open-Meteo;Lluvioso;Sí;No
76°15'47.6''W;4°25'33.3''N;Bolivar;14:00:00;22:00:00;35PLAYA;11/03/2026;4.425916667;-76.26322222;11/03/2026;11/03/2026 14:00;11/03/2026 22:00;11/03/2026;4.42592;-76.26322;11/03/2026;Open-Meteo Archive;15.6;13.8;21.3;15.7;8.7;;;;Dato obtenido por fallback Open-Meteo;Lluvioso;Sí;No
76°31'18.7''W;3°03'37.9''N;Santander_Quilichao;14:00:00;22:00:00;25QUIRA;11/03/2026;3.060527778;-76.52186111;11/03/2026;11/03/2026 14:00;11/03/2026 22:00;11/03/2026;3.06053;-76.52186;11/03/2026;Open-Meteo Archive;21.8;19.1;26.9;18.2;9.8;;;;Dato obtenido por fallback Open-Meteo;Lluvioso;Sí;No
76°31'18.7''W;3°03'37.9''N;Santander_Quilichao;6:00:00;14:00:00;25QUIRA;11/03/2026;3.060527778;-76.52186111;11/03/2026;11/03/2026 6:00;11/03/2026 14:00;11/03/2026;3.06053;-76.52186;11/03/2026;Open-Meteo Archive;21.8;19.1;26.9;18.2;9.8;;;;Dato obtenido por fallback Open-Meteo;Lluvioso;Sí;No
76°25'45.2''W;4°02'52.2''N;Riofrio;14:00:00;22:00:00;31PALES;11/03/2026;4.047833333;-76.42922222;11/03/2026;11/03/2026 14:00;11/03/2026 22:00;11/03/2026;4.04783;-76.42922;11/03/2026;Open-Meteo Archive;15.6;13.9;18;61.3;7.6;;;;Dato obtenido por fallback Open-Meteo;Lluvioso;Sí;No
76°25'45.2''W;4°02'52.2''N;Riofrio;6:00:00;14:00:00;31PALES;11/03/2026;4.047833333;-76.42922222;11/03/2026;11/03/2026 6:00;11/03/2026 14:00;11/03/2026;4.04783;-76.42922;11/03/2026;Open-Meteo Archive;15.6;13.9;18;61.3;7.6;;;;Dato obtenido por fallback Open-Meteo;Lluvioso;Sí;No
75°52'57.2''W;4°13'34.6''N;Sevilla;6:00:00;14:00:00;13SNGER;10/03/2026;4.226277778;-75.88255556;10/03/2026;10/03/2026 6:00;10/03/2026 14:00;10/03/2026;4.22628;-75.88256;10/03/2026;Open-Meteo Archive;16.3;12.9;20.6;28.3;6.9;;;;Dato obtenido por fallback Open-Meteo;Lluvioso;Sí;No
75°52'57.2''W;4°13'34.6''N;Sevilla;6:00:00;14:00:00;13SNGER;10/03/2026;4.226277778;-75.88255556;10/03/2026;10/03/2026 6:00;10/03/2026 14:00;10/03/2026;4.22628;-75.88256;10/03/2026;Open-Meteo Archive;16.3;12.9;20.6;28.3;6.9;;;;Dato obtenido por fallback Open-Meteo;Lluvioso;Sí;No
75°52'57.2''W;4°13'34.6''N;Sevilla;14:00:00;22:00:00;13SNGER;10/03/2026;4.226277778;-75.88255556;10/03/2026;10/03/2026 14:00;10/03/2026 22:00;10/03/2026;4.22628;-75.88256;10/03/2026;Open-Meteo Archive;16.3;12.9;20.6;28.3;6.9;;;;Dato obtenido por fallback Open-Meteo;Lluvioso;Sí;No
75°52'57.2''W;4°13'34.6''N;Sevilla;14:00:00;22:00:00;13SNGER;10/03/2026;4.226277778;-75.88255556;10/03/2026;10/03/2026 14:00;10/03/2026 22:00;10/03/2026;4.22628;-75.88256;10/03/2026;Open-Meteo Archive;16.3;12.9;20.6;28.3;6.9;;;;Dato obtenido por fallback Open-Meteo;Lluvioso;Sí;No
76°28'02.8''W;3°45'08.8''N;Vijes;6:00:00;14:00:00;32SNRAF;11/03/2026;3.752444444;-76.46744444;11/03/2026;11/03/2026 6:00;11/03/2026 14:00;11/03/2026;3.75244;-76.46744;11/03/2026;Meteostat Daily;23.3;20;29;5.5;6.8;1015.1;;;Dato diario obtenido correctamente;Lluvioso;Sí;No
76°28'02.8''W;3°45'08.8''N;Vijes;14:00:00;22:00:00;32SNRAF;11/03/2026;3.752444444;-76.46744444;11/03/2026;11/03/2026 14:00;11/03/2026 22:00;11/03/2026;3.75244;-76.46744;11/03/2026;Meteostat Daily;23.3;20;29;5.5;6.8;1015.1;;;Dato diario obtenido correctamente;Lluvioso;Sí;No
76°34'23.0''W;3°41'39.8''N;Cumbre;6:00:00;14:00:00;32PORRA;11/03/2026;3.694388889;-76.57305556;11/03/2026;11/03/2026 6:00;11/03/2026 14:00;11/03/2026;3.69439;-76.57306;11/03/2026;Meteostat Daily;23.3;20;29;5.5;6.8;1015.1;;;Dato diario obtenido correctamente;Lluvioso;Sí;No
76°34'23.0''W;3°41'39.8''N;Cumbre;14:00:00;22:00:00;32PORRA;11/03/2026;3.694388889;-76.57305556;11/03/2026;11/03/2026 14:00;11/03/2026 22:00;11/03/2026;3.69439;-76.57306;11/03/2026;Meteostat Daily;23.3;20;29;5.5;6.8;1015.1;;;Dato diario obtenido correctamente;Lluvioso;Sí;No
76°15'47.6''W;4°25'33.3''N;Bolivar;6:00:00;14:00:00;35PLAYA;12/03/2026;4.425916667;-76.26322222;12/03/2026;12/03/2026 6:00;12/03/2026 14:00;12/03/2026;4.42592;-76.26322;12/03/2026;Open-Meteo Archive;15.2;14;17.9;16.6;5.5;;;;Dato obtenido por fallback Open-Meteo;Lluvioso;Sí;No
76°15'47.6''W;4°25'33.3''N;Bolivar;14:00:00;22:00:00;35PLAYA;12/03/2026;4.425916667;-76.26322222;12/03/2026;12/03/2026 14:00;12/03/2026 22:00;12/03/2026;4.42592;-76.26322;12/03/2026;Open-Meteo Archive;15.2;14;17.9;16.6;5.5;;;;Dato obtenido por fallback Open-Meteo;Lluvioso;Sí;No
76°31'18.7''W;3°03'37.9''N;Santander_Quilichao;14:00:00;22:00:00;25QUIRA;12/03/2026;3.060527778;-76.52186111;12/03/2026;12/03/2026 14:00;12/03/2026 22:00;12/03/2026;3.06053;-76.52186;12/03/2026;Open-Meteo Archive;21.6;18.8;27.2;1.4;12.1;;;;Dato obtenido por fallback Open-Meteo;Lluvioso;Sí;No
76°31'18.7''W;3°03'37.9''N;Santander_Quilichao;6:00:00;14:00:00;25QUIRA;12/03/2026;3.060527778;-76.52186111;12/03/2026;12/03/2026 6:00;12/03/2026 14:00;12/03/2026;3.06053;-76.52186;12/03/2026;Open-Meteo Archive;21.6;18.8;27.2;1.4;12.1;;;;Dato obtenido por fallback Open-Meteo;Lluvioso;Sí;No
76°25'45.2''W;4°02'52.2''N;Riofrio;14:00:00;22:00:00;31PALES;12/03/2026;4.047833333;-76.42922222;12/03/2026;12/03/2026 14:00;12/03/2026 22:00;12/03/2026;4.04783;-76.42922;12/03/2026;Open-Meteo Archive;15.1;13.3;18.1;43.8;6.6;;;;Dato obtenido por fallback Open-Meteo;Lluvioso;Sí;No
76°25'45.2''W;4°02'52.2''N;Riofrio;6:00:00;14:00:00;31PALES;12/03/2026;4.047833333;-76.42922222;12/03/2026;12/03/2026 6:00;12/03/2026 14:00;12/03/2026;4.04783;-76.42922;12/03/2026;Open-Meteo Archive;15.1;13.3;18.1;43.8;6.6;;;;Dato obtenido por fallback Open-Meteo;Lluvioso;Sí;No
76°28'02.8''W;3°45'08.8''N;Vijes;14:00:00;22:00:00;32SNRAF;12/03/2026;3.752444444;-76.46744444;12/03/2026;12/03/2026 14:00;12/03/2026 22:00;12/03/2026;3.75244;-76.46744;12/03/2026;Meteostat Daily;21.7;19;28;0;8;1015.7;;;Dato diario obtenido correctamente;Seco;No;No
76°28'02.8''W;3°45'08.8''N;Vijes;6:00:00;14:00:00;32SNRAF;12/03/2026;3.752444444;-76.46744444;12/03/2026;12/03/2026 6:00;12/03/2026 14:00;12/03/2026;3.75244;-76.46744;12/03/2026;Meteostat Daily;21.7;19;28;0;8;1015.7;;;Dato diario obtenido correctamente;Seco;No;No
75°52'57.2''W;4°13'34.6''N;Sevilla;14:00:00;22:00:00;13SNGER;11/03/2026;4.226277778;-75.88255556;11/03/2026;11/03/2026 14:00;11/03/2026 22:00;11/03/2026;4.22628;-75.88256;11/03/2026;Open-Meteo Archive;16;12.4;20.8;10.5;7.3;;;;Dato obtenido por fallback Open-Meteo;Lluvioso;Sí;No
75°52'57.2''W;4°13'34.6''N;Sevilla;14:00:00;22:00:00;13SNGER;11/03/2026;4.226277778;-75.88255556;11/03/2026;11/03/2026 14:00;11/03/2026 22:00;11/03/2026;4.22628;-75.88256;11/03/2026;Open-Meteo Archive;16;12.4;20.8;10.5;7.3;;;;Dato obtenido por fallback Open-Meteo;Lluvioso;Sí;No
75°52'57.2''W;4°13'34.6''N;Sevilla;6:00:00;14:00:00;13SNGER;11/03/2026;4.226277778;-75.88255556;11/03/2026;11/03/2026 6:00;11/03/2026 14:00;11/03/2026;4.22628;-75.88256;11/03/2026;Open-Meteo Archive;16;12.4;20.8;10.5;7.3;;;;Dato obtenido por fallback Open-Meteo;Lluvioso;Sí;No
75°52'57.2''W;4°13'34.6''N;Sevilla;6:00:00;14:00:00;13SNGER;11/03/2026;4.226277778;-75.88255556;11/03/2026;11/03/2026 6:00;11/03/2026 14:00;11/03/2026;4.22628;-75.88256;11/03/2026;Open-Meteo Archive;16;12.4;20.8;10.5;7.3;;;;Dato obtenido por fallback Open-Meteo;Lluvioso;Sí;No
75°44'24.4''W;5°25'08.7''N;Riosucio;6:00:00;14:00:00;12PINTA;09/03/2026;5.419083333;-75.74011111;09/03/2026;09/03/2026 6:00;09/03/2026 14:00;09/03/2026;5.41908;-75.74011;09/03/2026;Open-Meteo Archive;14.8;10.4;20.5;1.9;9.3;;;;Dato obtenido por fallback Open-Meteo;Lluvioso;Sí;No
75°44'24.4''W;5°25'08.7''N;Riosucio;14:00:00;22:00:00;12PINTA;09/03/2026;5.419083333;-75.74011111;09/03/2026;09/03/2026 14:00;09/03/2026 22:00;09/03/2026;5.41908;-75.74011;09/03/2026;Open-Meteo Archive;14.8;10.4;20.5;1.9;9.3;;;;Dato obtenido por fallback Open-Meteo;Lluvioso;Sí;No
75°46'31.6''W;5°26'22.5''N;Riosucio;6:00:00;14:00:00;12MANZA;09/03/2026;5.439583333;-75.77544444;09/03/2026;09/03/2026 6:00;09/03/2026 14:00;09/03/2026;5.43958;-75.77544;09/03/2026;Open-Meteo Archive;14.8;10.4;20.5;1.9;9.3;;;;Dato obtenido por fallback Open-Meteo;Lluvioso;Sí;No
75°46'31.6''W;5°26'22.5''N;Riosucio;14:00:00;22:00:00;12MANZA;09/03/2026;5.439583333;-75.77544444;09/03/2026;09/03/2026 14:00;09/03/2026 22:00;09/03/2026;5.43958;-75.77544;09/03/2026;Open-Meteo Archive;14.8;10.4;20.5;1.9;9.3;;;;Dato obtenido por fallback Open-Meteo;Lluvioso;Sí;No
75°46'31.6''W;5°26'22.5''N;Riosucio;6:00:00;14:00:00;12MANZA;10/03/2026;5.439583333;-75.77544444;10/03/2026;10/03/2026 6:00;10/03/2026 14:00;10/03/2026;5.43958;-75.77544;10/03/2026;Open-Meteo Archive;15.1;12.1;20.5;11.5;8.5;;;;Dato obtenido por fallback Open-Meteo;Lluvioso;Sí;No
75°46'31.6''W;5°26'22.5''N;Riosucio;14:00:00;22:00:00;12MANZA;10/03/2026;5.439583333;-75.77544444;10/03/2026;10/03/2026 14:00;10/03/2026 22:00;10/03/2026;5.43958;-75.77544;10/03/2026;Open-Meteo Archive;15.1;12.1;20.5;11.5;8.5;;;;Dato obtenido por fallback Open-Meteo;Lluvioso;Sí;No
75°44'24.4''W;5°25'08.7''N;Riosucio;6:00:00;14:00:00;12PINTA;10/03/2026;5.419083333;-75.74011111;10/03/2026;10/03/2026 6:00;10/03/2026 14:00;10/03/2026;5.41908;-75.74011;10/03/2026;Open-Meteo Archive;15.1;12.1;20.5;11.5;8.5;;;;Dato obtenido por fallback Open-Meteo;Lluvioso;Sí;No
76°34'23.0''W;3°41'39.8''N;Cumbre;6:00:00;14:00:00;32PORRA;11/03/2026;3.694388889;-76.57305556;11/03/2026;11/03/2026 6:00;11/03/2026 14:00;11/03/2026;3.69439;-76.57306;11/03/2026;Meteostat Daily;23.3;20;29;5.5;6.8;1015.1;;;Dato diario obtenido correctamente;Lluvioso;Sí;No
75°46'31.6''W;5°26'22.5''N;Riosucio;6:00:00;14:00:00;12MANZA;11/03/2026;5.439583333;-75.77544444;11/03/2026;11/03/2026 6:00;11/03/2026 14:00;11/03/2026;5.43958;-75.77544;11/03/2026;Open-Meteo Archive;15;12.1;20;17.7;7.5;;;;Dato obtenido por fallback Open-Meteo;Lluvioso;Sí;No
75°46'31.6''W;5°26'22.5''N;Riosucio;14:00:00;22:00:00;12MANZA;11/03/2026;5.439583333;-75.77544444;11/03/2026;11/03/2026 14:00;11/03/2026 22:00;11/03/2026;5.43958;-75.77544;11/03/2026;Open-Meteo Archive;15;12.1;20;17.7;7.5;;;;Dato obtenido por fallback Open-Meteo;Lluvioso;Sí;No
75°44'24.4''W;5°25'08.7''N;Riosucio;6:00:00;14:00:00;12PINTA;11/03/2026;5.419083333;-75.74011111;11/03/2026;11/03/2026 6:00;11/03/2026 14:00;11/03/2026;5.41908;-75.74011;11/03/2026;Open-Meteo Archive;15;12.1;20;17.7;7.5;;;;Dato obtenido por fallback Open-Meteo;Lluvioso;Sí;No
76°34'23.0''W;3°41'39.8''N;Cumbre;6:00:00;14:00:00;32PORRA;12/03/2026;3.694388889;-76.57305556;12/03/2026;12/03/2026 6:00;12/03/2026 14:00;12/03/2026;3.69439;-76.57306;12/03/2026;Meteostat Daily;21.7;19;28;0;8;1015.7;;;Dato diario obtenido correctamente;Seco;No;No
76°34'23.0''W;3°41'39.8''N;Cumbre;6:00:00;14:00:00;32PORRA;12/03/2026;3.694388889;-76.57305556;12/03/2026;12/03/2026 6:00;12/03/2026 14:00;12/03/2026;3.69439;-76.57306;12/03/2026;Meteostat Daily;21.7;19;28;0;8;1015.7;;;Dato diario obtenido correctamente;Seco;No;No
76°34'23.0''W;3°41'39.8''N;Cumbre;14:00:00;22:00:00;32PORRA;12/03/2026;3.694388889;-76.57305556;12/03/2026;12/03/2026 14:00;12/03/2026 22:00;12/03/2026;3.69439;-76.57306;12/03/2026;Meteostat Daily;21.7;19;28;0;8;1015.7;;;Dato diario obtenido correctamente;Seco;No;No
75°44'24.4''W;5°25'08.7''N;Riosucio;6:00:00;14:00:00;12PINTA;12/03/2026;5.419083333;-75.74011111;12/03/2026;12/03/2026 6:00;12/03/2026 14:00;12/03/2026;5.41908;-75.74011;12/03/2026;Open-Meteo Archive;13.8;11.8;17.8;11.6;7.5;;;;Dato obtenido por fallback Open-Meteo;Lluvioso;Sí;No
75°46'31.6''W;5°26'22.5''N;Riosucio;6:00:00;14:00:00;12MANZA;12/03/2026;5.439583333;-75.77544444;12/03/2026;12/03/2026 6:00;12/03/2026 14:00;12/03/2026;5.43958;-75.77544;12/03/2026;Open-Meteo Archive;13.8;11.8;17.8;11.6;7.5;;;;Dato obtenido por fallback Open-Meteo;Lluvioso;Sí;No
76°34'23.0''W;3°41'39.8''N;Cumbre;6:00:00;14:00:00;32PORRA;13/03/2026;3.694388889;-76.57305556;13/03/2026;13/03/2026 6:00;13/03/2026 14:00;13/03/2026;3.69439;-76.57306;13/03/2026;Meteostat Daily;22.7;17;30;0;7.1;1015.4;;;Dato diario obtenido correctamente;Seco;No;No
76°34'23.0''W;3°41'39.8''N;Cumbre;6:00:00;14:00:00;32PORRA;13/03/2026;3.694388889;-76.57305556;13/03/2026;13/03/2026 6:00;13/03/2026 14:00;13/03/2026;3.69439;-76.57306;13/03/2026;Meteostat Daily;22.7;17;30;0;7.1;1015.4;;;Dato diario obtenido correctamente;Seco;No;No
76°34'23.0''W;3°41'39.8''N;Cumbre;14:00:00;22:00:00;32PORRA;13/03/2026;3.694388889;-76.57305556;13/03/2026;13/03/2026 14:00;13/03/2026 22:00;13/03/2026;3.69439;-76.57306;13/03/2026;Meteostat Daily;22.7;17;30;0;7.1;1015.4;;;Dato diario obtenido correctamente;Seco;No;No
75°37'12.0''W;4°50'48.0''N;Santa_Rosa_Cabal;6:00:00;14:00:00;15RIEL_;13/03/2026;4.846666667;-75.62;13/03/2026;13/03/2026 6:00;13/03/2026 14:00;13/03/2026;4.84667;-75.62;13/03/2026;Open-Meteo Archive;18.8;13.1;24.8;8.8;7.1;;;;Dato obtenido por fallback Open-Meteo;Lluvioso;Sí;No
75°37'12.0''W;4°50'48.0''N;Santa_Rosa_Cabal;6:00:00;14:00:00;15RIEL_;13/03/2026;4.846666667;-75.62;13/03/2026;13/03/2026 6:00;13/03/2026 14:00;13/03/2026;4.84667;-75.62;13/03/2026;Open-Meteo Archive;18.8;13.1;24.8;8.8;7.1;;;;Dato obtenido por fallback Open-Meteo;Lluvioso;Sí;No
76°34'23.0''W;3°41'39.8''N;Cumbre;6:00:00;14:00:00;32PORRA;14/03/2026;3.694388889;-76.57305556;14/03/2026;14/03/2026 6:00;14/03/2026 14:00;14/03/2026;3.69439;-76.57306;14/03/2026;Meteostat Daily;24.2;18;32;1;9.5;1013.9;;;Dato diario obtenido correctamente;Lluvioso;Sí;No
76°34'23.0''W;3°41'39.8''N;Cumbre;14:00:00;22:00:00;32PORRA;14/03/2026;3.694388889;-76.57305556;14/03/2026;14/03/2026 14:00;14/03/2026 22:00;14/03/2026;3.69439;-76.57306;14/03/2026;Meteostat Daily;24.2;18;32;1;9.5;1013.9;;;Dato diario obtenido correctamente;Lluvioso;Sí;No
76°34'23.0''W;3°41'39.8''N;Cumbre;6:00:00;14:00:00;32PORRA;14/03/2026;3.694388889;-76.57305556;14/03/2026;14/03/2026 6:00;14/03/2026 14:00;14/03/2026;3.69439;-76.57306;14/03/2026;Meteostat Daily;24.2;18;32;1;9.5;1013.9;;;Dato diario obtenido correctamente;Lluvioso;Sí;No
75°37'12.0''W;4°50'48.0''N;Santa_Rosa_Cabal;6:00:00;14:00:00;15RIEL_;14/03/2026;4.846666667;-75.62;14/03/2026;14/03/2026 6:00;14/03/2026 14:00;14/03/2026;4.84667;-75.62;14/03/2026;Open-Meteo Archive;19.1;14.6;24.9;5.5;8;;;;Dato obtenido por fallback Open-Meteo;Lluvioso;Sí;No
75°37'12.0''W;4°50'48.0''N;Santa_Rosa_Cabal;6:00:00;14:00:00;15RIEL_;14/03/2026;4.846666667;-75.62;14/03/2026;14/03/2026 6:00;14/03/2026 14:00;14/03/2026;4.84667;-75.62;14/03/2026;Open-Meteo Archive;19.1;14.6;24.9;5.5;8;;;;Dato obtenido por fallback Open-Meteo;Lluvioso;Sí;No
75°37'12.0''W;4°50'48.0''N;Santa_Rosa_Cabal;14:00:00;22:00:00;15RIEL_;14/03/2026;4.846666667;-75.62;14/03/2026;14/03/2026 14:00;14/03/2026 22:00;14/03/2026;4.84667;-75.62;14/03/2026;Open-Meteo Archive;19.1;14.6;24.9;5.5;8;;;;Dato obtenido por fallback Open-Meteo;Lluvioso;Sí;No
75°37'12.0''W;4°50'48.0''N;Santa_Rosa_Cabal;14:00:00;22:00:00;15RIEL_;14/03/2026;4.846666667;-75.62;14/03/2026;14/03/2026 14:00;14/03/2026 22:00;14/03/2026;4.84667;-75.62;14/03/2026;Open-Meteo Archive;19.1;14.6;24.9;5.5;8;;;;Dato obtenido por fallback Open-Meteo;Lluvioso;Sí;No
75°37'12.0''W;4°50'48.0''N;Santa_Rosa_Cabal;6:00:00;14:00:00;15RIEL_;15/03/2026;4.846666667;-75.62;15/03/2026;15/03/2026 6:00;15/03/2026 14:00;15/03/2026;4.84667;-75.62;15/03/2026;Open-Meteo Archive;19.2;14.9;24.5;6;6.7;;;;Dato obtenido por fallback Open-Meteo;Lluvioso;Sí;No
75°37'12.0''W;4°50'48.0''N;Santa_Rosa_Cabal;6:00:00;14:00:00;15RIEL_;15/03/2026;4.846666667;-75.62;15/03/2026;15/03/2026 6:00;15/03/2026 14:00;15/03/2026;4.84667;-75.62;15/03/2026;Open-Meteo Archive;19.2;14.9;24.5;6;6.7;;;;Dato obtenido por fallback Open-Meteo;Lluvioso;Sí;No
75°52'57.2''W;4°13'34.6''N;Sevilla;6:00:00;14:00:00;13SNGER;12/03/2026;4.226277778;-75.88255556;12/03/2026;12/03/2026 6:00;12/03/2026 14:00;12/03/2026;4.22628;-75.88256;12/03/2026;Open-Meteo Archive;15.6;12.1;19.2;8.3;7.3;;;;Dato obtenido por fallback Open-Meteo;Lluvioso;Sí;No
75°52'57.2''W;4°13'34.6''N;Sevilla;6:00:00;14:00:00;13SNGER;12/03/2026;4.226277778;-75.88255556;12/03/2026;12/03/2026 6:00;12/03/2026 14:00;12/03/2026;4.22628;-75.88256;12/03/2026;Open-Meteo Archive;15.6;12.1;19.2;8.3;7.3;;;;Dato obtenido por fallback Open-Meteo;Lluvioso;Sí;No
75°52'57.2''W;4°13'34.6''N;Sevilla;14:00:00;22:00:00;13SNGER;12/03/2026;4.226277778;-75.88255556;12/03/2026;12/03/2026 14:00;12/03/2026 22:00;12/03/2026;4.22628;-75.88256;12/03/2026;Open-Meteo Archive;15.6;12.1;19.2;8.3;7.3;;;;Dato obtenido por fallback Open-Meteo;Lluvioso;Sí;No
75°52'57.2''W;4°13'34.6''N;Sevilla;14:00:00;22:00:00;13SNGER;12/03/2026;4.226277778;-75.88255556;12/03/2026;12/03/2026 14:00;12/03/2026 22:00;12/03/2026;4.22628;-75.88256;12/03/2026;Open-Meteo Archive;15.6;12.1;19.2;8.3;7.3;;;;Dato obtenido por fallback Open-Meteo;Lluvioso;Sí;No
75°52'57.2''W;4°13'34.6''N;Sevilla;6:00:00;14:00:00;13SNGER;13/03/2026;4.226277778;-75.88255556;13/03/2026;13/03/2026 6:00;13/03/2026 14:00;13/03/2026;4.22628;-75.88256;13/03/2026;Open-Meteo Archive;16.8;12.7;22;3.8;7.5;;;;Dato obtenido por fallback Open-Meteo;Lluvioso;Sí;No
75°52'57.2''W;4°13'34.6''N;Sevilla;6:00:00;14:00:00;13SNGER;13/03/2026;4.226277778;-75.88255556;13/03/2026;13/03/2026 6:00;13/03/2026 14:00;13/03/2026;4.22628;-75.88256;13/03/2026;Open-Meteo Archive;16.8;12.7;22;3.8;7.5;;;;Dato obtenido por fallback Open-Meteo;Lluvioso;Sí;No
75°52'57.2''W;4°13'34.6''N;Sevilla;14:00:00;22:00:00;13SNGER;13/03/2026;4.226277778;-75.88255556;13/03/2026;13/03/2026 14:00;13/03/2026 22:00;13/03/2026;4.22628;-75.88256;13/03/2026;Open-Meteo Archive;16.8;12.7;22;3.8;7.5;;;;Dato obtenido por fallback Open-Meteo;Lluvioso;Sí;No
75°52'57.2''W;4°13'34.6''N;Sevilla;14:00:00;22:00:00;13SNGER;13/03/2026;4.226277778;-75.88255556;13/03/2026;13/03/2026 14:00;13/03/2026 22:00;13/03/2026;4.22628;-75.88256;13/03/2026;Open-Meteo Archive;16.8;12.7;22;3.8;7.5;;;;Dato obtenido por fallback Open-Meteo;Lluvioso;Sí;No
76°28'02.8''W;3°45'08.8''N;Vijes;6:00:00;14:00:00;32SNRAF;14/03/2026;3.752444444;-76.46744444;14/03/2026;14/03/2026 6:00;14/03/2026 14:00;14/03/2026;3.75244;-76.46744;14/03/2026;Meteostat Daily;24.2;18;32;1;9.5;1013.9;;;Dato diario obtenido correctamente;Lluvioso;Sí;No
76°28'02.8''W;3°45'08.8''N;Vijes;14:00:00;22:00:00;32SNRAF;14/03/2026;3.752444444;-76.46744444;14/03/2026;14/03/2026 14:00;14/03/2026 22:00;14/03/2026;3.75244;-76.46744;14/03/2026;Meteostat Daily;24.2;18;32;1;9.5;1013.9;;;Dato diario obtenido correctamente;Lluvioso;Sí;No
75°52'57.2''W;4°13'34.6''N;Sevilla;6:00:00;14:00:00;13SNGER;14/03/2026;4.226277778;-75.88255556;14/03/2026;14/03/2026 6:00;14/03/2026 14:00;14/03/2026;4.22628;-75.88256;14/03/2026;Open-Meteo Archive;16.1;11;22.4;4.8;6.4;;;;Dato obtenido por fallback Open-Meteo;Lluvioso;Sí;No
75°52'16.7''W;4°12'48.2''N;Sevilla;6:00:00;14:00:00;13MIMBR;14/03/2026;4.213388889;-75.87130556;14/03/2026;14/03/2026 6:00;14/03/2026 14:00;14/03/2026;4.21339;-75.87131;14/03/2026;Open-Meteo Archive;15;9.9;21.2;1.3;7.8;;;;Dato obtenido por fallback Open-Meteo;Lluvioso;Sí;No
75°52'57.2''W;4°13'34.6''N;Sevilla;14:00:00;22:00:00;13SNGER;14/03/2026;4.226277778;-75.88255556;14/03/2026;14/03/2026 14:00;14/03/2026 22:00;14/03/2026;4.22628;-75.88256;14/03/2026;Open-Meteo Archive;16.1;11;22.4;4.8;6.4;;;;Dato obtenido por fallback Open-Meteo;Lluvioso;Sí;No
75°50'56.1''W;4°11'30.4''N;Sevilla;14:00:00;22:00:00;13MARAC;14/03/2026;4.191777778;-75.84891667;14/03/2026;14/03/2026 14:00;14/03/2026 22:00;14/03/2026;4.19178;-75.84892;14/03/2026;Open-Meteo Archive;15.7;10.6;21.9;1.3;7.8;;;;Dato obtenido por fallback Open-Meteo;Lluvioso;Sí;No
76°28'02.8''W;3°45'08.8''N;Vijes;6:00:00;14:00:00;32SNRAF;15/03/2026;3.752444444;-76.46744444;15/03/2026;15/03/2026 6:00;15/03/2026 14:00;15/03/2026;3.75244;-76.46744;15/03/2026;Meteostat Daily;25.2;20;32;0.1;9.3;1013;;;Dato diario obtenido correctamente;Lluvioso;Sí;No
76°25'45.2''W;4°02'52.2''N;Riofrio;6:00:00;14:00:00;31PALES;13/03/2026;4.047833333;-76.42922222;13/03/2026;13/03/2026 6:00;13/03/2026 14:00;13/03/2026;4.04783;-76.42922;13/03/2026;Open-Meteo Archive;15.9;11.6;20.8;3.9;10.5;;;;Dato obtenido por fallback Open-Meteo;Lluvioso;Sí;No
76°25'45.2''W;4°02'52.2''N;Riofrio;14:00:00;22:00:00;31PALES;13/03/2026;4.047833333;-76.42922222;13/03/2026;13/03/2026 14:00;13/03/2026 22:00;13/03/2026;4.04783;-76.42922;13/03/2026;Open-Meteo Archive;15.9;11.6;20.8;3.9;10.5;;;;Dato obtenido por fallback Open-Meteo;Lluvioso;Sí;No
76°24'26.8''W;4°04'11.9''N;Riofrio;14:00:00;22:00:00;31GRACI;14/03/2026;4.069972222;-76.40744444;14/03/2026;14/03/2026 14:00;14/03/2026 22:00;14/03/2026;4.06997;-76.40744;14/03/2026;Open-Meteo Archive;17.2;13.6;22;3.7;9.5;;;;Dato obtenido por fallback Open-Meteo;Lluvioso;Sí;No
76°24'26.8''W;4°04'11.9''N;Riofrio;6:00:00;14:00:00;31GRACI;14/03/2026;4.069972222;-76.40744444;14/03/2026;14/03/2026 6:00;14/03/2026 14:00;14/03/2026;4.06997;-76.40744;14/03/2026;Open-Meteo Archive;17.2;13.6;22;3.7;9.5;;;;Dato obtenido por fallback Open-Meteo;Lluvioso;Sí;No
76°24'26.8''W;4°04'11.9''N;Riofrio;6:00:00;14:00:00;31GRACI;15/03/2026;4.069972222;-76.40744444;15/03/2026;15/03/2026 6:00;15/03/2026 14:00;15/03/2026;4.06997;-76.40744;15/03/2026;Open-Meteo Archive;18.1;14.2;22.2;2.4;10.1;;;;Dato obtenido por fallback Open-Meteo;Lluvioso;Sí;No
76°15'47.6''W;4°25'33.3''N;Bolivar;6:00:00;14:00:00;35PLAYA;16/03/2026;4.425916667;-76.26322222;16/03/2026;16/03/2026 6:00;16/03/2026 14:00;16/03/2026;4.42592;-76.26322;16/03/2026;Open-Meteo Archive;16.8;14;22.3;2.5;12.6;;;;Dato obtenido por fallback Open-Meteo;Lluvioso;Sí;No
76°15'47.6''W;4°25'33.3''N;Bolivar;6:00:00;14:00:00;35PLAYA;15/03/2026;4.425916667;-76.26322222;15/03/2026;15/03/2026 6:00;15/03/2026 14:00;15/03/2026;4.42592;-76.26322;15/03/2026;Open-Meteo Archive;16.3;13.9;21;2.1;12.2;;;;Dato obtenido por fallback Open-Meteo;Lluvioso;Sí;No
76°15'47.6''W;4°25'33.3''N;Bolivar;14:00:00;22:00:00;35PLAYA;14/03/2026;4.425916667;-76.26322222;14/03/2026;14/03/2026 14:00;14/03/2026 22:00;14/03/2026;4.42592;-76.26322;14/03/2026;Open-Meteo Archive;15.7;13.8;19.1;2.7;11.7;;;;Dato obtenido por fallback Open-Meteo;Lluvioso;Sí;No
76°15'47.6''W;4°25'33.3''N;Bolivar;14:00:00;22:00:00;35PLAYA;13/03/2026;4.425916667;-76.26322222;13/03/2026;13/03/2026 14:00;13/03/2026 22:00;13/03/2026;4.42592;-76.26322;13/03/2026;Open-Meteo Archive;15.7;12;21.5;1.2;11.1;;;;Dato obtenido por fallback Open-Meteo;Lluvioso;Sí;No
76°15'47.6''W;4°25'33.3''N;Bolivar;6:00:00;14:00:00;35PLAYA;13/03/2026;4.425916667;-76.26322222;13/03/2026;13/03/2026 6:00;13/03/2026 14:00;13/03/2026;4.42592;-76.26322;13/03/2026;Open-Meteo Archive;15.7;12;21.5;1.2;11.1;;;;Dato obtenido por fallback Open-Meteo;Lluvioso;Sí;No
76°31'18.7''W;3°03'37.9''N;Santander_Quilichao;6:00:00;14:00:00;25QUIRA;16/03/2026;3.060527778;-76.52186111;16/03/2026;16/03/2026 6:00;16/03/2026 14:00;16/03/2026;3.06053;-76.52186;16/03/2026;Open-Meteo Archive;23.8;19.3;29.7;0.5;11.4;;;;Dato obtenido por fallback Open-Meteo;Lluvioso;Sí;No
76°24'26.8''W;4°04'11.9''N;Riofrio;14:00:00;22:00:00;31GRACI;16/03/2026;4.069972222;-76.40744444;16/03/2026;16/03/2026 14:00;16/03/2026 22:00;16/03/2026;4.06997;-76.40744;16/03/2026;Open-Meteo Archive;18.8;15;23.7;0.2;10.4;;;;Dato obtenido por fallback Open-Meteo;Lluvioso;Sí;No
76°24'26.8''W;4°04'11.9''N;Riofrio;6:00:00;14:00:00;31GRACI;16/03/2026;4.069972222;-76.40744444;16/03/2026;16/03/2026 6:00;16/03/2026 14:00;16/03/2026;4.06997;-76.40744;16/03/2026;Open-Meteo Archive;18.8;15;23.7;0.2;10.4;;;;Dato obtenido por fallback Open-Meteo;Lluvioso;Sí;No
76°31'18.7''W;3°03'37.9''N;Santander_Quilichao;14:00:00;22:00:00;25QUIRA;15/03/2026;3.060527778;-76.52186111;15/03/2026;15/03/2026 14:00;15/03/2026 22:00;15/03/2026;3.06053;-76.52186;15/03/2026;Open-Meteo Archive;23.1;18;29.4;0.1;11.4;;;;Dato obtenido por fallback Open-Meteo;Lluvioso;Sí;No
76°31'18.7''W;3°03'37.9''N;Santander_Quilichao;6:00:00;14:00:00;25QUIRA;15/03/2026;3.060527778;-76.52186111;15/03/2026;15/03/2026 6:00;15/03/2026 14:00;15/03/2026;3.06053;-76.52186;15/03/2026;Open-Meteo Archive;23.1;18;29.4;0.1;11.4;;;;Dato obtenido por fallback Open-Meteo;Lluvioso;Sí;No
76°24'26.8''W;4°04'11.9''N;Riofrio;14:00:00;22:00:00;31GRACI;15/03/2026;4.069972222;-76.40744444;15/03/2026;15/03/2026 14:00;15/03/2026 22:00;15/03/2026;4.06997;-76.40744;15/03/2026;Open-Meteo Archive;18.1;14.2;22.2;2.4;10.1;;;;Dato obtenido por fallback Open-Meteo;Lluvioso;Sí;No
76°31'18.7''W;3°03'37.9''N;Santander_Quilichao;14:00:00;22:00:00;25QUIRA;14/03/2026;3.060527778;-76.52186111;14/03/2026;14/03/2026 14:00;14/03/2026 22:00;14/03/2026;3.06053;-76.52186;14/03/2026;Open-Meteo Archive;22.7;18.3;28.5;0;12.6;;;;Dato obtenido por fallback Open-Meteo;Seco;No;No
76°31'18.7''W;3°03'37.9''N;Santander_Quilichao;6:00:00;14:00:00;25QUIRA;14/03/2026;3.060527778;-76.52186111;14/03/2026;14/03/2026 6:00;14/03/2026 14:00;14/03/2026;3.06053;-76.52186;14/03/2026;Open-Meteo Archive;22.7;18.3;28.5;0;12.6;;;;Dato obtenido por fallback Open-Meteo;Seco;No;No
76°31'18.7''W;3°03'37.9''N;Santander_Quilichao;14:00:00;22:00:00;25QUIRA;13/03/2026;3.060527778;-76.52186111;13/03/2026;13/03/2026 14:00;13/03/2026 22:00;13/03/2026;3.06053;-76.52186;13/03/2026;Open-Meteo Archive;22.5;17.5;28.7;0;9.9;;;;Dato obtenido por fallback Open-Meteo;Seco;No;No
76°31'18.7''W;3°03'37.9''N;Santander_Quilichao;6:00:00;14:00:00;25QUIRA;13/03/2026;3.060527778;-76.52186111;13/03/2026;13/03/2026 6:00;13/03/2026 14:00;13/03/2026;3.06053;-76.52186;13/03/2026;Open-Meteo Archive;22.5;17.5;28.7;0;9.9;;;;Dato obtenido por fallback Open-Meteo;Seco;No;No
76°34'23.0''W;3°41'39.8''N;Cumbre;14:00:00;22:00:00;32PORRA;16/03/2026;3.694388889;-76.57305556;16/03/2026;16/03/2026 14:00;16/03/2026 22:00;16/03/2026;3.69439;-76.57306;16/03/2026;Meteostat Daily;25.2;19;33;0.3;9.3;1012.5;;;Dato diario obtenido correctamente;Lluvioso;Sí;No
76°34'23.0''W;3°41'39.8''N;Cumbre;6:00:00;14:00:00;32PORRA;16/03/2026;3.694388889;-76.57305556;16/03/2026;16/03/2026 6:00;16/03/2026 14:00;16/03/2026;3.69439;-76.57306;16/03/2026;Meteostat Daily;25.2;19;33;0.3;9.3;1012.5;;;Dato diario obtenido correctamente;Lluvioso;Sí;No
76°34'23.0''W;3°41'39.8''N;Cumbre;6:00:00;14:00:00;32PORRA;16/03/2026;3.694388889;-76.57305556;16/03/2026;16/03/2026 6:00;16/03/2026 14:00;16/03/2026;3.69439;-76.57306;16/03/2026;Meteostat Daily;25.2;19;33;0.3;9.3;1012.5;;;Dato diario obtenido correctamente;Lluvioso;Sí;No
76°34'23.0''W;3°41'39.8''N;Cumbre;6:00:00;14:00:00;32PORRA;15/03/2026;3.694388889;-76.57305556;15/03/2026;15/03/2026 6:00;15/03/2026 14:00;15/03/2026;3.69439;-76.57306;15/03/2026;Meteostat Daily;25.2;20;32;0.1;9.3;1013;;;Dato diario obtenido correctamente;Lluvioso;Sí;No
76°34'23.0''W;3°41'39.8''N;Cumbre;6:00:00;14:00:00;32PORRA;15/03/2026;3.694388889;-76.57305556;15/03/2026;15/03/2026 6:00;15/03/2026 14:00;15/03/2026;3.69439;-76.57306;15/03/2026;Meteostat Daily;25.2;20;32;0.1;9.3;1013;;;Dato diario obtenido correctamente;Lluvioso;Sí;No
75°37'12.0''W;4°50'48.0''N;Santa_Rosa_Cabal;14:00:00;22:00:00;15RIEL_;15/03/2026;4.846666667;-75.62;15/03/2026;15/03/2026 14:00;15/03/2026 22:00;15/03/2026;4.84667;-75.62;15/03/2026;Open-Meteo Archive;19.2;14.9;24.5;6;6.7;;;;Dato obtenido por fallback Open-Meteo;Lluvioso;Sí;No
75°37'12.0''W;4°50'48.0''N;Santa_Rosa_Cabal;14:00:00;22:00:00;15RIEL_;15/03/2026;4.846666667;-75.62;15/03/2026;15/03/2026 14:00;15/03/2026 22:00;15/03/2026;4.84667;-75.62;15/03/2026;Open-Meteo Archive;19.2;14.9;24.5;6;6.7;;;;Dato obtenido por fallback Open-Meteo;Lluvioso;Sí;No
76°28'02.8''W;3°45'08.8''N;Vijes;6:00:00;14:00:00;32SNRAF;16/03/2026;3.752444444;-76.46744444;16/03/2026;16/03/2026 6:00;16/03/2026 14:00;16/03/2026;3.75244;-76.46744;16/03/2026;Meteostat Daily;25.2;19;33;0.3;9.3;1012.5;;;Dato diario obtenido correctamente;Lluvioso;Sí;No
76°28'02.8''W;3°45'08.8''N;Vijes;14:00:00;22:00:00;32SNRAF;16/03/2026;3.752444444;-76.46744444;16/03/2026;16/03/2026 14:00;16/03/2026 22:00;16/03/2026;3.75244;-76.46744;16/03/2026;Meteostat Daily;25.2;19;33;0.3;9.3;1012.5;;;Dato diario obtenido correctamente;Lluvioso;Sí;No
75°50'56.1''W;4°11'30.4''N;Sevilla;14:00:00;22:00:00;13MARAC;15/03/2026;4.191777778;-75.84891667;15/03/2026;15/03/2026 14:00;15/03/2026 22:00;15/03/2026;4.19178;-75.84892;15/03/2026;Open-Meteo Archive;16.3;10.1;22.9;0.2;8.4;;;;Dato obtenido por fallback Open-Meteo;Lluvioso;Sí;No
75°50'56.1''W;4°11'30.4''N;Sevilla;6:00:00;14:00:00;13MARAC;15/03/2026;4.191777778;-75.84891667;15/03/2026;15/03/2026 6:00;15/03/2026 14:00;15/03/2026;4.19178;-75.84892;15/03/2026;Open-Meteo Archive;16.3;10.1;22.9;0.2;8.4;;;;Dato obtenido por fallback Open-Meteo;Lluvioso;Sí;No
75°52'57.2''W;4°13'34.6''N;Sevilla;14:00:00;22:00:00;13SNGER;15/03/2026;4.226277778;-75.88255556;15/03/2026;15/03/2026 14:00;15/03/2026 22:00;15/03/2026;4.22628;-75.88256;15/03/2026;Open-Meteo Archive;17.1;10.9;22.8;2.3;10.5;;;;Dato obtenido por fallback Open-Meteo;Lluvioso;Sí;No
75°52'57.2''W;4°13'34.6''N;Sevilla;6:00:00;14:00:00;13SNGER;15/03/2026;4.226277778;-75.88255556;15/03/2026;15/03/2026 6:00;15/03/2026 14:00;15/03/2026;4.22628;-75.88256;15/03/2026;Open-Meteo Archive;17.1;10.9;22.8;2.3;10.5;;;;Dato obtenido por fallback Open-Meteo;Lluvioso;Sí;No
76°28'02.8''W;3°45'08.8''N;Vijes;14:00:00;22:00:00;32SNRAF;15/03/2026;3.752444444;-76.46744444;15/03/2026;15/03/2026 14:00;15/03/2026 22:00;15/03/2026;3.75244;-76.46744;15/03/2026;Meteostat Daily;25.2;20;32;0.1;9.3;1013;;;Dato diario obtenido correctamente;Lluvioso;Sí;No
76°31'18.7''W;3°03'37.9''N;Santander_Quilichao;14:00:00;22:00:00;25QUIRA;17/03/2026;3.060527778;-76.52186111;17/03/2026;17/03/2026 14:00;17/03/2026 22:00;17/03/2026;3.06053;-76.52186;17/03/2026;Open-Meteo Archive;22.3;19.2;27.8;6.9;13.4;;;;Dato obtenido por fallback Open-Meteo;Lluvioso;Sí;No
76°24'26.8''W;4°04'11.9''N;Riofrio;6:00:00;14:00:00;31GRACI;17/03/2026;4.069972222;-76.40744444;17/03/2026;17/03/2026 6:00;17/03/2026 14:00;17/03/2026;4.06997;-76.40744;17/03/2026;Open-Meteo Archive;17.1;15.2;20.8;41.3;8.1;;;;Dato obtenido por fallback Open-Meteo;Lluvioso;Sí;No
76°24'26.8''W;4°04'11.9''N;Riofrio;14:00:00;22:00:00;31GRACI;17/03/2026;4.069972222;-76.40744444;17/03/2026;17/03/2026 14:00;17/03/2026 22:00;17/03/2026;4.06997;-76.40744;17/03/2026;Open-Meteo Archive;17.1;15.2;20.8;41.3;8.1;;;;Dato obtenido por fallback Open-Meteo;Lluvioso;Sí;No
76°31'18.7''W;3°03'37.9''N;Santander_Quilichao;6:00:00;14:00:00;25QUIRA;17/03/2026;3.060527778;-76.52186111;17/03/2026;17/03/2026 6:00;17/03/2026 14:00;17/03/2026;3.06053;-76.52186;17/03/2026;Open-Meteo Archive;22.3;19.2;27.8;6.9;13.4;;;;Dato obtenido por fallback Open-Meteo;Lluvioso;Sí;No
76°31'18.7''W;3°03'37.9''N;Santander_Quilichao;14:00:00;22:00:00;25QUIRA;18/03/2026;3.060527778;-76.52186111;18/03/2026;18/03/2026 14:00;18/03/2026 22:00;18/03/2026;3.06053;-76.52186;18/03/2026;Open-Meteo Archive;20.7;17.7;25.1;16.9;11.7;;;;Dato obtenido por fallback Open-Meteo;Lluvioso;Sí;No
76°24'26.8''W;4°04'11.9''N;Riofrio;14:00:00;22:00:00;31GRACI;18/03/2026;4.069972222;-76.40744444;18/03/2026;18/03/2026 14:00;18/03/2026 22:00;18/03/2026;4.06997;-76.40744;18/03/2026;Open-Meteo Archive;15;12.5;17.1;36;6;;;;Dato obtenido por fallback Open-Meteo;Lluvioso;Sí;No
76°31'18.7''W;3°03'37.9''N;Santander_Quilichao;6:00:00;14:00:00;25QUIRA;18/03/2026;3.060527778;-76.52186111;18/03/2026;18/03/2026 6:00;18/03/2026 14:00;18/03/2026;3.06053;-76.52186;18/03/2026;Open-Meteo Archive;20.7;17.7;25.1;16.9;11.7;;;;Dato obtenido por fallback Open-Meteo;Lluvioso;Sí;No
76°24'26.8''W;4°04'11.9''N;Riofrio;6:00:00;14:00:00;31GRACI;18/03/2026;4.069972222;-76.40744444;18/03/2026;18/03/2026 6:00;18/03/2026 14:00;18/03/2026;4.06997;-76.40744;18/03/2026;Open-Meteo Archive;15;12.5;17.1;36;6;;;;Dato obtenido por fallback Open-Meteo;Lluvioso;Sí;No
76°34'23.0''W;3°41'39.8''N;Cumbre;14:00:00;22:00:00;32PORRA;18/03/2026;3.694388889;-76.57305556;18/03/2026;18/03/2026 14:00;18/03/2026 22:00;18/03/2026;3.69439;-76.57306;18/03/2026;Meteostat Daily;23;19;29;18.5;7.2;1016.5;;;Dato diario obtenido correctamente;Lluvioso;Sí;No
76°34'23.0''W;3°41'39.8''N;Cumbre;6:00:00;14:00:00;32PORRA;18/03/2026;3.694388889;-76.57305556;18/03/2026;18/03/2026 6:00;18/03/2026 14:00;18/03/2026;3.69439;-76.57306;18/03/2026;Meteostat Daily;23;19;29;18.5;7.2;1016.5;;;Dato diario obtenido correctamente;Lluvioso;Sí;No
76°16'44.2''W;4°24'52.3''N;Bolivar;14:00:00;22:00:00;35PLACE;17/03/2026;4.414527778;-76.27894444;17/03/2026;17/03/2026 14:00;17/03/2026 22:00;17/03/2026;4.41453;-76.27894;17/03/2026;Open-Meteo Archive;15.8;14.4;18.4;15.6;13.7;;;;Dato obtenido por fallback Open-Meteo;Lluvioso;Sí;No
76°16'08.8''W;4°26'03.0''N;Bolivar;6:00:00;14:00:00;35ALEJA;17/03/2026;4.434166667;-76.26911111;17/03/2026;17/03/2026 6:00;17/03/2026 14:00;17/03/2026;4.43417;-76.26911;17/03/2026;Open-Meteo Archive;14.4;13.2;17.3;28.8;12.4;;;;Dato obtenido por fallback Open-Meteo;Lluvioso;Sí;No
76°34'23.0''W;3°41'39.8''N;Cumbre;6:00:00;14:00:00;32PORRA;17/03/2026;3.694388889;-76.57305556;17/03/2026;17/03/2026 6:00;17/03/2026 14:00;17/03/2026;3.69439;-76.57306;17/03/2026;Meteostat Daily;25.1;20;31;5.3;10.4;1014.2;;;Dato diario obtenido correctamente;Lluvioso;Sí;No
76°34'23.0''W;3°41'39.8''N;Cumbre;6:00:00;14:00:00;32PORRA;17/03/2026;3.694388889;-76.57305556;17/03/2026;17/03/2026 6:00;17/03/2026 14:00;17/03/2026;3.69439;-76.57306;17/03/2026;Meteostat Daily;25.1;20;31;5.3;10.4;1014.2;;;Dato diario obtenido correctamente;Lluvioso;Sí;No
76°34'23.0''W;3°41'39.8''N;Cumbre;14:00:00;22:00:00;32PORRA;17/03/2026;3.694388889;-76.57305556;17/03/2026;17/03/2026 14:00;17/03/2026 22:00;17/03/2026;3.69439;-76.57306;17/03/2026;Meteostat Daily;25.1;20;31;5.3;10.4;1014.2;;;Dato diario obtenido correctamente;Lluvioso;Sí;No
76°15'47.6''W;4°25'33.3''N;Bolivar;14:00:00;22:00:00;35PLAYA;16/03/2026;4.425916667;-76.26322222;16/03/2026;16/03/2026 14:00;16/03/2026 22:00;16/03/2026;4.42592;-76.26322;16/03/2026;Open-Meteo Archive;16.8;14;22.3;2.5;12.6;;;;Dato obtenido por fallback Open-Meteo;Lluvioso;Sí;No
76°15'47.6''W;4°25'33.3''N;Bolivar;6:00:00;14:00:00;35PLAYA;16/03/2026;4.425916667;-76.26322222;16/03/2026;16/03/2026 6:00;16/03/2026 14:00;16/03/2026;4.42592;-76.26322;16/03/2026;Open-Meteo Archive;16.8;14;22.3;2.5;12.6;;;;Dato obtenido por fallback Open-Meteo;Lluvioso;Sí;No
75°37'12.0''W;4°50'48.0''N;Santa_Rosa_Cabal;6:00:00;14:00:00;15RIEL_;16/03/2026;4.846666667;-75.62;16/03/2026;16/03/2026 6:00;16/03/2026 14:00;16/03/2026;4.84667;-75.62;16/03/2026;Open-Meteo Archive;20;14.8;25.9;2.8;8.5;;;;Dato obtenido por fallback Open-Meteo;Lluvioso;Sí;No
75°37'12.0''W;4°50'48.0''N;Santa_Rosa_Cabal;6:00:00;14:00:00;15RIEL_;16/03/2026;4.846666667;-75.62;16/03/2026;16/03/2026 6:00;16/03/2026 14:00;16/03/2026;4.84667;-75.62;16/03/2026;Open-Meteo Archive;20;14.8;25.9;2.8;8.5;;;;Dato obtenido por fallback Open-Meteo;Lluvioso;Sí;No
75°37'12.0''W;4°50'48.0''N;Santa_Rosa_Cabal;14:00:00;22:00:00;15RIEL_;16/03/2026;4.846666667;-75.62;16/03/2026;16/03/2026 14:00;16/03/2026 22:00;16/03/2026;4.84667;-75.62;16/03/2026;Open-Meteo Archive;20;14.8;25.9;2.8;8.5;;;;Dato obtenido por fallback Open-Meteo;Lluvioso;Sí;No
75°37'12.0''W;4°50'48.0''N;Santa_Rosa_Cabal;14:00:00;22:00:00;15RIEL_;16/03/2026;4.846666667;-75.62;16/03/2026;16/03/2026 14:00;16/03/2026 22:00;16/03/2026;4.84667;-75.62;16/03/2026;Open-Meteo Archive;20;14.8;25.9;2.8;8.5;;;;Dato obtenido por fallback Open-Meteo;Lluvioso;Sí;No
75°37'12.0''W;4°50'48.0''N;Santa_Rosa_Cabal;6:00:00;14:00:00;15RIEL_;17/03/2026;4.846666667;-75.62;17/03/2026;17/03/2026 6:00;17/03/2026 14:00;17/03/2026;4.84667;-75.62;17/03/2026;Imputado por fecha;22.3;19.2;27.8;6.9;10.4;1014.2;0;;No se encontró dato climático. Open-Meteo: HTTPSConnectionPool(host='archive-api.open-meteo.com', port=443): Read timed out. (read timeout=30);Lluvioso;Sí;Sí
75°37'12.0''W;4°50'48.0''N;Santa_Rosa_Cabal;14:00:00;22:00:00;15RIEL_;17/03/2026;4.846666667;-75.62;17/03/2026;17/03/2026 14:00;17/03/2026 22:00;17/03/2026;4.84667;-75.62;17/03/2026;Imputado por fecha;22.3;19.2;27.8;6.9;10.4;1014.2;0;;No se encontró dato climático. Open-Meteo: HTTPSConnectionPool(host='archive-api.open-meteo.com', port=443): Read timed out. (read timeout=30);Lluvioso;Sí;Sí
75°37'12.0''W;4°50'48.0''N;Santa_Rosa_Cabal;14:00:00;22:00:00;15RIEL_;17/03/2026;4.846666667;-75.62;17/03/2026;17/03/2026 14:00;17/03/2026 22:00;17/03/2026;4.84667;-75.62;17/03/2026;Imputado por fecha;22.3;19.2;27.8;6.9;10.4;1014.2;0;;No se encontró dato climático. Open-Meteo: HTTPSConnectionPool(host='archive-api.open-meteo.com', port=443): Read timed out. (read timeout=30);Lluvioso;Sí;Sí
76°16'44.2''W;4°24'52.3''N;Bolivar;6:00:00;14:00:00;35PLACE;18/03/2026;4.414527778;-76.27894444;18/03/2026;18/03/2026 6:00;18/03/2026 14:00;18/03/2026;4.41453;-76.27894;18/03/2026;Open-Meteo Archive;15;13;19.1;3.7;10.7;;;;Dato obtenido por fallback Open-Meteo;Lluvioso;Sí;No
76°16'44.2''W;4°24'52.3''N;Bolivar;14:00:00;22:00:00;35PLACE;18/03/2026;4.414527778;-76.27894444;18/03/2026;18/03/2026 14:00;18/03/2026 22:00;18/03/2026;4.41453;-76.27894;18/03/2026;Open-Meteo Archive;15;13;19.1;3.7;10.7;;;;Dato obtenido por fallback Open-Meteo;Lluvioso;Sí;No
75°37'12.0''W;4°50'48.0''N;Santa_Rosa_Cabal;14:00:00;22:00:00;15RIEL_;18/03/2026;4.846666667;-75.62;18/03/2026;18/03/2026 14:00;18/03/2026 22:00;18/03/2026;4.84667;-75.62;18/03/2026;Open-Meteo Archive;16.6;13.8;20.8;20.1;7.5;;;;Dato obtenido por fallback Open-Meteo;Lluvioso;Sí;No
76°16'44.2''W;4°24'52.3''N;Bolivar;6:00:00;14:00:00;35PLACE;19/03/2026;4.414527778;-76.27894444;19/03/2026;19/03/2026 6:00;19/03/2026 14:00;19/03/2026;4.41453;-76.27894;19/03/2026;Open-Meteo Archive;15.5;11;20.5;0.7;13.2;;;;Dato obtenido por fallback Open-Meteo;Lluvioso;Sí;No
76°24'26.8''W;4°04'11.9''N;Riofrio;14:00:00;22:00:00;31GRACI;19/03/2026;4.069972222;-76.40744444;19/03/2026;19/03/2026 14:00;19/03/2026 22:00;19/03/2026;4.06997;-76.40744;19/03/2026;Open-Meteo Archive;15.6;10.2;21;3.7;8.6;;;;Dato obtenido por fallback Open-Meteo;Lluvioso;Sí;No
76°31'18.7''W;3°03'37.9''N;Santander_Quilichao;14:00:00;22:00:00;25QUIRA;19/03/2026;3.060527778;-76.52186111;19/03/2026;19/03/2026 14:00;19/03/2026 22:00;19/03/2026;3.06053;-76.52186;19/03/2026;Open-Meteo Archive;22;16.1;28.1;0;11.1;;;;Dato obtenido por fallback Open-Meteo;Seco;No;No
76°31'18.7''W;3°03'37.9''N;Santander_Quilichao;6:00:00;14:00:00;25QUIRA;19/03/2026;3.060527778;-76.52186111;19/03/2026;19/03/2026 6:00;19/03/2026 14:00;19/03/2026;3.06053;-76.52186;19/03/2026;Open-Meteo Archive;22;16.1;28.1;0;11.1;;;;Dato obtenido por fallback Open-Meteo;Seco;No;No
76°24'26.8''W;4°04'11.9''N;Riofrio;6:00:00;14:00:00;31GRACI;19/03/2026;4.069972222;-76.40744444;19/03/2026;19/03/2026 6:00;19/03/2026 14:00;19/03/2026;4.06997;-76.40744;19/03/2026;Open-Meteo Archive;15.6;10.2;21;3.7;8.6;;;;Dato obtenido por fallback Open-Meteo;Lluvioso;Sí;No
75°52'57.2''W;4°13'34.6''N;Sevilla;6:00:00;14:00:00;13SNGER;19/03/2026;4.226277778;-75.88255556;19/03/2026;19/03/2026 6:00;19/03/2026 14:00;19/03/2026;4.22628;-75.88256;19/03/2026;Open-Meteo Archive;15.8;9.5;21.8;1.9;6.7;;;;Dato obtenido por fallback Open-Meteo;Lluvioso;Sí;No
75°52'57.2''W;4°13'34.6''N;Sevilla;14:00:00;22:00:00;13SNGER;19/03/2026;4.226277778;-75.88255556;19/03/2026;19/03/2026 14:00;19/03/2026 22:00;19/03/2026;4.22628;-75.88256;19/03/2026;Open-Meteo Archive;15.8;9.5;21.8;1.9;6.7;;;;Dato obtenido por fallback Open-Meteo;Lluvioso;Sí;No
75°50'56.1''W;4°11'30.4''N;Sevilla;6:00:00;14:00:00;13MARAC;19/03/2026;4.191777778;-75.84891667;19/03/2026;19/03/2026 6:00;19/03/2026 14:00;19/03/2026;4.19178;-75.84892;19/03/2026;Open-Meteo Archive;14.9;9.5;20.8;0.8;6.6;;;;Dato obtenido por fallback Open-Meteo;Lluvioso;Sí;No
75°50'56.1''W;4°11'30.4''N;Sevilla;14:00:00;22:00:00;13MARAC;19/03/2026;4.191777778;-75.84891667;19/03/2026;19/03/2026 14:00;19/03/2026 22:00;19/03/2026;4.19178;-75.84892;19/03/2026;Open-Meteo Archive;14.9;9.5;20.8;0.8;6.6;;;;Dato obtenido por fallback Open-Meteo;Lluvioso;Sí;No
75°50'56.1''W;4°11'30.4''N;Sevilla;6:00:00;14:00:00;13MARAC;19/03/2026;4.191777778;-75.84891667;19/03/2026;19/03/2026 6:00;19/03/2026 14:00;19/03/2026;4.19178;-75.84892;19/03/2026;Open-Meteo Archive;14.9;9.5;20.8;0.8;6.6;;;;Dato obtenido por fallback Open-Meteo;Lluvioso;Sí;No
75°50'56.1''W;4°11'30.4''N;Sevilla;14:00:00;22:00:00;13MARAC;19/03/2026;4.191777778;-75.84891667;19/03/2026;19/03/2026 14:00;19/03/2026 22:00;19/03/2026;4.19178;-75.84892;19/03/2026;Open-Meteo Archive;14.9;9.5;20.8;0.8;6.6;;;;Dato obtenido por fallback Open-Meteo;Lluvioso;Sí;No
76°28'02.8''W;3°45'08.8''N;Vijes;6:00:00;14:00:00;32SNRAF;19/03/2026;3.752444444;-76.46744444;19/03/2026;19/03/2026 6:00;19/03/2026 14:00;19/03/2026;3.75244;-76.46744;19/03/2026;Meteostat Daily;23.9;17;32;0;7.8;;;;Dato diario obtenido correctamente;Seco;No;No
76°24'26.8''W;4°04'11.9''N;Riofrio;6:00:00;14:00:00;31GRACI;19/03/2026;4.069972222;-76.40744444;19/03/2026;19/03/2026 6:00;19/03/2026 14:00;19/03/2026;4.06997;-76.40744;19/03/2026;Open-Meteo Archive;15.6;10.2;21;3.7;8.6;;;;Dato obtenido por fallback Open-Meteo;Lluvioso;Sí;No
76°31'18.7''W;3°03'37.9''N;Santander_Quilichao;14:00:00;22:00:00;25QUIRA;20/03/2026;3.060527778;-76.52186111;20/03/2026;20/03/2026 14:00;20/03/2026 22:00;20/03/2026;3.06053;-76.52186;20/03/2026;Open-Meteo Archive;22;16.9;28.2;0.5;8.2;;;;Dato obtenido por fallback Open-Meteo;Lluvioso;Sí;No
76°24'26.8''W;4°04'11.9''N;Riofrio;14:00:00;22:00:00;31GRACI;20/03/2026;4.069972222;-76.40744444;20/03/2026;20/03/2026 14:00;20/03/2026 22:00;20/03/2026;4.06997;-76.40744;20/03/2026;Open-Meteo Archive;16.6;11.7;21.6;3.3;7.8;;;;Dato obtenido por fallback Open-Meteo;Lluvioso;Sí;No
76°31'18.7''W;3°03'37.9''N;Santander_Quilichao;6:00:00;14:00:00;25QUIRA;20/03/2026;3.060527778;-76.52186111;20/03/2026;20/03/2026 6:00;20/03/2026 14:00;20/03/2026;3.06053;-76.52186;20/03/2026;Open-Meteo Archive;22;16.9;28.2;0.5;8.2;;;;Dato obtenido por fallback Open-Meteo;Lluvioso;Sí;No
76°31'18.7''W;3°03'37.9''N;Santander_Quilichao;14:00:00;22:00:00;25QUIRA;21/03/2026;3.060527778;-76.52186111;21/03/2026;21/03/2026 14:00;21/03/2026 22:00;21/03/2026;3.06053;-76.52186;21/03/2026;Open-Meteo Archive;22.1;16.9;27.8;0.4;12.8;;;;Dato obtenido por fallback Open-Meteo;Lluvioso;Sí;No
76°24'26.8''W;4°04'11.9''N;Riofrio;6:00:00;14:00:00;31GRACI;21/03/2026;4.069972222;-76.40744444;21/03/2026;21/03/2026 6:00;21/03/2026 14:00;21/03/2026;4.06997;-76.40744;21/03/2026;Open-Meteo Archive;16.7;13.4;21.2;4.2;8.1;;;;Dato obtenido por fallback Open-Meteo;Lluvioso;Sí;No
76°24'26.8''W;4°04'11.9''N;Riofrio;14:00:00;22:00:00;31GRACI;21/03/2026;4.069972222;-76.40744444;21/03/2026;21/03/2026 14:00;21/03/2026 22:00;21/03/2026;4.06997;-76.40744;21/03/2026;Open-Meteo Archive;16.7;13.4;21.2;4.2;8.1;;;;Dato obtenido por fallback Open-Meteo;Lluvioso;Sí;No
76°31'18.7''W;3°03'37.9''N;Santander_Quilichao;6:00:00;14:00:00;25QUIRA;21/03/2026;3.060527778;-76.52186111;21/03/2026;21/03/2026 6:00;21/03/2026 14:00;21/03/2026;3.06053;-76.52186;21/03/2026;Open-Meteo Archive;22.1;16.9;27.8;0.4;12.8;;;;Dato obtenido por fallback Open-Meteo;Lluvioso;Sí;No
76°24'26.8''W;4°04'11.9''N;Riofrio;6:00:00;14:00:00;31GRACI;22/03/2026;4.069972222;-76.40744444;22/03/2026;22/03/2026 6:00;22/03/2026 14:00;22/03/2026;4.06997;-76.40744;22/03/2026;Open-Meteo Archive;17.5;14.2;22.5;1.8;11.4;;;;Dato obtenido por fallback Open-Meteo;Lluvioso;Sí;No
76°24'26.8''W;4°04'11.9''N;Riofrio;14:00:00;22:00:00;31GRACI;22/03/2026;4.069972222;-76.40744444;22/03/2026;22/03/2026 14:00;22/03/2026 22:00;22/03/2026;4.06997;-76.40744;22/03/2026;Open-Meteo Archive;17.5;14.2;22.5;1.8;11.4;;;;Dato obtenido por fallback Open-Meteo;Lluvioso;Sí;No
76°31'18.7''W;3°03'37.9''N;Santander_Quilichao;6:00:00;14:00:00;25QUIRA;22/03/2026;3.060527778;-76.52186111;22/03/2026;22/03/2026 6:00;22/03/2026 14:00;22/03/2026;3.06053;-76.52186;22/03/2026;Open-Meteo Archive;22.9;18.2;29;0.3;13;;;;Dato obtenido por fallback Open-Meteo;Lluvioso;Sí;No
76°31'18.7''W;3°03'37.9''N;Santander_Quilichao;14:00:00;22:00:00;25QUIRA;22/03/2026;3.060527778;-76.52186111;22/03/2026;22/03/2026 14:00;22/03/2026 22:00;22/03/2026;3.06053;-76.52186;22/03/2026;Open-Meteo Archive;22.9;18.2;29;0.3;13;;;;Dato obtenido por fallback Open-Meteo;Lluvioso;Sí;No
76°34'23.0''W;3°41'39.8''N;Cumbre;6:00:00;14:00:00;32PORRA;19/03/2026;3.694388889;-76.57305556;19/03/2026;19/03/2026 6:00;19/03/2026 14:00;19/03/2026;3.69439;-76.57306;19/03/2026;Meteostat Daily;23.9;17;32;0;7.8;;;;Dato diario obtenido correctamente;Seco;No;No
76°34'23.0''W;3°41'39.8''N;Cumbre;14:00:00;22:00:00;32PORRA;19/03/2026;3.694388889;-76.57305556;19/03/2026;19/03/2026 14:00;19/03/2026 22:00;19/03/2026;3.69439;-76.57306;19/03/2026;Meteostat Daily;23.9;17;32;0;7.8;;;;Dato diario obtenido correctamente;Seco;No;No
76°16'44.2''W;4°24'52.3''N;Bolivar;14:00:00;22:00:00;35PLACE;19/03/2026;4.414527778;-76.27894444;19/03/2026;19/03/2026 14:00;19/03/2026 22:00;19/03/2026;4.41453;-76.27894;19/03/2026;Open-Meteo Archive;15.5;11;20.5;0.7;13.2;;;;Dato obtenido por fallback Open-Meteo;Lluvioso;Sí;No
76°34'23.0''W;3°41'39.8''N;Cumbre;6:00:00;14:00:00;32PORRA;20/03/2026;3.694388889;-76.57305556;20/03/2026;20/03/2026 6:00;20/03/2026 14:00;20/03/2026;3.69439;-76.57306;20/03/2026;Meteostat Daily;24.3;18.7;31.4;0;10.6;;;;Dato diario obtenido correctamente;Seco;No;No
76°34'23.0''W;3°41'39.8''N;Cumbre;14:00:00;22:00:00;32PORRA;20/03/2026;3.694388889;-76.57305556;20/03/2026;20/03/2026 14:00;20/03/2026 22:00;20/03/2026;3.69439;-76.57306;20/03/2026;Meteostat Daily;24.3;18.7;31.4;0;10.6;;;;Dato diario obtenido correctamente;Seco;No;No
76°16'44.2''W;4°24'52.3''N;Bolivar;14:00:00;22:00:00;35PLACE;20/03/2026;4.414527778;-76.27894444;20/03/2026;20/03/2026 14:00;20/03/2026 22:00;20/03/2026;4.41453;-76.27894;20/03/2026;Open-Meteo Archive;15.5;11.4;20.5;1.3;12.3;;;;Dato obtenido por fallback Open-Meteo;Lluvioso;Sí;No
76°16'44.2''W;4°24'52.3''N;Bolivar;6:00:00;14:00:00;35PLACE;21/03/2026;4.414527778;-76.27894444;21/03/2026;21/03/2026 6:00;21/03/2026 14:00;21/03/2026;4.41453;-76.27894;21/03/2026;Open-Meteo Archive;15.4;13.2;19.3;5.9;13.3;;;;Dato obtenido por fallback Open-Meteo;Lluvioso;Sí;No
76°34'23.0''W;3°41'39.8''N;Cumbre;6:00:00;14:00:00;32PORRA;21/03/2026;3.694388889;-76.57305556;21/03/2026;21/03/2026 6:00;21/03/2026 14:00;21/03/2026;3.69439;-76.57306;21/03/2026;Meteostat Daily;24.4;19;30.8;0.1;10.8;;;;Dato diario obtenido correctamente;Lluvioso;Sí;No
76°34'23.0''W;3°41'39.8''N;Cumbre;6:00:00;14:00:00;32PORRA;21/03/2026;3.694388889;-76.57305556;21/03/2026;21/03/2026 6:00;21/03/2026 14:00;21/03/2026;3.69439;-76.57306;21/03/2026;Meteostat Daily;24.4;19;30.8;0.1;10.8;;;;Dato diario obtenido correctamente;Lluvioso;Sí;No
75°37'12.0''W;4°50'48.0''N;Santa_Rosa_Cabal;6:00:00;14:00:00;15RIEL_;17/03/2026;4.846666667;-75.62;17/03/2026;17/03/2026 6:00;17/03/2026 14:00;17/03/2026;4.84667;-75.62;17/03/2026;Imputado por fecha;22.3;19.2;27.8;6.9;10.4;1014.2;0;;No se encontró dato climático. Open-Meteo: HTTPSConnectionPool(host='archive-api.open-meteo.com', port=443): Read timed out. (read timeout=30);Lluvioso;Sí;Sí
75°37'12.0''W;4°50'48.0''N;Santa_Rosa_Cabal;14:00:00;22:00:00;15RIEL_;18/03/2026;4.846666667;-75.62;18/03/2026;18/03/2026 14:00;18/03/2026 22:00;18/03/2026;4.84667;-75.62;18/03/2026;Open-Meteo Archive;16.6;13.8;20.8;20.1;7.5;;;;Dato obtenido por fallback Open-Meteo;Lluvioso;Sí;No
75°37'12.0''W;4°50'48.0''N;Santa_Rosa_Cabal;6:00:00;14:00:00;15RIEL_;18/03/2026;4.846666667;-75.62;18/03/2026;18/03/2026 6:00;18/03/2026 14:00;18/03/2026;4.84667;-75.62;18/03/2026;Open-Meteo Archive;16.6;13.8;20.8;20.1;7.5;;;;Dato obtenido por fallback Open-Meteo;Lluvioso;Sí;No
75°37'12.0''W;4°50'48.0''N;Santa_Rosa_Cabal;6:00:00;14:00:00;15RIEL_;18/03/2026;4.846666667;-75.62;18/03/2026;18/03/2026 6:00;18/03/2026 14:00;18/03/2026;4.84667;-75.62;18/03/2026;Open-Meteo Archive;16.6;13.8;20.8;20.1;7.5;;;;Dato obtenido por fallback Open-Meteo;Lluvioso;Sí;No
76°28'02.8''W;3°45'08.8''N;Vijes;14:00:00;22:00:00;32SNRAF;19/03/2026;3.752444444;-76.46744444;19/03/2026;19/03/2026 14:00;19/03/2026 22:00;19/03/2026;3.75244;-76.46744;19/03/2026;Meteostat Daily;23.9;17;32;0;7.8;;;;Dato diario obtenido correctamente;Seco;No;No
75°37'12.0''W;4°50'48.0''N;Santa_Rosa_Cabal;14:00:00;22:00:00;15RIEL_;19/03/2026;4.846666667;-75.62;19/03/2026;19/03/2026 14:00;19/03/2026 22:00;19/03/2026;4.84667;-75.62;19/03/2026;Open-Meteo Archive;18.7;13.7;24;0.4;9.7;;;;Dato obtenido por fallback Open-Meteo;Lluvioso;Sí;No
75°37'12.0''W;4°50'48.0''N;Santa_Rosa_Cabal;6:00:00;14:00:00;15RIEL_;19/03/2026;4.846666667;-75.62;19/03/2026;19/03/2026 6:00;19/03/2026 14:00;19/03/2026;4.84667;-75.62;19/03/2026;Open-Meteo Archive;18.7;13.7;24;0.4;9.7;;;;Dato obtenido por fallback Open-Meteo;Lluvioso;Sí;No
75°37'12.0''W;4°50'48.0''N;Santa_Rosa_Cabal;14:00:00;22:00:00;15RIEL_;19/03/2026;4.846666667;-75.62;19/03/2026;19/03/2026 14:00;19/03/2026 22:00;19/03/2026;4.84667;-75.62;19/03/2026;Open-Meteo Archive;18.7;13.7;24;0.4;9.7;;;;Dato obtenido por fallback Open-Meteo;Lluvioso;Sí;No
75°37'12.0''W;4°50'48.0''N;Santa_Rosa_Cabal;6:00:00;14:00:00;15RIEL_;19/03/2026;4.846666667;-75.62;19/03/2026;19/03/2026 6:00;19/03/2026 14:00;19/03/2026;4.84667;-75.62;19/03/2026;Open-Meteo Archive;18.7;13.7;24;0.4;9.7;;;;Dato obtenido por fallback Open-Meteo;Lluvioso;Sí;No
76°28'02.8''W;3°45'08.8''N;Vijes;14:00:00;22:00:00;32SNRAF;20/03/2026;3.752444444;-76.46744444;20/03/2026;20/03/2026 14:00;20/03/2026 22:00;20/03/2026;3.75244;-76.46744;20/03/2026;Meteostat Daily;24.3;18.7;31.4;0;10.6;;;;Dato diario obtenido correctamente;Seco;No;No
76°28'02.8''W;3°45'08.8''N;Vijes;6:00:00;14:00:00;32SNRAF;20/03/2026;3.752444444;-76.46744444;20/03/2026;20/03/2026 6:00;20/03/2026 14:00;20/03/2026;3.75244;-76.46744;20/03/2026;Meteostat Daily;24.3;18.7;31.4;0;10.6;;;;Dato diario obtenido correctamente;Seco;No;No
75°37'12.0''W;4°50'48.0''N;Santa_Rosa_Cabal;6:00:00;14:00:00;15RIEL_;20/03/2026;4.846666667;-75.62;20/03/2026;20/03/2026 6:00;20/03/2026 14:00;20/03/2026;4.84667;-75.62;20/03/2026;Open-Meteo Archive;17.5;12;23.4;6.5;8.5;;;;Dato obtenido por fallback Open-Meteo;Lluvioso;Sí;No
75°37'12.0''W;4°50'48.0''N;Santa_Rosa_Cabal;6:00:00;14:00:00;15RIEL_;20/03/2026;4.846666667;-75.62;20/03/2026;20/03/2026 6:00;20/03/2026 14:00;20/03/2026;4.84667;-75.62;20/03/2026;Open-Meteo Archive;17.5;12;23.4;6.5;8.5;;;;Dato obtenido por fallback Open-Meteo;Lluvioso;Sí;No
75°37'12.0''W;4°50'48.0''N;Santa_Rosa_Cabal;14:00:00;22:00:00;15RIEL_;20/03/2026;4.846666667;-75.62;20/03/2026;20/03/2026 14:00;20/03/2026 22:00;20/03/2026;4.84667;-75.62;20/03/2026;Open-Meteo Archive;17.5;12;23.4;6.5;8.5;;;;Dato obtenido por fallback Open-Meteo;Lluvioso;Sí;No
75°37'12.0''W;4°50'48.0''N;Santa_Rosa_Cabal;14:00:00;22:00:00;15RIEL_;20/03/2026;4.846666667;-75.62;20/03/2026;20/03/2026 14:00;20/03/2026 22:00;20/03/2026;4.84667;-75.62;20/03/2026;Open-Meteo Archive;17.5;12;23.4;6.5;8.5;;;;Dato obtenido por fallback Open-Meteo;Lluvioso;Sí;No
76°28'02.8''W;3°45'08.8''N;Vijes;14:00:00;22:00:00;32SNRAF;21/03/2026;3.752444444;-76.46744444;21/03/2026;21/03/2026 14:00;21/03/2026 22:00;21/03/2026;3.75244;-76.46744;21/03/2026;Meteostat Daily;24.4;19;30.8;0.1;10.8;;;;Dato diario obtenido correctamente;Lluvioso;Sí;No
76°16'44.2''W;4°24'52.3''N;Bolivar;6:00:00;14:00:00;35PLACE;21/03/2026;4.414527778;-76.27894444;21/03/2026;21/03/2026 6:00;21/03/2026 14:00;21/03/2026;4.41453;-76.27894;21/03/2026;Open-Meteo Archive;15.4;13.2;19.3;5.9;13.3;;;;Dato obtenido por fallback Open-Meteo;Lluvioso;Sí;No
76°16'44.2''W;4°24'52.3''N;Bolivar;14:00:00;22:00:00;35PLACE;21/03/2026;4.414527778;-76.27894444;21/03/2026;21/03/2026 14:00;21/03/2026 22:00;21/03/2026;4.41453;-76.27894;21/03/2026;Open-Meteo Archive;15.4;13.2;19.3;5.9;13.3;;;;Dato obtenido por fallback Open-Meteo;Lluvioso;Sí;No
75°37'12.0''W;4°50'48.0''N;Santa_Rosa_Cabal;14:00:00;22:00:00;15RIEL_;21/03/2026;4.846666667;-75.62;21/03/2026;21/03/2026 14:00;21/03/2026 22:00;21/03/2026;4.84667;-75.62;21/03/2026;Open-Meteo Archive;17.7;12.4;23.5;18.3;7.7;;;;Dato obtenido por fallback Open-Meteo;Lluvioso;Sí;No
75°37'12.0''W;4°50'48.0''N;Santa_Rosa_Cabal;14:00:00;22:00:00;15RIEL_;21/03/2026;4.846666667;-75.62;21/03/2026;21/03/2026 14:00;21/03/2026 22:00;21/03/2026;4.84667;-75.62;21/03/2026;Open-Meteo Archive;17.7;12.4;23.5;18.3;7.7;;;;Dato obtenido por fallback Open-Meteo;Lluvioso;Sí;No
76°28'02.8''W;3°45'08.8''N;Vijes;6:00:00;14:00:00;32SNRAF;21/03/2026;3.752444444;-76.46744444;21/03/2026;21/03/2026 6:00;21/03/2026 14:00;21/03/2026;3.75244;-76.46744;21/03/2026;Meteostat Daily;24.4;19;30.8;0.1;10.8;;;;Dato diario obtenido correctamente;Lluvioso;Sí;No
75°37'12.0''W;4°50'48.0''N;Santa_Rosa_Cabal;6:00:00;14:00:00;15RIEL_;21/03/2026;4.846666667;-75.62;21/03/2026;21/03/2026 6:00;21/03/2026 14:00;21/03/2026;4.84667;-75.62;21/03/2026;Open-Meteo Archive;17.7;12.4;23.5;18.3;7.7;;;;Dato obtenido por fallback Open-Meteo;Lluvioso;Sí;No
75°37'12.0''W;4°50'48.0''N;Santa_Rosa_Cabal;6:00:00;14:00:00;15RIEL_;21/03/2026;4.846666667;-75.62;21/03/2026;21/03/2026 6:00;21/03/2026 14:00;21/03/2026;4.84667;-75.62;21/03/2026;Open-Meteo Archive;17.7;12.4;23.5;18.3;7.7;;;;Dato obtenido por fallback Open-Meteo;Lluvioso;Sí;No
76°28'02.8''W;3°45'08.8''N;Vijes;14:00:00;22:00:00;32SNRAF;22/03/2026;3.752444444;-76.46744444;22/03/2026;22/03/2026 14:00;22/03/2026 22:00;22/03/2026;3.75244;-76.46744;22/03/2026;Imputado por fecha;24.7;19.5;30.9;2.1;8.2;;;;Dato diario obtenido correctamente;Lluvioso;Sí;Sí
75°37'12.0''W;4°50'48.0''N;Santa_Rosa_Cabal;14:00:00;22:00:00;15RIEL_;22/03/2026;4.846666667;-75.62;22/03/2026;22/03/2026 14:00;22/03/2026 22:00;22/03/2026;4.84667;-75.62;22/03/2026;Open-Meteo Archive;18.9;15.1;24.5;2.1;7.3;;;;Dato obtenido por fallback Open-Meteo;Lluvioso;Sí;No
76°28'02.8''W;3°45'08.8''N;Vijes;6:00:00;14:00:00;32SNRAF;22/03/2026;3.752444444;-76.46744444;22/03/2026;22/03/2026 6:00;22/03/2026 14:00;22/03/2026;3.75244;-76.46744;22/03/2026;Imputado por fecha;24.7;19.5;30.9;2.1;8.2;;;;Dato diario obtenido correctamente;Lluvioso;Sí;Sí
75°37'12.0''W;4°50'48.0''N;Santa_Rosa_Cabal;6:00:00;14:00:00;15RIEL_;22/03/2026;4.846666667;-75.62;22/03/2026;22/03/2026 6:00;22/03/2026 14:00;22/03/2026;4.84667;-75.62;22/03/2026;Open-Meteo Archive;18.9;15.1;24.5;2.1;7.3;;;;Dato obtenido por fallback Open-Meteo;Lluvioso;Sí;No
75°37'12.0''W;4°50'48.0''N;Santa_Rosa_Cabal;6:00:00;14:00:00;15RIEL_;22/03/2026;4.846666667;-75.62;22/03/2026;22/03/2026 6:00;22/03/2026 14:00;22/03/2026;4.84667;-75.62;22/03/2026;Open-Meteo Archive;18.9;15.1;24.5;2.1;7.3;;;;Dato obtenido por fallback Open-Meteo;Lluvioso;Sí;No
75°37'12.0''W;4°50'48.0''N;Santa_Rosa_Cabal;14:00:00;22:00:00;15RIEL_;22/03/2026;4.846666667;-75.62;22/03/2026;22/03/2026 14:00;22/03/2026 22:00;22/03/2026;4.84667;-75.62;22/03/2026;Open-Meteo Archive;18.9;15.1;24.5;2.1;7.3;;;;Dato obtenido por fallback Open-Meteo;Lluvioso;Sí;No
76°16'44.2''W;4°24'52.3''N;Bolivar;6:00:00;14:00:00;35PLACE;22/03/2026;4.414527778;-76.27894444;22/03/2026;22/03/2026 6:00;22/03/2026 14:00;22/03/2026;4.41453;-76.27894;22/03/2026;Open-Meteo Archive;15.8;12.3;20.7;2.7;12.9;;;;Dato obtenido por fallback Open-Meteo;Lluvioso;Sí;No
75°50'56.1''W;4°11'30.4''N;Sevilla;6:00:00;14:00:00;13MARAC;20/03/2026;4.191777778;-75.84891667;20/03/2026;20/03/2026 6:00;20/03/2026 14:00;20/03/2026;4.19178;-75.84892;20/03/2026;Open-Meteo Archive;15.8;11.1;21.9;0.1;8.5;;;;Dato obtenido por fallback Open-Meteo;Lluvioso;Sí;No
75°50'56.1''W;4°11'30.4''N;Sevilla;14:00:00;22:00:00;13MARAC;20/03/2026;4.191777778;-75.84891667;20/03/2026;20/03/2026 14:00;20/03/2026 22:00;20/03/2026;4.19178;-75.84892;20/03/2026;Open-Meteo Archive;15.8;11.1;21.9;0.1;8.5;;;;Dato obtenido por fallback Open-Meteo;Lluvioso;Sí;No
75°50'56.1''W;4°11'30.4''N;Sevilla;6:00:00;14:00:00;13MARAC;20/03/2026;4.191777778;-75.84891667;20/03/2026;20/03/2026 6:00;20/03/2026 14:00;20/03/2026;4.19178;-75.84892;20/03/2026;Open-Meteo Archive;15.8;11.1;21.9;0.1;8.5;;;;Dato obtenido por fallback Open-Meteo;Lluvioso;Sí;No
75°52'57.2''W;4°13'34.6''N;Sevilla;14:00:00;22:00:00;13SNGER;20/03/2026;4.226277778;-75.88255556;20/03/2026;20/03/2026 14:00;20/03/2026 22:00;20/03/2026;4.22628;-75.88256;20/03/2026;Open-Meteo Archive;16.5;11;22.8;2.7;8;;;;Dato obtenido por fallback Open-Meteo;Lluvioso;Sí;No
75°50'56.1''W;4°11'30.4''N;Sevilla;6:00:00;14:00:00;13MARAC;21/03/2026;4.191777778;-75.84891667;21/03/2026;21/03/2026 6:00;21/03/2026 14:00;21/03/2026;4.19178;-75.84892;21/03/2026;Open-Meteo Archive;16;12.2;21.9;2.5;5.9;;;;Dato obtenido por fallback Open-Meteo;Lluvioso;Sí;No
75°50'56.1''W;4°11'30.4''N;Sevilla;14:00:00;22:00:00;13MARAC;21/03/2026;4.191777778;-75.84891667;21/03/2026;21/03/2026 14:00;21/03/2026 22:00;21/03/2026;4.19178;-75.84892;21/03/2026;Open-Meteo Archive;16;12.2;21.9;2.5;5.9;;;;Dato obtenido por fallback Open-Meteo;Lluvioso;Sí;No
75°52'57.2''W;4°13'34.6''N;Sevilla;14:00:00;22:00:00;13SNGER;21/03/2026;4.226277778;-75.88255556;21/03/2026;21/03/2026 14:00;21/03/2026 22:00;21/03/2026;4.22628;-75.88256;21/03/2026;Open-Meteo Archive;16.8;12.7;22.4;7;7.5;;;;Dato obtenido por fallback Open-Meteo;Lluvioso;Sí;No
75°52'57.2''W;4°13'34.6''N;Sevilla;6:00:00;14:00:00;13SNGER;22/03/2026;4.226277778;-75.88255556;22/03/2026;22/03/2026 6:00;22/03/2026 14:00;22/03/2026;4.22628;-75.88256;22/03/2026;Open-Meteo Archive;16.8;11.5;22.9;3.7;7.2;;;;Dato obtenido por fallback Open-Meteo;Lluvioso;Sí;No
75°52'57.2''W;4°13'34.6''N;Sevilla;14:00:00;22:00:00;13SNGER;22/03/2026;4.226277778;-75.88255556;22/03/2026;22/03/2026 14:00;22/03/2026 22:00;22/03/2026;4.22628;-75.88256;22/03/2026;Open-Meteo Archive;16.8;11.5;22.9;3.7;7.2;;;;Dato obtenido por fallback Open-Meteo;Lluvioso;Sí;No
75°50'56.1''W;4°11'30.4''N;Sevilla;6:00:00;14:00:00;13MARAC;22/03/2026;4.191777778;-75.84891667;22/03/2026;22/03/2026 6:00;22/03/2026 14:00;22/03/2026;4.19178;-75.84892;22/03/2026;Open-Meteo Archive;16.3;11.1;22.3;0.5;8.2;;;;Dato obtenido por fallback Open-Meteo;Lluvioso;Sí;No
75°50'56.1''W;4°11'30.4''N;Sevilla;14:00:00;22:00:00;13MARAC;22/03/2026;4.191777778;-75.84891667;22/03/2026;22/03/2026 14:00;22/03/2026 22:00;22/03/2026;4.19178;-75.84892;22/03/2026;Open-Meteo Archive;16.3;11.1;22.3;0.5;8.2;;;;Dato obtenido por fallback Open-Meteo;Lluvioso;Sí;No
76°34'23.0''W;3°41'39.8''N;Cumbre;6:00:00;14:00:00;32PORRA;22/03/2026;3.694388889;-76.57305556;22/03/2026;22/03/2026 6:00;22/03/2026 14:00;22/03/2026;3.69439;-76.57306;22/03/2026;Imputado por fecha;24.7;19.5;30.9;2.1;8.2;;;;Dato diario obtenido correctamente;Lluvioso;Sí;Sí
76°24'26.8''W;4°04'11.9''N;Riofrio;6:00:00;14:00:00;31GRACI;23/03/2026;4.069972222;-76.40744444;23/03/2026;23/03/2026 6:00;23/03/2026 14:00;23/03/2026;4.06997;-76.40744;23/03/2026;Open-Meteo Archive;17;14.8;20.5;16.8;11.3;;;;Dato obtenido por fallback Open-Meteo;Lluvioso;Sí;No
76°24'26.8''W;4°04'11.9''N;Riofrio;14:00:00;22:00:00;31GRACI;23/03/2026;4.069972222;-76.40744444;23/03/2026;23/03/2026 14:00;23/03/2026 22:00;23/03/2026;4.06997;-76.40744;23/03/2026;Open-Meteo Archive;17;14.8;20.5;16.8;11.3;;;;Dato obtenido por fallback Open-Meteo;Lluvioso;Sí;No
76°28'02.8''W;3°45'08.8''N;Vijes;14:00:00;22:00:00;32SNRAF;23/03/2026;3.752444444;-76.46744444;23/03/2026;23/03/2026 14:00;23/03/2026 22:00;23/03/2026;3.75244;-76.46744;23/03/2026;Imputado por fecha;24.2;20.5;29.2;13.4;9.2;;;;Dato diario obtenido correctamente;Lluvioso;Sí;Sí
76°31'18.7''W;3°03'37.9''N;Santander_Quilichao;6:00:00;14:00:00;25QUIRA;23/03/2026;3.060527778;-76.52186111;23/03/2026;23/03/2026 6:00;23/03/2026 14:00;23/03/2026;3.06053;-76.52186;23/03/2026;Open-Meteo Archive;21.8;18.8;27.4;22.3;11.4;;;;Dato obtenido por fallback Open-Meteo;Lluvioso;Sí;No
76°28'02.8''W;3°45'08.8''N;Vijes;6:00:00;14:00:00;32SNRAF;23/03/2026;3.752444444;-76.46744444;23/03/2026;23/03/2026 6:00;23/03/2026 14:00;23/03/2026;3.75244;-76.46744;23/03/2026;Imputado por fecha;24.2;20.5;29.2;13.4;9.2;;;;Dato diario obtenido correctamente;Lluvioso;Sí;Sí
76°31'18.7''W;3°03'37.9''N;Santander_Quilichao;14:00:00;22:00:00;25QUIRA;23/03/2026;3.060527778;-76.52186111;23/03/2026;23/03/2026 14:00;23/03/2026 22:00;23/03/2026;3.06053;-76.52186;23/03/2026;Open-Meteo Archive;21.8;18.8;27.4;22.3;11.4;;;;Dato obtenido por fallback Open-Meteo;Lluvioso;Sí;No
76°16'44.2''W;4°24'52.3''N;Bolivar;6:00:00;14:00:00;35PLACE;23/03/2026;4.414527778;-76.27894444;23/03/2026;23/03/2026 6:00;23/03/2026 14:00;23/03/2026;4.41453;-76.27894;23/03/2026;Open-Meteo Archive;15.5;12.4;19.9;4.1;10.4;;;;Dato obtenido por fallback Open-Meteo;Lluvioso;Sí;No
76°34'23.0''W;3°41'39.8''N;Cumbre;6:00:00;14:00:00;32PORRA;23/03/2026;3.694388889;-76.57305556;23/03/2026;23/03/2026 6:00;23/03/2026 14:00;23/03/2026;3.69439;-76.57306;23/03/2026;Imputado por fecha;24.2;20.5;29.2;13.4;9.2;;;;Dato diario obtenido correctamente;Lluvioso;Sí;Sí
75°52'57.2''W;4°13'34.6''N;Sevilla;6:00:00;14:00:00;13SNGER;20/03/2026;4.226277778;-75.88255556;20/03/2026;20/03/2026 6:00;20/03/2026 14:00;20/03/2026;4.22628;-75.88256;20/03/2026;Open-Meteo Archive;16.5;11;22.8;2.7;8;;;;Dato obtenido por fallback Open-Meteo;Lluvioso;Sí;No
75°50'56.1''W;4°11'30.4''N;Sevilla;6:00:00;14:00:00;13MARAC;20/03/2026;4.191777778;-75.84891667;20/03/2026;20/03/2026 6:00;20/03/2026 14:00;20/03/2026;4.19178;-75.84892;20/03/2026;Open-Meteo Archive;15.8;11.1;21.9;0.1;8.5;;;;Dato obtenido por fallback Open-Meteo;Lluvioso;Sí;No
75°50'56.1''W;4°11'30.4''N;Sevilla;14:00:00;22:00:00;13MARAC;20/03/2026;4.191777778;-75.84891667;20/03/2026;20/03/2026 14:00;20/03/2026 22:00;20/03/2026;4.19178;-75.84892;20/03/2026;Open-Meteo Archive;15.8;11.1;21.9;0.1;8.5;;;;Dato obtenido por fallback Open-Meteo;Lluvioso;Sí;No
75°50'42.1''W;4°11'47.6''N;Sevilla;6:00:00;14:00:00;13AMPAR;20/03/2026;4.196555556;-75.84502778;20/03/2026;20/03/2026 6:00;20/03/2026 14:00;20/03/2026;4.19656;-75.84503;20/03/2026;Open-Meteo Archive;16.5;11.7;22.5;0.1;8.5;;;;Dato obtenido por fallback Open-Meteo;Lluvioso;Sí;No
75°50'42.1''W;4°11'47.6''N;Sevilla;14:00:00;22:00:00;13AMPAR;20/03/2026;4.196555556;-75.84502778;20/03/2026;20/03/2026 14:00;20/03/2026 22:00;20/03/2026;4.19656;-75.84503;20/03/2026;Open-Meteo Archive;16.5;11.7;22.5;0.1;8.5;;;;Dato obtenido por fallback Open-Meteo;Lluvioso;Sí;No
76°24'26.8''W;4°04'11.9''N;Riofrio;6:00:00;14:00:00;31GRACI;24/03/2026;4.069972222;-76.40744444;24/03/2026;24/03/2026 6:00;24/03/2026 14:00;24/03/2026;4.06997;-76.40744;24/03/2026;Open-Meteo Archive;15.9;14.4;17.7;43.5;8.4;;;;Dato obtenido por fallback Open-Meteo;Lluvioso;Sí;No
76°24'26.8''W;4°04'11.9''N;Riofrio;14:00:00;22:00:00;31GRACI;24/03/2026;4.069972222;-76.40744444;24/03/2026;24/03/2026 14:00;24/03/2026 22:00;24/03/2026;4.06997;-76.40744;24/03/2026;Open-Meteo Archive;15.9;14.4;17.7;43.5;8.4;;;;Dato obtenido por fallback Open-Meteo;Lluvioso;Sí;No
76°16'44.2''W;4°24'52.3''N;Bolivar;6:00:00;14:00:00;35PLACE;24/03/2026;4.414527778;-76.27894444;24/03/2026;24/03/2026 6:00;24/03/2026 14:00;24/03/2026;4.41453;-76.27894;24/03/2026;Open-Meteo Archive;15.1;12.7;18.2;7.9;10.3;;;;Dato obtenido por fallback Open-Meteo;Lluvioso;Sí;No
76°16'44.2''W;4°24'52.3''N;Bolivar;14:00:00;22:00:00;35PLACE;24/03/2026;4.414527778;-76.27894444;24/03/2026;24/03/2026 14:00;24/03/2026 22:00;24/03/2026;4.41453;-76.27894;24/03/2026;Open-Meteo Archive;15.1;12.7;18.2;7.9;10.3;;;;Dato obtenido por fallback Open-Meteo;Lluvioso;Sí;No
76°28'02.8''W;3°45'08.8''N;Vijes;14:00:00;22:00:00;32SNRAF;24/03/2026;3.752444444;-76.46744444;24/03/2026;24/03/2026 14:00;24/03/2026 22:00;24/03/2026;3.75244;-76.46744;24/03/2026;Imputado por fecha;23.8;20.8;29;19.2;9.3;;;;Dato diario obtenido correctamente;Lluvioso;Sí;Sí
76°28'02.8''W;3°45'08.8''N;Vijes;6:00:00;14:00:00;32SNRAF;24/03/2026;3.752444444;-76.46744444;24/03/2026;24/03/2026 6:00;24/03/2026 14:00;24/03/2026;3.75244;-76.46744;24/03/2026;Imputado por fecha;23.8;20.8;29;19.2;9.3;;;;Dato diario obtenido correctamente;Lluvioso;Sí;Sí
75°50'42.1''W;4°11'47.6''N;Sevilla;6:00:00;14:00:00;13AMPAR;23/03/2026;4.196555556;-75.84502778;23/03/2026;23/03/2026 6:00;23/03/2026 14:00;23/03/2026;4.19656;-75.84503;23/03/2026;Open-Meteo Archive;16.5;14.2;19.8;13.4;8.1;;;;Dato obtenido por fallback Open-Meteo;Lluvioso;Sí;No
75°50'42.1''W;4°11'47.6''N;Sevilla;14:00:00;22:00:00;13AMPAR;23/03/2026;4.196555556;-75.84502778;23/03/2026;23/03/2026 14:00;23/03/2026 22:00;23/03/2026;4.19656;-75.84503;23/03/2026;Open-Meteo Archive;16.5;14.2;19.8;13.4;8.1;;;;Dato obtenido por fallback Open-Meteo;Lluvioso;Sí;No
75°37'12.0''W;4°50'48.0''N;Santa_Rosa_Cabal;6:00:00;14:00:00;15RIEL_;23/03/2026;4.846666667;-75.62;23/03/2026;23/03/2026 6:00;23/03/2026 14:00;23/03/2026;4.84667;-75.62;23/03/2026;Open-Meteo Archive;17.9;15.4;22.3;6.8;6.1;;;;Dato obtenido por fallback Open-Meteo;Lluvioso;Sí;No
75°37'12.0''W;4°50'48.0''N;Santa_Rosa_Cabal;14:00:00;22:00:00;15RIEL_;23/03/2026;4.846666667;-75.62;23/03/2026;23/03/2026 14:00;23/03/2026 22:00;23/03/2026;4.84667;-75.62;23/03/2026;Open-Meteo Archive;17.9;15.4;22.3;6.8;6.1;;;;Dato obtenido por fallback Open-Meteo;Lluvioso;Sí;No
75°37'12.0''W;4°50'48.0''N;Santa_Rosa_Cabal;14:00:00;22:00:00;15RIEL_;23/03/2026;4.846666667;-75.62;23/03/2026;23/03/2026 14:00;23/03/2026 22:00;23/03/2026;4.84667;-75.62;23/03/2026;Open-Meteo Archive;17.9;15.4;22.3;6.8;6.1;;;;Dato obtenido por fallback Open-Meteo;Lluvioso;Sí;No
75°37'12.0''W;4°50'48.0''N;Santa_Rosa_Cabal;6:00:00;14:00:00;15RIEL_;23/03/2026;4.846666667;-75.62;23/03/2026;23/03/2026 6:00;23/03/2026 14:00;23/03/2026;4.84667;-75.62;23/03/2026;Open-Meteo Archive;17.9;15.4;22.3;6.8;6.1;;;;Dato obtenido por fallback Open-Meteo;Lluvioso;Sí;No
75°52'57.2''W;4°13'34.6''N;Sevilla;6:00:00;14:00:00;13SNGER;24/03/2026;4.226277778;-75.88255556;24/03/2026;24/03/2026 6:00;24/03/2026 14:00;24/03/2026;4.22628;-75.88256;24/03/2026;Open-Meteo Archive;15.8;14.1;18.3;16.4;6.8;;;;Dato obtenido por fallback Open-Meteo;Lluvioso;Sí;No
75°52'16.7''W;4°12'48.2''N;Sevilla;14:00:00;22:00:00;13MIMBR;24/03/2026;4.213388889;-75.87130556;24/03/2026;24/03/2026 14:00;24/03/2026 22:00;24/03/2026;4.21339;-75.87131;24/03/2026;Open-Meteo Archive;14.5;12.6;17.1;15.1;8;;;;Dato obtenido por fallback Open-Meteo;Lluvioso;Sí;No
75°50'42.1''W;4°11'47.6''N;Sevilla;6:00:00;14:00:00;13AMPAR;24/03/2026;4.196555556;-75.84502778;24/03/2026;24/03/2026 6:00;24/03/2026 14:00;24/03/2026;4.19656;-75.84503;24/03/2026;Open-Meteo Archive;15.8;14;18.4;15.1;8;;;;Dato obtenido por fallback Open-Meteo;Lluvioso;Sí;No
75°50'42.1''W;4°11'47.6''N;Sevilla;14:00:00;22:00:00;13AMPAR;24/03/2026;4.196555556;-75.84502778;24/03/2026;24/03/2026 14:00;24/03/2026 22:00;24/03/2026;4.19656;-75.84503;24/03/2026;Open-Meteo Archive;15.8;14;18.4;15.1;8;;;;Dato obtenido por fallback Open-Meteo;Lluvioso;Sí;No
76°33'52.5''W;3°41'52.1''N;Cumbre;6:00:00;14:00:00;32EUCAL;24/03/2026;3.697805556;-76.56458333;24/03/2026;24/03/2026 6:00;24/03/2026 14:00;24/03/2026;3.69781;-76.56458;24/03/2026;Imputado por fecha;23.8;20.8;29;19.2;9.3;;;;Dato diario obtenido correctamente;Lluvioso;Sí;Sí
76°33'52.5''W;3°41'52.1''N;Cumbre;14:00:00;22:00:00;32EUCAL;24/03/2026;3.697805556;-76.56458333;24/03/2026;24/03/2026 14:00;24/03/2026 22:00;24/03/2026;3.69781;-76.56458;24/03/2026;Imputado por fecha;23.8;20.8;29;19.2;9.3;;;;Dato diario obtenido correctamente;Lluvioso;Sí;Sí
76°31'18.7''W;3°03'37.9''N;Santander_Quilichao;6:00:00;14:00:00;25QUIRA;24/03/2026;3.060527778;-76.52186111;24/03/2026;24/03/2026 6:00;24/03/2026 14:00;24/03/2026;3.06053;-76.52186;24/03/2026;Open-Meteo Archive;21.3;18.8;26.2;22.2;10.6;;;;Dato obtenido por fallback Open-Meteo;Lluvioso;Sí;No
76°31'18.7''W;3°03'37.9''N;Santander_Quilichao;14:00:00;22:00:00;25QUIRA;24/03/2026;3.060527778;-76.52186111;24/03/2026;24/03/2026 14:00;24/03/2026 22:00;24/03/2026;3.06053;-76.52186;24/03/2026;Open-Meteo Archive;21.3;18.8;26.2;22.2;10.6;;;;Dato obtenido por fallback Open-Meteo;Lluvioso;Sí;No
75°37'12.0''W;4°50'48.0''N;Santa_Rosa_Cabal;6:00:00;14:00:00;15RIEL_;24/03/2026;4.846666667;-75.62;24/03/2026;24/03/2026 6:00;24/03/2026 14:00;24/03/2026;4.84667;-75.62;24/03/2026;Open-Meteo Archive;16.9;14.9;20.9;19.2;8.5;;;;Dato obtenido por fallback Open-Meteo;Lluvioso;Sí;No
75°37'12.0''W;4°50'48.0''N;Santa_Rosa_Cabal;6:00:00;14:00:00;15RIEL_;24/03/2026;4.846666667;-75.62;24/03/2026;24/03/2026 6:00;24/03/2026 14:00;24/03/2026;4.84667;-75.62;24/03/2026;Open-Meteo Archive;16.9;14.9;20.9;19.2;8.5;;;;Dato obtenido por fallback Open-Meteo;Lluvioso;Sí;No
75°37'12.0''W;4°50'48.0''N;Santa_Rosa_Cabal;14:00:00;22:00:00;15RIEL_;24/03/2026;4.846666667;-75.62;24/03/2026;24/03/2026 14:00;24/03/2026 22:00;24/03/2026;4.84667;-75.62;24/03/2026;Open-Meteo Archive;16.9;14.9;20.9;19.2;8.5;;;;Dato obtenido por fallback Open-Meteo;Lluvioso;Sí;No
75°37'12.0''W;4°50'48.0''N;Santa_Rosa_Cabal;14:00:00;22:00:00;15RIEL_;24/03/2026;4.846666667;-75.62;24/03/2026;24/03/2026 14:00;24/03/2026 22:00;24/03/2026;4.84667;-75.62;24/03/2026;Open-Meteo Archive;16.9;14.9;20.9;19.2;8.5;;;;Dato obtenido por fallback Open-Meteo;Lluvioso;Sí;No
76°31'18.7''W;3°03'37.9''N;Santander_Quilichao;14:00:00;22:00:00;25QUIRA;25/03/2026;3.060527778;-76.52186111;25/03/2026;25/03/2026 14:00;25/03/2026 22:00;25/03/2026;3.06053;-76.52186;25/03/2026;Open-Meteo Archive;21.4;18.4;28;15.9;10.2;;;;Dato obtenido por fallback Open-Meteo;Lluvioso;Sí;No
76°33'52.5''W;3°41'52.1''N;Cumbre;14:00:00;22:00:00;32EUCAL;25/03/2026;3.697805556;-76.56458333;25/03/2026;25/03/2026 14:00;25/03/2026 22:00;25/03/2026;3.69781;-76.56458;25/03/2026;Imputado por fecha;23.5;20.5;28.9;8.3;10.2;;;;Dato diario obtenido correctamente;Lluvioso;Sí;Sí
76°28'02.8''W;3°45'08.8''N;Vijes;6:00:00;14:00:00;32SNRAF;25/03/2026;3.752444444;-76.46744444;25/03/2026;25/03/2026 6:00;25/03/2026 14:00;25/03/2026;3.75244;-76.46744;25/03/2026;Imputado por fecha;23.5;20.5;28.9;8.3;10.2;;;;Dato diario obtenido correctamente;Lluvioso;Sí;Sí
76°28'02.8''W;3°45'08.8''N;Vijes;14:00:00;22:00:00;32SNRAF;25/03/2026;3.752444444;-76.46744444;25/03/2026;25/03/2026 14:00;25/03/2026 22:00;25/03/2026;3.75244;-76.46744;25/03/2026;Imputado por fecha;23.5;20.5;28.9;8.3;10.2;;;;Dato diario obtenido correctamente;Lluvioso;Sí;Sí
76°24'26.8''W;4°04'11.9''N;Riofrio;6:00:00;14:00:00;31GRACI;25/03/2026;4.069972222;-76.40744444;25/03/2026;25/03/2026 6:00;25/03/2026 14:00;25/03/2026;4.06997;-76.40744;25/03/2026;Open-Meteo Archive;16.4;14.4;19.4;8.3;8.4;;;;Dato obtenido por fallback Open-Meteo;Lluvioso;Sí;No
76°33'52.5''W;3°41'52.1''N;Cumbre;6:00:00;14:00:00;32EUCAL;25/03/2026;3.697805556;-76.56458333;25/03/2026;25/03/2026 6:00;25/03/2026 14:00;25/03/2026;3.69781;-76.56458;25/03/2026;Imputado por fecha;23.5;20.5;28.9;8.3;10.2;;;;Dato diario obtenido correctamente;Lluvioso;Sí;Sí
76°31'18.7''W;3°03'37.9''N;Santander_Quilichao;6:00:00;14:00:00;25QUIRA;25/03/2026;3.060527778;-76.52186111;25/03/2026;25/03/2026 6:00;25/03/2026 14:00;25/03/2026;3.06053;-76.52186;25/03/2026;Open-Meteo Archive;21.4;18.4;28;15.9;10.2;;;;Dato obtenido por fallback Open-Meteo;Lluvioso;Sí;No
76°24'26.8''W;4°04'11.9''N;Riofrio;14:00:00;22:00:00;31GRACI;25/03/2026;4.069972222;-76.40744444;25/03/2026;25/03/2026 14:00;25/03/2026 22:00;25/03/2026;4.06997;-76.40744;25/03/2026;Open-Meteo Archive;16.4;14.4;19.4;8.3;8.4;;;;Dato obtenido por fallback Open-Meteo;Lluvioso;Sí;No
76°16'44.2''W;4°24'52.3''N;Bolivar;6:00:00;14:00:00;35PLACE;25/03/2026;4.414527778;-76.27894444;25/03/2026;25/03/2026 6:00;25/03/2026 14:00;25/03/2026;4.41453;-76.27894;25/03/2026;Open-Meteo Archive;15;11.8;18.7;5;10.1;;;;Dato obtenido por fallback Open-Meteo;Lluvioso;Sí;No
76°16'44.2''W;4°24'52.3''N;Bolivar;14:00:00;22:00:00;35PLACE;25/03/2026;4.414527778;-76.27894444;25/03/2026;25/03/2026 14:00;25/03/2026 22:00;25/03/2026;4.41453;-76.27894;25/03/2026;Open-Meteo Archive;15;11.8;18.7;5;10.1;;;;Dato obtenido por fallback Open-Meteo;Lluvioso;Sí;No
76°24'26.8''W;4°04'11.9''N;Riofrio;6:00:00;14:00:00;31GRACI;26/03/2026;4.069972222;-76.40744444;26/03/2026;26/03/2026 6:00;26/03/2026 14:00;26/03/2026;4.06997;-76.40744;26/03/2026;Open-Meteo Archive;16.9;14;20.6;3;11.5;;;;Dato obtenido por fallback Open-Meteo;Lluvioso;Sí;No
76°24'26.8''W;4°04'11.9''N;Riofrio;14:00:00;22:00:00;31GRACI;26/03/2026;4.069972222;-76.40744444;26/03/2026;26/03/2026 14:00;26/03/2026 22:00;26/03/2026;4.06997;-76.40744;26/03/2026;Open-Meteo Archive;16.9;14;20.6;3;11.5;;;;Dato obtenido por fallback Open-Meteo;Lluvioso;Sí;No
76°31'18.7''W;3°03'37.9''N;Santander_Quilichao;6:00:00;14:00:00;25QUIRA;26/03/2026;3.060527778;-76.52186111;26/03/2026;26/03/2026 6:00;26/03/2026 14:00;26/03/2026;3.06053;-76.52186;26/03/2026;Open-Meteo Archive;21.8;18;28.2;26.2;11.1;;;;Dato obtenido por fallback Open-Meteo;Lluvioso;Sí;No
76°31'18.7''W;3°03'37.9''N;Santander_Quilichao;14:00:00;22:00:00;25QUIRA;26/03/2026;3.060527778;-76.52186111;26/03/2026;26/03/2026 14:00;26/03/2026 22:00;26/03/2026;3.06053;-76.52186;26/03/2026;Open-Meteo Archive;21.8;18;28.2;26.2;11.1;;;;Dato obtenido por fallback Open-Meteo;Lluvioso;Sí;No
76°16'44.2''W;4°24'52.3''N;Bolivar;14:00:00;22:00:00;35PLACE;26/03/2026;4.414527778;-76.27894444;26/03/2026;26/03/2026 14:00;26/03/2026 22:00;26/03/2026;4.41453;-76.27894;26/03/2026;Open-Meteo Archive;15.7;12.6;20.9;11.6;9.1;;;;Dato obtenido por fallback Open-Meteo;Lluvioso;Sí;No
76°28'02.8''W;3°45'08.8''N;Vijes;6:00:00;14:00:00;32SNRAF;26/03/2026;3.752444444;-76.46744444;26/03/2026;26/03/2026 6:00;26/03/2026 14:00;26/03/2026;3.75244;-76.46744;26/03/2026;Imputado por fecha;23.8;20.5;28.5;11.6;9.6;;;;Dato diario obtenido correctamente;Lluvioso;Sí;Sí
76°16'44.2''W;4°24'52.3''N;Bolivar;6:00:00;14:00:00;35PLACE;26/03/2026;4.414527778;-76.27894444;26/03/2026;26/03/2026 6:00;26/03/2026 14:00;26/03/2026;4.41453;-76.27894;26/03/2026;Open-Meteo Archive;15.7;12.6;20.9;11.6;9.1;;;;Dato obtenido por fallback Open-Meteo;Lluvioso;Sí;No
75°37'12.0''W;4°50'48.0''N;Santa_Rosa_Cabal;14:00:00;22:00:00;15RIEL_;25/03/2026;4.846666667;-75.62;25/03/2026;25/03/2026 14:00;25/03/2026 22:00;25/03/2026;4.84667;-75.62;25/03/2026;Open-Meteo Archive;17.7;15.4;22.6;7.6;8.3;;;;Dato obtenido por fallback Open-Meteo;Lluvioso;Sí;No
75°37'12.0''W;4°50'48.0''N;Santa_Rosa_Cabal;14:00:00;22:00:00;15RIEL_;25/03/2026;4.846666667;-75.62;25/03/2026;25/03/2026 14:00;25/03/2026 22:00;25/03/2026;4.84667;-75.62;25/03/2026;Open-Meteo Archive;17.7;15.4;22.6;7.6;8.3;;;;Dato obtenido por fallback Open-Meteo;Lluvioso;Sí;No
75°50'42.1''W;4°11'47.6''N;Sevilla;6:00:00;14:00:00;13AMPAR;25/03/2026;4.196555556;-75.84502778;25/03/2026;25/03/2026 6:00;25/03/2026 14:00;25/03/2026;4.19656;-75.84503;25/03/2026;Open-Meteo Archive;16.3;13.6;18.9;13.7;6.9;;;;Dato obtenido por fallback Open-Meteo;Lluvioso;Sí;No
75°50'42.1''W;4°11'47.6''N;Sevilla;14:00:00;22:00:00;13AMPAR;25/03/2026;4.196555556;-75.84502778;25/03/2026;25/03/2026 14:00;25/03/2026 22:00;25/03/2026;4.19656;-75.84503;25/03/2026;Open-Meteo Archive;16.3;13.6;18.9;13.7;6.9;;;;Dato obtenido por fallback Open-Meteo;Lluvioso;Sí;No
75°52'16.7''W;4°12'48.2''N;Sevilla;6:00:00;14:00:00;13MIMBR;25/03/2026;4.213388889;-75.87130556;25/03/2026;25/03/2026 6:00;25/03/2026 14:00;25/03/2026;4.21339;-75.87131;25/03/2026;Open-Meteo Archive;14.9;12.2;17.5;13.7;6.9;;;;Dato obtenido por fallback Open-Meteo;Lluvioso;Sí;No
75°52'16.7''W;4°12'48.2''N;Sevilla;14:00:00;22:00:00;13MIMBR;25/03/2026;4.213388889;-75.87130556;25/03/2026;25/03/2026 14:00;25/03/2026 22:00;25/03/2026;4.21339;-75.87131;25/03/2026;Open-Meteo Archive;14.9;12.2;17.5;13.7;6.9;;;;Dato obtenido por fallback Open-Meteo;Lluvioso;Sí;No
75°50'42.1''W;4°11'47.6''N;Sevilla;14:00:00;22:00:00;13AMPAR;25/03/2026;4.196555556;-75.84502778;25/03/2026;25/03/2026 14:00;25/03/2026 22:00;25/03/2026;4.19656;-75.84503;25/03/2026;Open-Meteo Archive;16.3;13.6;18.9;13.7;6.9;;;;Dato obtenido por fallback Open-Meteo;Lluvioso;Sí;No
75°37'12.0''W;4°50'48.0''N;Santa_Rosa_Cabal;6:00:00;14:00:00;15RIEL_;25/03/2026;4.846666667;-75.62;25/03/2026;25/03/2026 6:00;25/03/2026 14:00;25/03/2026;4.84667;-75.62;25/03/2026;Open-Meteo Archive;17.7;15.4;22.6;7.6;8.3;;;;Dato obtenido por fallback Open-Meteo;Lluvioso;Sí;No
75°37'12.0''W;4°50'48.0''N;Santa_Rosa_Cabal;6:00:00;14:00:00;15RIEL_;25/03/2026;4.846666667;-75.62;25/03/2026;25/03/2026 6:00;25/03/2026 14:00;25/03/2026;4.84667;-75.62;25/03/2026;Open-Meteo Archive;17.7;15.4;22.6;7.6;8.3;;;;Dato obtenido por fallback Open-Meteo;Lluvioso;Sí;No
75°37'12.0''W;4°50'48.0''N;Santa_Rosa_Cabal;6:00:00;14:00:00;15RIEL_;26/03/2026;4.846666667;-75.62;26/03/2026;26/03/2026 6:00;26/03/2026 14:00;26/03/2026;4.84667;-75.62;26/03/2026;Open-Meteo Archive;18.2;14.5;23.6;10;9.4;;;;Dato obtenido por fallback Open-Meteo;Lluvioso;Sí;No
75°37'12.0''W;4°50'48.0''N;Santa_Rosa_Cabal;6:00:00;14:00:00;15RIEL_;26/03/2026;4.846666667;-75.62;26/03/2026;26/03/2026 6:00;26/03/2026 14:00;26/03/2026;4.84667;-75.62;26/03/2026;Open-Meteo Archive;18.2;14.5;23.6;10;9.4;;;;Dato obtenido por fallback Open-Meteo;Lluvioso;Sí;No
75°37'12.0''W;4°50'48.0''N;Santa_Rosa_Cabal;14:00:00;22:00:00;15RIEL_;26/03/2026;4.846666667;-75.62;26/03/2026;26/03/2026 14:00;26/03/2026 22:00;26/03/2026;4.84667;-75.62;26/03/2026;Open-Meteo Archive;18.2;14.5;23.6;10;9.4;;;;Dato obtenido por fallback Open-Meteo;Lluvioso;Sí;No
76°33'52.5''W;3°41'52.1''N;Cumbre;6:00:00;14:00:00;32EUCAL;26/03/2026;3.697805556;-76.56458333;26/03/2026;26/03/2026 6:00;26/03/2026 14:00;26/03/2026;3.69781;-76.56458;26/03/2026;Imputado por fecha;23.8;20.5;28.5;11.6;9.6;;;;Dato diario obtenido correctamente;Lluvioso;Sí;Sí
76°33'52.5''W;3°41'52.1''N;Cumbre;14:00:00;22:00:00;32EUCAL;26/03/2026;3.697805556;-76.56458333;26/03/2026;26/03/2026 14:00;26/03/2026 22:00;26/03/2026;3.69781;-76.56458;26/03/2026;Imputado por fecha;23.8;20.5;28.5;11.6;9.6;;;;Dato diario obtenido correctamente;Lluvioso;Sí;Sí
76°28'02.8''W;3°45'08.8''N;Vijes;14:00:00;22:00:00;32SNRAF;26/03/2026;3.752444444;-76.46744444;26/03/2026;26/03/2026 14:00;26/03/2026 22:00;26/03/2026;3.75244;-76.46744;26/03/2026;Imputado por fecha;23.8;20.5;28.5;11.6;9.6;;;;Dato diario obtenido correctamente;Lluvioso;Sí;Sí
75°50'42.1''W;4°11'47.6''N;Sevilla;6:00:00;14:00:00;13AMPAR;26/03/2026;4.196555556;-75.84502778;26/03/2026;26/03/2026 6:00;26/03/2026 14:00;26/03/2026;4.19656;-75.84503;26/03/2026;Open-Meteo Archive;15.8;11.4;20;15.6;8.5;;;;Dato obtenido por fallback Open-Meteo;Lluvioso;Sí;No
75°52'16.7''W;4°12'48.2''N;Sevilla;6:00:00;14:00:00;13MIMBR;26/03/2026;4.213388889;-75.87130556;26/03/2026;26/03/2026 6:00;26/03/2026 14:00;26/03/2026;4.21339;-75.87131;26/03/2026;Open-Meteo Archive;14.5;10.1;18.7;15.6;8.5;;;;Dato obtenido por fallback Open-Meteo;Lluvioso;Sí;No
75°52'16.7''W;4°12'48.2''N;Sevilla;14:00:00;22:00:00;13MIMBR;26/03/2026;4.213388889;-75.87130556;26/03/2026;26/03/2026 14:00;26/03/2026 22:00;26/03/2026;4.21339;-75.87131;26/03/2026;Open-Meteo Archive;14.5;10.1;18.7;15.6;8.5;;;;Dato obtenido por fallback Open-Meteo;Lluvioso;Sí;No
75°37'12.0''W;4°50'48.0''N;Santa_Rosa_Cabal;14:00:00;22:00:00;15RIEL_;26/03/2026;4.846666667;-75.62;26/03/2026;26/03/2026 14:00;26/03/2026 22:00;26/03/2026;4.84667;-75.62;26/03/2026;Open-Meteo Archive;18.2;14.5;23.6;10;9.4;;;;Dato obtenido por fallback Open-Meteo;Lluvioso;Sí;No
76°33'52.5''W;3°41'52.1''N;Cumbre;6:00:00;14:00:00;32EUCAL;27/03/2026;3.697805556;-76.56458333;27/03/2026;27/03/2026 6:00;27/03/2026 14:00;27/03/2026;3.69781;-76.56458;27/03/2026;Imputado por fecha;24.1;20.2;29.1;14.8;8.9;;;;Dato diario obtenido correctamente;Lluvioso;Sí;Sí
76°33'52.5''W;3°41'52.1''N;Cumbre;14:00:00;22:00:00;32EUCAL;27/03/2026;3.697805556;-76.56458333;27/03/2026;27/03/2026 14:00;27/03/2026 22:00;27/03/2026;3.69781;-76.56458;27/03/2026;Imputado por fecha;24.1;20.2;29.1;14.8;8.9;;;;Dato diario obtenido correctamente;Lluvioso;Sí;Sí
76°28'02.8''W;3°45'08.8''N;Vijes;14:00:00;22:00:00;32SNRAF;27/03/2026;3.752444444;-76.46744444;27/03/2026;27/03/2026 14:00;27/03/2026 22:00;27/03/2026;3.75244;-76.46744;27/03/2026;Imputado por fecha;24.1;20.2;29.1;14.8;8.9;;;;Dato diario obtenido correctamente;Lluvioso;Sí;Sí
76°24'26.8''W;4°04'11.9''N;Riofrio;6:00:00;14:00:00;31GRACI;27/03/2026;4.069972222;-76.40744444;27/03/2026;27/03/2026 6:00;27/03/2026 14:00;27/03/2026;4.06997;-76.40744;27/03/2026;Open-Meteo Archive;16.6;15;19.6;19.6;7.4;;;;Dato obtenido por fallback Open-Meteo;Lluvioso;Sí;No
76°24'26.8''W;4°04'11.9''N;Riofrio;14:00:00;22:00:00;31GRACI;27/03/2026;4.069972222;-76.40744444;27/03/2026;27/03/2026 14:00;27/03/2026 22:00;27/03/2026;4.06997;-76.40744;27/03/2026;Open-Meteo Archive;16.6;15;19.6;19.6;7.4;;;;Dato obtenido por fallback Open-Meteo;Lluvioso;Sí;No
76°31'18.7''W;3°03'37.9''N;Santander_Quilichao;6:00:00;14:00:00;25QUIRA;27/03/2026;3.060527778;-76.52186111;27/03/2026;27/03/2026 6:00;27/03/2026 14:00;27/03/2026;3.06053;-76.52186;27/03/2026;Open-Meteo Archive;21.4;19;25.4;14.8;8.4;;;;Dato obtenido por fallback Open-Meteo;Lluvioso;Sí;No
76°31'18.7''W;3°03'37.9''N;Santander_Quilichao;14:00:00;22:00:00;25QUIRA;27/03/2026;3.060527778;-76.52186111;27/03/2026;27/03/2026 14:00;27/03/2026 22:00;27/03/2026;3.06053;-76.52186;27/03/2026;Open-Meteo Archive;21.4;19;25.4;14.8;8.4;;;;Dato obtenido por fallback Open-Meteo;Lluvioso;Sí;No
75°37'12.0''W;4°50'48.0''N;Santa_Rosa_Cabal;6:00:00;14:00:00;15RIEL_;27/03/2026;4.846666667;-75.62;27/03/2026;27/03/2026 6:00;27/03/2026 14:00;27/03/2026;4.84667;-75.62;27/03/2026;Open-Meteo Archive;17;15.1;21.3;32.5;8.7;;;;Dato obtenido por fallback Open-Meteo;Lluvioso;Sí;No
75°37'12.0''W;4°50'48.0''N;Santa_Rosa_Cabal;14:00:00;22:00:00;15RIEL_;27/03/2026;4.846666667;-75.62;27/03/2026;27/03/2026 14:00;27/03/2026 22:00;27/03/2026;4.84667;-75.62;27/03/2026;Open-Meteo Archive;17;15.1;21.3;32.5;8.7;;;;Dato obtenido por fallback Open-Meteo;Lluvioso;Sí;No
75°50'42.1''W;4°11'47.6''N;Sevilla;6:00:00;14:00:00;13AMPAR;27/03/2026;4.196555556;-75.84502778;27/03/2026;27/03/2026 6:00;27/03/2026 14:00;27/03/2026;4.19656;-75.84503;27/03/2026;Open-Meteo Archive;15.5;11.6;19.7;14.7;7;;;;Dato obtenido por fallback Open-Meteo;Lluvioso;Sí;No
75°50'42.1''W;4°11'47.6''N;Sevilla;14:00:00;22:00:00;13AMPAR;27/03/2026;4.196555556;-75.84502778;27/03/2026;27/03/2026 14:00;27/03/2026 22:00;27/03/2026;4.19656;-75.84503;27/03/2026;Open-Meteo Archive;15.5;11.6;19.7;14.7;7;;;;Dato obtenido por fallback Open-Meteo;Lluvioso;Sí;No
75°52'16.7''W;4°12'48.2''N;Sevilla;6:00:00;14:00:00;13MIMBR;27/03/2026;4.213388889;-75.87130556;27/03/2026;27/03/2026 6:00;27/03/2026 14:00;27/03/2026;4.21339;-75.87131;27/03/2026;Open-Meteo Archive;14.2;10.3;18.4;14.7;7;;;;Dato obtenido por fallback Open-Meteo;Lluvioso;Sí;No
75°52'16.7''W;4°12'48.2''N;Sevilla;14:00:00;22:00:00;13MIMBR;27/03/2026;4.213388889;-75.87130556;27/03/2026;27/03/2026 14:00;27/03/2026 22:00;27/03/2026;4.21339;-75.87131;27/03/2026;Open-Meteo Archive;14.2;10.3;18.4;14.7;7;;;;Dato obtenido por fallback Open-Meteo;Lluvioso;Sí;No
75°37'12.0''W;4°50'48.0''N;Santa_Rosa_Cabal;14:00:00;22:00:00;15RIEL_;27/03/2026;4.846666667;-75.62;27/03/2026;27/03/2026 14:00;27/03/2026 22:00;27/03/2026;4.84667;-75.62;27/03/2026;Open-Meteo Archive;17;15.1;21.3;32.5;8.7;;;;Dato obtenido por fallback Open-Meteo;Lluvioso;Sí;No
76°28'02.8''W;3°45'08.8''N;Vijes;6:00:00;14:00:00;32SNRAF;27/03/2026;3.752444444;-76.46744444;27/03/2026;27/03/2026 6:00;27/03/2026 14:00;27/03/2026;3.75244;-76.46744;27/03/2026;Imputado por fecha;24.1;20.2;29.1;14.8;8.9;;;;Dato diario obtenido correctamente;Lluvioso;Sí;Sí
76°16'44.2''W;4°24'52.3''N;Bolivar;6:00:00;14:00:00;35PLACE;27/03/2026;4.414527778;-76.27894444;27/03/2026;27/03/2026 6:00;27/03/2026 14:00;27/03/2026;4.41453;-76.27894;27/03/2026;Open-Meteo Archive;15.4;12.9;19.1;10.9;7.1;;;;Dato obtenido por fallback Open-Meteo;Lluvioso;Sí;No
76°16'44.2''W;4°24'52.3''N;Bolivar;14:00:00;22:00:00;35PLACE;27/03/2026;4.414527778;-76.27894444;27/03/2026;27/03/2026 14:00;27/03/2026 22:00;27/03/2026;4.41453;-76.27894;27/03/2026;Open-Meteo Archive;15.4;12.9;19.1;10.9;7.1;;;;Dato obtenido por fallback Open-Meteo;Lluvioso;Sí;No
76°34'23.0''W;3°41'39.8''N;Cumbre;6:00:00;14:00:00;32PORRA;28/03/2026;3.694388889;-76.57305556;28/03/2026;28/03/2026 6:00;28/03/2026 14:00;28/03/2026;3.69439;-76.57306;28/03/2026;Imputado por fecha;24.3;20.1;29.6;3.9;9.4;;;;Dato diario obtenido correctamente;Lluvioso;Sí;Sí
76°34'23.0''W;3°41'39.8''N;Cumbre;14:00:00;22:00:00;32PORRA;28/03/2026;3.694388889;-76.57305556;28/03/2026;28/03/2026 14:00;28/03/2026 22:00;28/03/2026;3.69439;-76.57306;28/03/2026;Imputado por fecha;24.3;20.1;29.6;3.9;9.4;;;;Dato diario obtenido correctamente;Lluvioso;Sí;Sí
76°28'02.8''W;3°45'08.8''N;Vijes;14:00:00;22:00:00;32SNRAF;28/03/2026;3.752444444;-76.46744444;28/03/2026;28/03/2026 14:00;28/03/2026 22:00;28/03/2026;3.75244;-76.46744;28/03/2026;Imputado por fecha;24.3;20.1;29.6;3.9;9.4;;;;Dato diario obtenido correctamente;Lluvioso;Sí;Sí
76°31'18.7''W;3°03'37.9''N;Santander_Quilichao;6:00:00;14:00:00;25QUIRA;28/03/2026;3.060527778;-76.52186111;28/03/2026;28/03/2026 6:00;28/03/2026 14:00;28/03/2026;3.06053;-76.52186;28/03/2026;Open-Meteo Archive;22.6;17.5;28.9;3.3;8.8;;;;Dato obtenido por fallback Open-Meteo;Lluvioso;Sí;No
76°31'18.7''W;3°03'37.9''N;Santander_Quilichao;14:00:00;22:00:00;25QUIRA;28/03/2026;3.060527778;-76.52186111;28/03/2026;28/03/2026 14:00;28/03/2026 22:00;28/03/2026;3.06053;-76.52186;28/03/2026;Open-Meteo Archive;22.6;17.5;28.9;3.3;8.8;;;;Dato obtenido por fallback Open-Meteo;Lluvioso;Sí;No
76°24'26.8''W;4°04'11.9''N;Riofrio;6:00:00;14:00:00;31GRACI;28/03/2026;4.069972222;-76.40744444;28/03/2026;28/03/2026 6:00;28/03/2026 14:00;28/03/2026;4.06997;-76.40744;28/03/2026;Open-Meteo Archive;17.7;14.3;22.9;1.2;11.5;;;;Dato obtenido por fallback Open-Meteo;Lluvioso;Sí;No
76°24'26.8''W;4°04'11.9''N;Riofrio;14:00:00;22:00:00;31GRACI;28/03/2026;4.069972222;-76.40744444;28/03/2026;28/03/2026 14:00;28/03/2026 22:00;28/03/2026;4.06997;-76.40744;28/03/2026;Open-Meteo Archive;17.7;14.3;22.9;1.2;11.5;;;;Dato obtenido por fallback Open-Meteo;Lluvioso;Sí;No
76°28'02.8''W;3°45'08.8''N;Vijes;6:00:00;14:00:00;32SNRAF;28/03/2026;3.752444444;-76.46744444;28/03/2026;28/03/2026 6:00;28/03/2026 14:00;28/03/2026;3.75244;-76.46744;28/03/2026;Imputado por fecha;24.3;20.1;29.6;3.9;9.4;;;;Dato diario obtenido correctamente;Lluvioso;Sí;Sí
75°37'12.0''W;4°50'48.0''N;Santa_Rosa_Cabal;6:00:00;14:00:00;15RIEL_;28/03/2026;4.846666667;-75.62;28/03/2026;28/03/2026 6:00;28/03/2026 14:00;28/03/2026;4.84667;-75.62;28/03/2026;Open-Meteo Archive;19.1;15.9;24.2;9.2;7.5;;;;Dato obtenido por fallback Open-Meteo;Lluvioso;Sí;No
75°37'12.0''W;4°50'48.0''N;Santa_Rosa_Cabal;6:00:00;14:00:00;15RIEL_;28/03/2026;4.846666667;-75.62;28/03/2026;28/03/2026 6:00;28/03/2026 14:00;28/03/2026;4.84667;-75.62;28/03/2026;Open-Meteo Archive;19.1;15.9;24.2;9.2;7.5;;;;Dato obtenido por fallback Open-Meteo;Lluvioso;Sí;No
75°37'12.0''W;4°50'48.0''N;Santa_Rosa_Cabal;14:00:00;22:00:00;15RIEL_;28/03/2026;4.846666667;-75.62;28/03/2026;28/03/2026 14:00;28/03/2026 22:00;28/03/2026;4.84667;-75.62;28/03/2026;Open-Meteo Archive;19.1;15.9;24.2;9.2;7.5;;;;Dato obtenido por fallback Open-Meteo;Lluvioso;Sí;No
75°37'12.0''W;4°50'48.0''N;Santa_Rosa_Cabal;14:00:00;22:00:00;15RIEL_;28/03/2026;4.846666667;-75.62;28/03/2026;28/03/2026 14:00;28/03/2026 22:00;28/03/2026;4.84667;-75.62;28/03/2026;Open-Meteo Archive;19.1;15.9;24.2;9.2;7.5;;;;Dato obtenido por fallback Open-Meteo;Lluvioso;Sí;No
75°50'42.1''W;4°11'47.6''N;Sevilla;6:00:00;14:00:00;13AMPAR;28/03/2026;4.196555556;-75.84502778;28/03/2026;28/03/2026 6:00;28/03/2026 14:00;28/03/2026;4.19656;-75.84503;28/03/2026;Open-Meteo Archive;16.5;11.7;21.7;3.9;7.3;;;;Dato obtenido por fallback Open-Meteo;Lluvioso;Sí;No
75°52'16.7''W;4°12'48.2''N;Sevilla;6:00:00;14:00:00;13MIMBR;28/03/2026;4.213388889;-75.87130556;28/03/2026;28/03/2026 6:00;28/03/2026 14:00;28/03/2026;4.21339;-75.87131;28/03/2026;Open-Meteo Archive;15.2;10.4;20.4;3.9;7.3;;;;Dato obtenido por fallback Open-Meteo;Lluvioso;Sí;No
75°52'16.7''W;4°12'48.2''N;Sevilla;14:00:00;22:00:00;13MIMBR;28/03/2026;4.213388889;-75.87130556;28/03/2026;28/03/2026 14:00;28/03/2026 22:00;28/03/2026;4.21339;-75.87131;28/03/2026;Open-Meteo Archive;15.2;10.4;20.4;3.9;7.3;;;;Dato obtenido por fallback Open-Meteo;Lluvioso;Sí;No
76°16'44.2''W;4°24'52.3''N;Bolivar;6:00:00;14:00:00;35PLACE;28/03/2026;4.414527778;-76.27894444;28/03/2026;28/03/2026 6:00;28/03/2026 14:00;28/03/2026;4.41453;-76.27894;28/03/2026;Open-Meteo Archive;15.9;12.8;21.4;2.8;11.7;;;;Dato obtenido por fallback Open-Meteo;Lluvioso;Sí;No
76°16'44.2''W;4°24'52.3''N;Bolivar;14:00:00;22:00:00;35PLACE;28/03/2026;4.414527778;-76.27894444;28/03/2026;28/03/2026 14:00;28/03/2026 22:00;28/03/2026;4.41453;-76.27894;28/03/2026;Open-Meteo Archive;15.9;12.8;21.4;2.8;11.7;;;;Dato obtenido por fallback Open-Meteo;Lluvioso;Sí;No
76°28'02.8''W;3°45'08.8''N;Vijes;6:00:00;14:00:00;32SNRAF;29/03/2026;3.752444444;-76.46744444;29/03/2026;29/03/2026 6:00;29/03/2026 14:00;29/03/2026;3.75244;-76.46744;29/03/2026;Imputado por fecha;23.91363636;20.5;28.7;5.5;8.395454545;;0;;Dato horario agregado a día obtenido correctamente;Lluvioso;Sí;Sí
75°52'16.7''W;4°12'48.2''N;Sevilla;6:00:00;14:00:00;13MIMBR;29/03/2026;4.213388889;-75.87130556;29/03/2026;29/03/2026 6:00;29/03/2026 14:00;29/03/2026;4.21339;-75.87131;29/03/2026;Open-Meteo Archive;15.6;12.8;20.1;5.5;7.7;;;;Dato obtenido por fallback Open-Meteo;Lluvioso;Sí;No
75°52'16.7''W;4°12'48.2''N;Sevilla;14:00:00;22:00:00;13MIMBR;29/03/2026;4.213388889;-75.87130556;29/03/2026;29/03/2026 14:00;29/03/2026 22:00;29/03/2026;4.21339;-75.87131;29/03/2026;Open-Meteo Archive;15.6;12.8;20.1;5.5;7.7;;;;Dato obtenido por fallback Open-Meteo;Lluvioso;Sí;No
75°50'42.1''W;4°11'47.6''N;Sevilla;6:00:00;14:00:00;13AMPAR;29/03/2026;4.196555556;-75.84502778;29/03/2026;29/03/2026 6:00;29/03/2026 14:00;29/03/2026;4.19656;-75.84503;29/03/2026;Open-Meteo Archive;17;14.1;21.5;5.5;7.7;;;;Dato obtenido por fallback Open-Meteo;Lluvioso;Sí;No
75°50'42.1''W;4°11'47.6''N;Sevilla;14:00:00;22:00:00;13AMPAR;29/03/2026;4.196555556;-75.84502778;29/03/2026;29/03/2026 14:00;29/03/2026 22:00;29/03/2026;4.19656;-75.84503;29/03/2026;Open-Meteo Archive;17;14.1;21.5;5.5;7.7;;;;Dato obtenido por fallback Open-Meteo;Lluvioso;Sí;No
75°37'12.0''W;4°50'48.0''N;Santa_Rosa_Cabal;6:00:00;14:00:00;15RIEL_;29/03/2026;4.846666667;-75.62;29/03/2026;29/03/2026 6:00;29/03/2026 14:00;29/03/2026;4.84667;-75.62;29/03/2026;Open-Meteo Archive;18.1;15.3;24;21.2;9.4;;;;Dato obtenido por fallback Open-Meteo;Lluvioso;Sí;No
75°37'12.0''W;4°50'48.0''N;Santa_Rosa_Cabal;6:00:00;14:00:00;15RIEL_;29/03/2026;4.846666667;-75.62;29/03/2026;29/03/2026 6:00;29/03/2026 14:00;29/03/2026;4.84667;-75.62;29/03/2026;Open-Meteo Archive;18.1;15.3;24;21.2;9.4;;;;Dato obtenido por fallback Open-Meteo;Lluvioso;Sí;No
75°37'12.0''W;4°50'48.0''N;Santa_Rosa_Cabal;14:00:00;22:00:00;15RIEL_;29/03/2026;4.846666667;-75.62;29/03/2026;29/03/2026 14:00;29/03/2026 22:00;29/03/2026;4.84667;-75.62;29/03/2026;Open-Meteo Archive;18.1;15.3;24;21.2;9.4;;;;Dato obtenido por fallback Open-Meteo;Lluvioso;Sí;No
75°37'12.0''W;4°50'48.0''N;Santa_Rosa_Cabal;14:00:00;22:00:00;15RIEL_;29/03/2026;4.846666667;-75.62;29/03/2026;29/03/2026 14:00;29/03/2026 22:00;29/03/2026;4.84667;-75.62;29/03/2026;Open-Meteo Archive;18.1;15.3;24;21.2;9.4;;;;Dato obtenido por fallback Open-Meteo;Lluvioso;Sí;No
76°16'44.2''W;4°24'52.3''N;Bolivar;6:00:00;14:00:00;35PLACE;29/03/2026;4.414527778;-76.27894444;29/03/2026;29/03/2026 6:00;29/03/2026 14:00;29/03/2026;4.41453;-76.27894;29/03/2026;Open-Meteo Archive;16.1;14;19.4;4.7;10.3;;;;Dato obtenido por fallback Open-Meteo;Lluvioso;Sí;No
76°31'18.7''W;3°03'37.9''N;Santander_Quilichao;6:00:00;14:00:00;25QUIRA;29/03/2026;3.060527778;-76.52186111;29/03/2026;29/03/2026 6:00;29/03/2026 14:00;29/03/2026;3.06053;-76.52186;29/03/2026;Open-Meteo Archive;22.3;17.8;28.2;7.5;10.2;;;;Dato obtenido por fallback Open-Meteo;Lluvioso;Sí;No
76°31'18.7''W;3°03'37.9''N;Santander_Quilichao;14:00:00;22:00:00;25QUIRA;29/03/2026;3.060527778;-76.52186111;29/03/2026;29/03/2026 14:00;29/03/2026 22:00;29/03/2026;3.06053;-76.52186;29/03/2026;Open-Meteo Archive;22.3;17.8;28.2;7.5;10.2;;;;Dato obtenido por fallback Open-Meteo;Lluvioso;Sí;No
76°28'02.8''W;3°45'08.8''N;Vijes;14:00:00;22:00:00;32SNRAF;29/03/2026;3.752444444;-76.46744444;29/03/2026;29/03/2026 14:00;29/03/2026 22:00;29/03/2026;3.75244;-76.46744;29/03/2026;Imputado por fecha;23.91363636;20.5;28.7;5.5;8.395454545;;0;;Dato horario agregado a día obtenido correctamente;Lluvioso;Sí;Sí
75°52'16.7''W;4°12'48.2''N;Sevilla;6:00:00;14:00:00;13MIMBR;29/03/2026;4.213388889;-75.87130556;29/03/2026;29/03/2026 6:00;29/03/2026 14:00;29/03/2026;4.21339;-75.87131;29/03/2026;Open-Meteo Archive;15.6;12.8;20.1;5.5;7.7;;;;Dato obtenido por fallback Open-Meteo;Lluvioso;Sí;No
75°52'16.7''W;4°12'48.2''N;Sevilla;14:00:00;22:00:00;13MIMBR;29/03/2026;4.213388889;-75.87130556;29/03/2026;29/03/2026 14:00;29/03/2026 22:00;29/03/2026;4.21339;-75.87131;29/03/2026;Open-Meteo Archive;15.6;12.8;20.1;5.5;7.7;;;;Dato obtenido por fallback Open-Meteo;Lluvioso;Sí;No
75°50'42.1''W;4°11'47.6''N;Sevilla;6:00:00;14:00:00;13AMPAR;29/03/2026;4.196555556;-75.84502778;29/03/2026;29/03/2026 6:00;29/03/2026 14:00;29/03/2026;4.19656;-75.84503;29/03/2026;Open-Meteo Archive;17;14.1;21.5;5.5;7.7;;;;Dato obtenido por fallback Open-Meteo;Lluvioso;Sí;No
75°50'42.1''W;4°11'47.6''N;Sevilla;14:00:00;22:00:00;13AMPAR;29/03/2026;4.196555556;-75.84502778;29/03/2026;29/03/2026 14:00;29/03/2026 22:00;29/03/2026;4.19656;-75.84503;29/03/2026;Open-Meteo Archive;17;14.1;21.5;5.5;7.7;;;;Dato obtenido por fallback Open-Meteo;Lluvioso;Sí;No
75°37'12.0''W;4°50'48.0''N;Santa_Rosa_Cabal;6:00:00;14:00:00;15RIEL_;25/03/2026;4.846666667;-75.62;25/03/2026;25/03/2026 6:00;25/03/2026 14:00;25/03/2026;4.84667;-75.62;25/03/2026;Open-Meteo Archive;17.7;15.4;22.6;7.6;8.3;;;;Dato obtenido por fallback Open-Meteo;Lluvioso;Sí;No
76°34'23.0''W;3°41'39.8''N;Cumbre;6:00:00;14:00:00;32PORRA;29/03/2026;3.694388889;-76.57305556;29/03/2026;29/03/2026 6:00;29/03/2026 14:00;29/03/2026;3.69439;-76.57306;29/03/2026;Imputado por fecha;23.91363636;20.5;28.7;5.5;8.395454545;;0;;Dato horario agregado a día obtenido correctamente;Lluvioso;Sí;Sí
76°24'26.8''W;4°04'11.9''N;Riofrio;6:00:00;14:00:00;31GRACI;29/03/2026;4.069972222;-76.40744444;29/03/2026;29/03/2026 6:00;29/03/2026 14:00;29/03/2026;4.06997;-76.40744;29/03/2026;Open-Meteo Archive;17.4;13.8;21.2;8.1;11.1;;;;Dato obtenido por fallback Open-Meteo;Lluvioso;Sí;No
76°24'26.8''W;4°04'11.9''N;Riofrio;14:00:00;22:00:00;31GRACI;29/03/2026;4.069972222;-76.40744444;29/03/2026;29/03/2026 14:00;29/03/2026 22:00;29/03/2026;4.06997;-76.40744;29/03/2026;Open-Meteo Archive;17.4;13.8;21.2;8.1;11.1;;;;Dato obtenido por fallback Open-Meteo;Lluvioso;Sí;No
76°31'18.7''W;3°03'37.9''N;Santander_Quilichao;14:00:00;22:00:00;25QUIRA;30/03/2026;3.060527778;-76.52186111;30/03/2026;30/03/2026 14:00;30/03/2026 22:00;30/03/2026;3.06053;-76.52186;30/03/2026;Open-Meteo Archive;22;18.5;27.6;6.3;9.9;;;;Dato obtenido por fallback Open-Meteo;Lluvioso;Sí;No
76°24'26.8''W;4°04'11.9''N;Riofrio;6:00:00;14:00:00;31GRACI;30/03/2026;4.069972222;-76.40744444;30/03/2026;30/03/2026 6:00;30/03/2026 14:00;30/03/2026;4.06997;-76.40744;30/03/2026;Open-Meteo Archive;16.4;14.5;19.6;11.9;7.7;;;;Dato obtenido por fallback Open-Meteo;Lluvioso;Sí;No
76°25'40.8''W;4°03'16.7''N;Riofrio;14:00:00;22:00:00;31ESMER;30/03/2026;4.054638889;-76.428;30/03/2026;30/03/2026 14:00;30/03/2026 22:00;30/03/2026;4.05464;-76.428;30/03/2026;Open-Meteo Archive;15.5;13.5;18.6;11.9;7.7;;;;Dato obtenido por fallback Open-Meteo;Lluvioso;Sí;No
76°27'15.0''W;3°45'32.4''N;Vijes;6:00:00;14:00:00;32MONTE;30/03/2026;3.759;-76.45416667;30/03/2026;30/03/2026 6:00;30/03/2026 14:00;30/03/2026;3.759;-76.45417;30/03/2026;Open-Meteo Archive;18;15.7;21.8;5.5;9.8;;;;Dato obtenido por fallback Open-Meteo;Lluvioso;Sí;No
76°34'23.0''W;3°41'39.8''N;Cumbre;6:00:00;14:00:00;32PORRA;30/03/2026;3.694388889;-76.57305556;30/03/2026;30/03/2026 6:00;30/03/2026 14:00;30/03/2026;3.69439;-76.57306;30/03/2026;Open-Meteo Archive;18.7;16.7;22.6;4.9;12.5;;;;Dato obtenido por fallback Open-Meteo;Lluvioso;Sí;No
75°52'16.7''W;4°12'48.2''N;Sevilla;6:00:00;14:00:00;13MIMBR;30/03/2026;4.213388889;-75.87130556;30/03/2026;30/03/2026 6:00;30/03/2026 14:00;30/03/2026;4.21339;-75.87131;30/03/2026;Open-Meteo Archive;15;13.1;18.4;3.7;6.1;;;;Dato obtenido por fallback Open-Meteo;Lluvioso;Sí;No
75°52'16.7''W;4°12'48.2''N;Sevilla;14:00:00;22:00:00;13MIMBR;30/03/2026;4.213388889;-75.87130556;30/03/2026;30/03/2026 14:00;30/03/2026 22:00;30/03/2026;4.21339;-75.87131;30/03/2026;Open-Meteo Archive;15;13.1;18.4;3.7;6.1;;;;Dato obtenido por fallback Open-Meteo;Lluvioso;Sí;No
75°50'42.1''W;4°11'47.6''N;Sevilla;6:00:00;14:00:00;13AMPAR;30/03/2026;4.196555556;-75.84502778;30/03/2026;30/03/2026 6:00;30/03/2026 14:00;30/03/2026;4.19656;-75.84503;30/03/2026;Open-Meteo Archive;16.4;14.4;19.7;3.7;6.1;;;;Dato obtenido por fallback Open-Meteo;Lluvioso;Sí;No
75°50'42.1''W;4°11'47.6''N;Sevilla;14:00:00;22:00:00;13AMPAR;30/03/2026;4.196555556;-75.84502778;30/03/2026;30/03/2026 14:00;30/03/2026 22:00;30/03/2026;4.19656;-75.84503;30/03/2026;Open-Meteo Archive;16.4;14.4;19.7;3.7;6.1;;;;Dato obtenido por fallback Open-Meteo;Lluvioso;Sí;No
76°31'18.7''W;3°03'37.9''N;Santander_Quilichao;6:00:00;14:00:00;25QUIRA;30/03/2026;3.060527778;-76.52186111;30/03/2026;30/03/2026 6:00;30/03/2026 14:00;30/03/2026;3.06053;-76.52186;30/03/2026;Open-Meteo Archive;22;18.5;27.6;6.3;9.9;;;;Dato obtenido por fallback Open-Meteo;Lluvioso;Sí;No
75°37'12.0''W;4°50'48.0''N;Santa_Rosa_Cabal;6:00:00;14:00:00;15RIEL_;30/03/2026;4.846666667;-75.62;30/03/2026;30/03/2026 6:00;30/03/2026 14:00;30/03/2026;4.84667;-75.62;30/03/2026;Open-Meteo Archive;17.7;15.2;22.5;13.5;9.1;;;;Dato obtenido por fallback Open-Meteo;Lluvioso;Sí;No
75°37'12.0''W;4°50'48.0''N;Santa_Rosa_Cabal;14:00:00;22:00:00;15RIEL_;30/03/2026;4.846666667;-75.62;30/03/2026;30/03/2026 14:00;30/03/2026 22:00;30/03/2026;4.84667;-75.62;30/03/2026;Open-Meteo Archive;17.7;15.2;22.5;13.5;9.1;;;;Dato obtenido por fallback Open-Meteo;Lluvioso;Sí;No
76°27'15.0''W;3°45'32.4''N;Vijes;14:00:00;22:00:00;32MONTE;30/03/2026;3.759;-76.45416667;30/03/2026;30/03/2026 14:00;30/03/2026 22:00;30/03/2026;3.759;-76.45417;30/03/2026;Open-Meteo Archive;18;15.7;21.8;5.5;9.8;;;;Dato obtenido por fallback Open-Meteo;Lluvioso;Sí;No
76°16'44.2''W;4°24'52.3''N;Bolivar;6:00:00;14:00:00;35PLACE;30/03/2026;4.414527778;-76.27894444;30/03/2026;30/03/2026 6:00;30/03/2026 14:00;30/03/2026;4.41453;-76.27894;30/03/2026;Open-Meteo Archive;16;13.7;19.8;1.2;9.3;;;;Dato obtenido por fallback Open-Meteo;Lluvioso;Sí;No
76°16'44.2''W;4°24'52.3''N;Bolivar;14:00:00;22:00:00;35PLACE;30/03/2026;4.414527778;-76.27894444;30/03/2026;30/03/2026 14:00;30/03/2026 22:00;30/03/2026;4.41453;-76.27894;30/03/2026;Open-Meteo Archive;16;13.7;19.8;1.2;9.3;;;;Dato obtenido por fallback Open-Meteo;Lluvioso;Sí;No
76°31'18.7''W;3°03'37.9''N;Santander_Quilichao;14:00:00;22:00:00;25QUIRA;31/03/2026;3.060527778;-76.52186111;31/03/2026;31/03/2026 14:00;31/03/2026 22:00;31/03/2026;3.06053;-76.52186;31/03/2026;Open-Meteo Archive;22.6;18.4;28.6;0;13.6;;;;Dato obtenido por fallback Open-Meteo;Seco;No;No
76°16'44.2''W;4°24'52.3''N;Bolivar;14:00:00;22:00:00;35PLACE;31/03/2026;4.414527778;-76.27894444;31/03/2026;31/03/2026 14:00;31/03/2026 22:00;31/03/2026;4.41453;-76.27894;31/03/2026;Open-Meteo Archive;16;13;20.7;5.4;11.7;;;;Dato obtenido por fallback Open-Meteo;Lluvioso;Sí;No
76°27'15.0''W;3°45'32.4''N;Vijes;14:00:00;22:00:00;32MONTE;31/03/2026;3.759;-76.45416667;31/03/2026;31/03/2026 14:00;31/03/2026 22:00;31/03/2026;3.759;-76.45417;31/03/2026;Open-Meteo Archive;17.9;14.8;22.6;2.9;12.5;;;;Dato obtenido por fallback Open-Meteo;Lluvioso;Sí;No
75°37'12.0''W;4°50'48.0''N;Santa_Rosa_Cabal;6:00:00;14:00:00;15RIEL_;31/03/2026;4.846666667;-75.62;31/03/2026;31/03/2026 6:00;31/03/2026 14:00;31/03/2026;4.84667;-75.62;31/03/2026;Open-Meteo Archive;17.8;13.1;23.9;10.4;7.6;;;;Dato obtenido por fallback Open-Meteo;Lluvioso;Sí;No
75°37'12.0''W;4°50'48.0''N;Santa_Rosa_Cabal;6:00:00;14:00:00;15RIEL_;31/03/2026;4.846666667;-75.62;31/03/2026;31/03/2026 6:00;31/03/2026 14:00;31/03/2026;4.84667;-75.62;31/03/2026;Open-Meteo Archive;17.8;13.1;23.9;10.4;7.6;;;;Dato obtenido por fallback Open-Meteo;Lluvioso;Sí;No
75°37'12.0''W;4°50'48.0''N;Santa_Rosa_Cabal;14:00:00;22:00:00;15RIEL_;31/03/2026;4.846666667;-75.62;31/03/2026;31/03/2026 14:00;31/03/2026 22:00;31/03/2026;4.84667;-75.62;31/03/2026;Open-Meteo Archive;17.8;13.1;23.9;10.4;7.6;;;;Dato obtenido por fallback Open-Meteo;Lluvioso;Sí;No
75°37'12.0''W;4°50'48.0''N;Santa_Rosa_Cabal;14:00:00;22:00:00;15RIEL_;31/03/2026;4.846666667;-75.62;31/03/2026;31/03/2026 14:00;31/03/2026 22:00;31/03/2026;4.84667;-75.62;31/03/2026;Open-Meteo Archive;17.8;13.1;23.9;10.4;7.6;;;;Dato obtenido por fallback Open-Meteo;Lluvioso;Sí;No
76°31'18.7''W;3°03'37.9''N;Santander_Quilichao;6:00:00;14:00:00;25QUIRA;31/03/2026;3.060527778;-76.52186111;31/03/2026;31/03/2026 6:00;31/03/2026 14:00;31/03/2026;3.06053;-76.52186;31/03/2026;Open-Meteo Archive;22.6;18.4;28.6;0;13.6;;;;Dato obtenido por fallback Open-Meteo;Seco;No;No
75°52'16.7''W;4°12'48.2''N;Sevilla;6:00:00;14:00:00;13MIMBR;31/03/2026;4.213388889;-75.87130556;31/03/2026;31/03/2026 6:00;31/03/2026 14:00;31/03/2026;4.21339;-75.87131;31/03/2026;Open-Meteo Archive;15.6;12.1;21.1;1.3;8;;;;Dato obtenido por fallback Open-Meteo;Lluvioso;Sí;No
76°28'02.8''W;3°45'08.8''N;Vijes;6:00:00;14:00:00;32SNRAF;31/03/2026;3.752444444;-76.46744444;31/03/2026;31/03/2026 6:00;31/03/2026 14:00;31/03/2026;3.75244;-76.46744;31/03/2026;Open-Meteo Archive;19.8;16.2;25.6;1.1;16.6;;;;Dato obtenido por fallback Open-Meteo;Lluvioso;Sí;No
75°52'16.7''W;4°12'48.2''N;Sevilla;14:00:00;22:00:00;13MIMBR;31/03/2026;4.213388889;-75.87130556;31/03/2026;31/03/2026 14:00;31/03/2026 22:00;31/03/2026;4.21339;-75.87131;31/03/2026;Open-Meteo Archive;15.6;12.1;21.1;1.3;8;;;;Dato obtenido por fallback Open-Meteo;Lluvioso;Sí;No
75°50'42.1''W;4°11'47.6''N;Sevilla;6:00:00;14:00:00;13AMPAR;31/03/2026;4.196555556;-75.84502778;31/03/2026;31/03/2026 6:00;31/03/2026 14:00;31/03/2026;4.19656;-75.84503;31/03/2026;Open-Meteo Archive;16.9;13.5;22.4;1.3;8;;;;Dato obtenido por fallback Open-Meteo;Lluvioso;Sí;No
75°50'42.1''W;4°11'47.6''N;Sevilla;14:00:00;22:00:00;13AMPAR;31/03/2026;4.196555556;-75.84502778;31/03/2026;31/03/2026 14:00;31/03/2026 22:00;31/03/2026;4.19656;-75.84503;31/03/2026;Open-Meteo Archive;16.9;13.5;22.4;1.3;8;;;;Dato obtenido por fallback Open-Meteo;Lluvioso;Sí;No
76°16'44.2''W;4°24'52.3''N;Bolivar;6:00:00;14:00:00;35PLACE;31/03/2026;4.414527778;-76.27894444;31/03/2026;31/03/2026 6:00;31/03/2026 14:00;31/03/2026;4.41453;-76.27894;31/03/2026;Open-Meteo Archive;16;13;20.7;5.4;11.7;;;;Dato obtenido por fallback Open-Meteo;Lluvioso;Sí;No
76°35'12.5''W;3°41'47.2''N;Cumbre;14:00:00;22:00:00;32LOREN;30/03/2026;3.696444444;-76.58680556;30/03/2026;30/03/2026 14:00;30/03/2026 22:00;30/03/2026;3.69644;-76.58681;30/03/2026;Open-Meteo Archive;19.5;17.5;23.4;4.9;12.5;;;;Dato obtenido por fallback Open-Meteo;Lluvioso;Sí;No
76°35'12.5''W;3°41'47.2''N;Cumbre;6:00:00;14:00:00;32LOREN;31/03/2026;3.696444444;-76.58680556;31/03/2026;31/03/2026 6:00;31/03/2026 14:00;31/03/2026;3.69644;-76.58681;31/03/2026;Open-Meteo Archive;19.6;16.7;25.6;0.6;14.9;;;;Dato obtenido por fallback Open-Meteo;Lluvioso;Sí;No
76°34'23.0''W;3°41'39.8''N;Cumbre;14:00:00;22:00:00;32PORRA;31/03/2026;3.694388889;-76.57305556;31/03/2026;31/03/2026 14:00;31/03/2026 22:00;31/03/2026;3.69439;-76.57306;31/03/2026;Open-Meteo Archive;18.8;15.9;24.8;0.6;14.9;;;;Dato obtenido por fallback Open-Meteo;Lluvioso;Sí;No
75°37'12.0''W;4°50'48.0''N;Santa_Rosa_Cabal;6:00:00;14:00:00;15RIEL_;31/03/2026;4.846666667;-75.62;31/03/2026;31/03/2026 6:00;31/03/2026 14:00;31/03/2026;4.84667;-75.62;31/03/2026;Open-Meteo Archive;17.8;13.1;23.9;10.4;7.6;;;;Dato obtenido por fallback Open-Meteo;Lluvioso;Sí;No
76°24'26.8''W;4°04'11.9''N;Riofrio;14:00:00;22:00:00;31GRACI;01/04/2026;4.069972222;-76.40744444;01/04/2026;01/04/2026 14:00;01/04/2026 22:00;01/04/2026;4.06997;-76.40744;01/04/2026;Open-Meteo Archive;16.6;13.7;21.3;18.3;8;;;;Dato obtenido por fallback Open-Meteo;Lluvioso;Sí;No
76°31'18.7''W;3°03'37.9''N;Santander_Quilichao;14:00:00;22:00:00;25QUIRA;01/04/2026;3.060527778;-76.52186111;01/04/2026;01/04/2026 14:00;01/04/2026 22:00;01/04/2026;3.06053;-76.52186;01/04/2026;Open-Meteo Archive;22;18;29.6;6.4;12.6;;;;Dato obtenido por fallback Open-Meteo;Lluvioso;Sí;No
76°31'18.7''W;3°03'37.9''N;Santander_Quilichao;6:00:00;14:00:00;25QUIRA;01/04/2026;3.060527778;-76.52186111;01/04/2026;01/04/2026 6:00;01/04/2026 14:00;01/04/2026;3.06053;-76.52186;01/04/2026;Open-Meteo Archive;22;18;29.6;6.4;12.6;;;;Dato obtenido por fallback Open-Meteo;Lluvioso;Sí;No
76°24'26.8''W;4°04'11.9''N;Riofrio;6:00:00;14:00:00;31GRACI;02/04/2026;4.069972222;-76.40744444;02/04/2026;02/04/2026 6:00;02/04/2026 14:00;02/04/2026;4.06997;-76.40744;02/04/2026;Open-Meteo Archive;17.1;12.8;21.7;1.2;10.5;;;;Dato obtenido por fallback Open-Meteo;Lluvioso;Sí;No
76°31'18.7''W;3°03'37.9''N;Santander_Quilichao;14:00:00;22:00:00;25QUIRA;02/04/2026;3.060527778;-76.52186111;02/04/2026;02/04/2026 14:00;02/04/2026 22:00;02/04/2026;3.06053;-76.52186;02/04/2026;Open-Meteo Archive;22.5;17.4;29;0.3;12.5;;;;Dato obtenido por fallback Open-Meteo;Lluvioso;Sí;No
76°31'18.7''W;3°03'37.9''N;Santander_Quilichao;6:00:00;14:00:00;25QUIRA;02/04/2026;3.060527778;-76.52186111;02/04/2026;02/04/2026 6:00;02/04/2026 14:00;02/04/2026;3.06053;-76.52186;02/04/2026;Open-Meteo Archive;22.5;17.4;29;0.3;12.5;;;;Dato obtenido por fallback Open-Meteo;Lluvioso;Sí;No
76°31'18.7''W;3°03'37.9''N;Santander_Quilichao;14:00:00;22:00:00;25QUIRA;03/04/2026;3.060527778;-76.52186111;03/04/2026;03/04/2026 14:00;03/04/2026 22:00;03/04/2026;3.06053;-76.52186;03/04/2026;Open-Meteo Archive;23.2;17.8;30;1.1;10.9;;;;Dato obtenido por fallback Open-Meteo;Lluvioso;Sí;No
76°31'18.7''W;3°03'37.9''N;Santander_Quilichao;6:00:00;14:00:00;25QUIRA;03/04/2026;3.060527778;-76.52186111;03/04/2026;03/04/2026 6:00;03/04/2026 14:00;03/04/2026;3.06053;-76.52186;03/04/2026;Open-Meteo Archive;23.2;17.8;30;1.1;10.9;;;;Dato obtenido por fallback Open-Meteo;Lluvioso;Sí;No
76°31'18.7''W;3°03'37.9''N;Santander_Quilichao;14:00:00;22:00:00;25QUIRA;03/04/2026;3.060527778;-76.52186111;03/04/2026;03/04/2026 14:00;03/04/2026 22:00;03/04/2026;3.06053;-76.52186;03/04/2026;Open-Meteo Archive;23.2;17.8;30;1.1;10.9;;;;Dato obtenido por fallback Open-Meteo;Lluvioso;Sí;No
76°31'18.7''W;3°03'37.9''N;Santander_Quilichao;14:00:00;22:00:00;25QUIRA;04/04/2026;3.060527778;-76.52186111;04/04/2026;04/04/2026 14:00;04/04/2026 22:00;04/04/2026;3.06053;-76.52186;04/04/2026;Open-Meteo Archive;23.1;18.6;29.2;25;10.9;;;;Dato obtenido por fallback Open-Meteo;Lluvioso;Sí;No
76°31'18.7''W;3°03'37.9''N;Santander_Quilichao;14:00:00;22:00:00;25QUIRA;04/04/2026;3.060527778;-76.52186111;04/04/2026;04/04/2026 14:00;04/04/2026 22:00;04/04/2026;3.06053;-76.52186;04/04/2026;Open-Meteo Archive;23.1;18.6;29.2;25;10.9;;;;Dato obtenido por fallback Open-Meteo;Lluvioso;Sí;No
76°31'18.7''W;3°03'37.9''N;Santander_Quilichao;6:00:00;14:00:00;25QUIRA;05/04/2026;3.060527778;-76.52186111;05/04/2026;05/04/2026 6:00;05/04/2026 14:00;05/04/2026;3.06053;-76.52186;05/04/2026;Open-Meteo Archive;21.8;19.5;25.1;17.5;9.6;;;;Dato obtenido por fallback Open-Meteo;Lluvioso;Sí;No
76°31'18.7''W;3°03'37.9''N;Santander_Quilichao;14:00:00;22:00:00;25QUIRA;05/04/2026;3.060527778;-76.52186111;05/04/2026;05/04/2026 14:00;05/04/2026 22:00;05/04/2026;3.06053;-76.52186;05/04/2026;Open-Meteo Archive;21.8;19.5;25.1;17.5;9.6;;;;Dato obtenido por fallback Open-Meteo;Lluvioso;Sí;No
76°32'44.7''W;3°41'27.4''N;Cumbre;6:00:00;14:00:00;32AGUAC;01/04/2026;3.690944444;-76.54575;01/04/2026;01/04/2026 6:00;01/04/2026 14:00;01/04/2026;3.69094;-76.54575;01/04/2026;Open-Meteo Archive;19.4;16.9;25.4;3.3;18.1;;;;Dato obtenido por fallback Open-Meteo;Lluvioso;Sí;No
76°34'23.0''W;3°41'39.8''N;Cumbre;14:00:00;22:00:00;32PORRA;01/04/2026;3.694388889;-76.57305556;01/04/2026;01/04/2026 14:00;01/04/2026 22:00;01/04/2026;3.69439;-76.57306;01/04/2026;Open-Meteo Archive;18.6;16.1;24.6;3.3;18.1;;;;Dato obtenido por fallback Open-Meteo;Lluvioso;Sí;No
76°16'44.2''W;4°24'52.3''N;Bolivar;6:00:00;14:00:00;35PLACE;01/04/2026;4.414527778;-76.27894444;01/04/2026;01/04/2026 6:00;01/04/2026 14:00;01/04/2026;4.41453;-76.27894;01/04/2026;Open-Meteo Archive;15.8;13.5;20;2.3;13.9;;;;Dato obtenido por fallback Open-Meteo;Lluvioso;Sí;No
76°16'44.2''W;4°24'52.3''N;Bolivar;14:00:00;22:00:00;35PLACE;01/04/2026;4.414527778;-76.27894444;01/04/2026;01/04/2026 14:00;01/04/2026 22:00;01/04/2026;4.41453;-76.27894;01/04/2026;Open-Meteo Archive;15.8;13.5;20;2.3;13.9;;;;Dato obtenido por fallback Open-Meteo;Lluvioso;Sí;No
76°32'44.7''W;3°41'27.4''N;Cumbre;6:00:00;14:00:00;32AGUAC;02/04/2026;3.690944444;-76.54575;02/04/2026;02/04/2026 6:00;02/04/2026 14:00;02/04/2026;3.69094;-76.54575;02/04/2026;Open-Meteo Archive;19.4;15.9;25;2;15.7;;;;Dato obtenido por fallback Open-Meteo;Lluvioso;Sí;No
76°16'44.2''W;4°24'52.3''N;Bolivar;6:00:00;14:00:00;35PLACE;02/04/2026;4.414527778;-76.27894444;02/04/2026;02/04/2026 6:00;02/04/2026 14:00;02/04/2026;4.41453;-76.27894;02/04/2026;Open-Meteo Archive;15.6;12;20.7;1.8;11.7;;;;Dato obtenido por fallback Open-Meteo;Lluvioso;Sí;No
76°32'44.7''W;3°41'27.4''N;Cumbre;6:00:00;14:00:00;32AGUAC;03/04/2026;3.690944444;-76.54575;03/04/2026;03/04/2026 6:00;03/04/2026 14:00;03/04/2026;3.69094;-76.54575;03/04/2026;Open-Meteo Archive;20.4;17;26.7;1.2;15.7;;;;Dato obtenido por fallback Open-Meteo;Lluvioso;Sí;No
76°16'44.2''W;4°24'52.3''N;Bolivar;6:00:00;14:00:00;35PLACE;03/04/2026;4.414527778;-76.27894444;03/04/2026;03/04/2026 6:00;03/04/2026 14:00;03/04/2026;4.41453;-76.27894;03/04/2026;Open-Meteo Archive;16.3;11.7;21.7;1.7;12.4;;;;Dato obtenido por fallback Open-Meteo;Lluvioso;Sí;No
76°16'44.2''W;4°24'52.3''N;Bolivar;6:00:00;14:00:00;35PLACE;04/04/2026;4.414527778;-76.27894444;04/04/2026;04/04/2026 6:00;04/04/2026 14:00;04/04/2026;4.41453;-76.27894;04/04/2026;Open-Meteo Archive;16.6;14.5;19.3;5.5;10.4;;;;Dato obtenido por fallback Open-Meteo;Lluvioso;Sí;No
76°32'44.7''W;3°41'27.4''N;Cumbre;6:00:00;14:00:00;32AGUAC;05/04/2026;3.690944444;-76.54575;05/04/2026;05/04/2026 6:00;05/04/2026 14:00;05/04/2026;3.69094;-76.54575;05/04/2026;Open-Meteo Archive;19.5;17.8;22.9;8.4;11;;;;Dato obtenido por fallback Open-Meteo;Lluvioso;Sí;No
75°37'12.0''W;4°50'48.0''N;Santa_Rosa_Cabal;6:00:00;14:00:00;15RIEL_;01/04/2026;4.846666667;-75.62;01/04/2026;01/04/2026 6:00;01/04/2026 14:00;01/04/2026;4.84667;-75.62;01/04/2026;Open-Meteo Archive;17.7;13;24.4;16;9.9;;;;Dato obtenido por fallback Open-Meteo;Lluvioso;Sí;No
75°37'12.0''W;4°50'48.0''N;Santa_Rosa_Cabal;14:00:00;22:00:00;15RIEL_;01/04/2026;4.846666667;-75.62;01/04/2026;01/04/2026 14:00;01/04/2026 22:00;01/04/2026;4.84667;-75.62;01/04/2026;Open-Meteo Archive;17.7;13;24.4;16;9.9;;;;Dato obtenido por fallback Open-Meteo;Lluvioso;Sí;No
75°37'12.0''W;4°50'48.0''N;Santa_Rosa_Cabal;14:00:00;22:00:00;15RIEL_;01/04/2026;4.846666667;-75.62;01/04/2026;01/04/2026 14:00;01/04/2026 22:00;01/04/2026;4.84667;-75.62;01/04/2026;Open-Meteo Archive;17.7;13;24.4;16;9.9;;;;Dato obtenido por fallback Open-Meteo;Lluvioso;Sí;No
75°37'12.0''W;4°50'48.0''N;Santa_Rosa_Cabal;14:00:00;22:00:00;15RIEL_;02/04/2026;4.846666667;-75.62;02/04/2026;02/04/2026 14:00;02/04/2026 22:00;02/04/2026;4.84667;-75.62;02/04/2026;Open-Meteo Archive;18;12.4;24.2;1.9;8.9;;;;Dato obtenido por fallback Open-Meteo;Lluvioso;Sí;No
75°37'12.0''W;4°50'48.0''N;Santa_Rosa_Cabal;6:00:00;14:00:00;15RIEL_;02/04/2026;4.846666667;-75.62;02/04/2026;02/04/2026 6:00;02/04/2026 14:00;02/04/2026;4.84667;-75.62;02/04/2026;Open-Meteo Archive;18;12.4;24.2;1.9;8.9;;;;Dato obtenido por fallback Open-Meteo;Lluvioso;Sí;No
75°37'12.0''W;4°50'48.0''N;Santa_Rosa_Cabal;6:00:00;14:00:00;15RIEL_;02/04/2026;4.846666667;-75.62;02/04/2026;02/04/2026 6:00;02/04/2026 14:00;02/04/2026;4.84667;-75.62;02/04/2026;Open-Meteo Archive;18;12.4;24.2;1.9;8.9;;;;Dato obtenido por fallback Open-Meteo;Lluvioso;Sí;No
75°37'12.0''W;4°50'48.0''N;Santa_Rosa_Cabal;14:00:00;22:00:00;15RIEL_;02/04/2026;4.846666667;-75.62;02/04/2026;02/04/2026 14:00;02/04/2026 22:00;02/04/2026;4.84667;-75.62;02/04/2026;Open-Meteo Archive;18;12.4;24.2;1.9;8.9;;;;Dato obtenido por fallback Open-Meteo;Lluvioso;Sí;No
75°37'12.0''W;4°50'48.0''N;Santa_Rosa_Cabal;6:00:00;14:00:00;15RIEL_;03/04/2026;4.846666667;-75.62;03/04/2026;03/04/2026 6:00;03/04/2026 14:00;03/04/2026;4.84667;-75.62;03/04/2026;Open-Meteo Archive;19.2;13.4;25.6;1.7;10.2;;;;Dato obtenido por fallback Open-Meteo;Lluvioso;Sí;No
75°37'12.0''W;4°50'48.0''N;Santa_Rosa_Cabal;6:00:00;14:00:00;15RIEL_;03/04/2026;4.846666667;-75.62;03/04/2026;03/04/2026 6:00;03/04/2026 14:00;03/04/2026;4.84667;-75.62;03/04/2026;Open-Meteo Archive;19.2;13.4;25.6;1.7;10.2;;;;Dato obtenido por fallback Open-Meteo;Lluvioso;Sí;No
75°37'12.0''W;4°50'48.0''N;Santa_Rosa_Cabal;14:00:00;22:00:00;15RIEL_;03/04/2026;4.846666667;-75.62;03/04/2026;03/04/2026 14:00;03/04/2026 22:00;03/04/2026;4.84667;-75.62;03/04/2026;Open-Meteo Archive;19.2;13.4;25.6;1.7;10.2;;;;Dato obtenido por fallback Open-Meteo;Lluvioso;Sí;No
75°37'12.0''W;4°50'48.0''N;Santa_Rosa_Cabal;14:00:00;22:00:00;15RIEL_;03/04/2026;4.846666667;-75.62;03/04/2026;03/04/2026 14:00;03/04/2026 22:00;03/04/2026;4.84667;-75.62;03/04/2026;Open-Meteo Archive;19.2;13.4;25.6;1.7;10.2;;;;Dato obtenido por fallback Open-Meteo;Lluvioso;Sí;No
75°37'12.0''W;4°50'48.0''N;Santa_Rosa_Cabal;6:00:00;14:00:00;15RIEL_;04/04/2026;4.846666667;-75.62;04/04/2026;04/04/2026 6:00;04/04/2026 14:00;04/04/2026;4.84667;-75.62;04/04/2026;Open-Meteo Archive;19.8;16.6;25.1;1;7.1;;;;Dato obtenido por fallback Open-Meteo;Lluvioso;Sí;No
75°37'12.0''W;4°50'48.0''N;Santa_Rosa_Cabal;14:00:00;22:00:00;15RIEL_;04/04/2026;4.846666667;-75.62;04/04/2026;04/04/2026 14:00;04/04/2026 22:00;04/04/2026;4.84667;-75.62;04/04/2026;Open-Meteo Archive;19.8;16.6;25.1;1;7.1;;;;Dato obtenido por fallback Open-Meteo;Lluvioso;Sí;No
76°27'15.0''W;3°45'32.4''N;Vijes;6:00:00;14:00:00;32MONTE;01/04/2026;3.759;-76.45416667;01/04/2026;01/04/2026 6:00;01/04/2026 14:00;01/04/2026;3.759;-76.45417;01/04/2026;Open-Meteo Archive;17.8;15.4;22.9;1.1;18.8;;;;Dato obtenido por fallback Open-Meteo;Lluvioso;Sí;No
76°27'15.0''W;3°45'32.4''N;Vijes;14:00:00;22:00:00;32MONTE;01/04/2026;3.759;-76.45416667;01/04/2026;01/04/2026 14:00;01/04/2026 22:00;01/04/2026;3.759;-76.45417;01/04/2026;Open-Meteo Archive;17.8;15.4;22.9;1.1;18.8;;;;Dato obtenido por fallback Open-Meteo;Lluvioso;Sí;No
76°27'15.0''W;3°45'32.4''N;Vijes;14:00:00;22:00:00;32MONTE;02/04/2026;3.759;-76.45416667;02/04/2026;02/04/2026 14:00;02/04/2026 22:00;02/04/2026;3.759;-76.45417;02/04/2026;Open-Meteo Archive;18;15;21.9;1.5;14;;;;Dato obtenido por fallback Open-Meteo;Lluvioso;Sí;No
76°27'15.0''W;3°45'32.4''N;Vijes;6:00:00;14:00:00;32MONTE;02/04/2026;3.759;-76.45416667;02/04/2026;02/04/2026 6:00;02/04/2026 14:00;02/04/2026;3.759;-76.45417;02/04/2026;Open-Meteo Archive;18;15;21.9;1.5;14;;;;Dato obtenido por fallback Open-Meteo;Lluvioso;Sí;No
76°27'15.0''W;3°45'32.4''N;Vijes;6:00:00;14:00:00;32MONTE;03/04/2026;3.759;-76.45416667;03/04/2026;03/04/2026 6:00;03/04/2026 14:00;03/04/2026;3.759;-76.45417;03/04/2026;Open-Meteo Archive;18.6;14.5;23.4;0.3;15.3;;;;Dato obtenido por fallback Open-Meteo;Lluvioso;Sí;No
76°27'15.0''W;3°45'32.4''N;Vijes;14:00:00;22:00:00;32MONTE;03/04/2026;3.759;-76.45416667;03/04/2026;03/04/2026 14:00;03/04/2026 22:00;03/04/2026;3.759;-76.45417;03/04/2026;Open-Meteo Archive;18.6;14.5;23.4;0.3;15.3;;;;Dato obtenido por fallback Open-Meteo;Lluvioso;Sí;No
76°27'15.0''W;3°45'32.4''N;Vijes;6:00:00;14:00:00;32MONTE;04/04/2026;3.759;-76.45416667;04/04/2026;04/04/2026 6:00;04/04/2026 14:00;04/04/2026;3.759;-76.45417;04/04/2026;Open-Meteo Archive;18.8;15.6;22.4;0.9;12.4;;;;Dato obtenido por fallback Open-Meteo;Lluvioso;Sí;No
76°27'15.0''W;3°45'32.4''N;Vijes;14:00:00;22:00:00;32MONTE;04/04/2026;3.759;-76.45416667;04/04/2026;04/04/2026 14:00;04/04/2026 22:00;04/04/2026;3.759;-76.45417;04/04/2026;Open-Meteo Archive;18.8;15.6;22.4;0.9;12.4;;;;Dato obtenido por fallback Open-Meteo;Lluvioso;Sí;No
75°52'33.4''W;4°06'28.8''N;Sevilla;6:00:00;14:00:00;13SINAB;01/04/2026;4.108;-75.87594444;01/04/2026;01/04/2026 6:00;01/04/2026 14:00;01/04/2026;4.108;-75.87594;01/04/2026;Open-Meteo Archive;13.6;9.8;19.1;6.8;9.4;;;;Dato obtenido por fallback Open-Meteo;Lluvioso;Sí;No
75°52'33.4''W;4°06'28.8''N;Sevilla;14:00:00;22:00:00;13SINAB;01/04/2026;4.108;-75.87594444;01/04/2026;01/04/2026 14:00;01/04/2026 22:00;01/04/2026;4.108;-75.87594;01/04/2026;Open-Meteo Archive;13.6;9.8;19.1;6.8;9.4;;;;Dato obtenido por fallback Open-Meteo;Lluvioso;Sí;No
75°52'33.4''W;4°06'28.8''N;Sevilla;6:00:00;14:00:00;13SINAB;01/04/2026;4.108;-75.87594444;01/04/2026;01/04/2026 6:00;01/04/2026 14:00;01/04/2026;4.108;-75.87594;01/04/2026;Open-Meteo Archive;13.6;9.8;19.1;6.8;9.4;;;;Dato obtenido por fallback Open-Meteo;Lluvioso;Sí;No
75°50'42.1''W;4°11'47.6''N;Sevilla;14:00:00;22:00:00;13AMPAR;01/04/2026;4.196555556;-75.84502778;01/04/2026;01/04/2026 14:00;01/04/2026 22:00;01/04/2026;4.19656;-75.84503;01/04/2026;Open-Meteo Archive;16.3;12.8;21.9;12.6;9.6;;;;Dato obtenido por fallback Open-Meteo;Lluvioso;Sí;No
75°52'33.4''W;4°06'28.8''N;Sevilla;6:00:00;14:00:00;13SINAB;01/04/2026;4.108;-75.87594444;01/04/2026;01/04/2026 6:00;01/04/2026 14:00;01/04/2026;4.108;-75.87594;01/04/2026;Open-Meteo Archive;13.6;9.8;19.1;6.8;9.4;;;;Dato obtenido por fallback Open-Meteo;Lluvioso;Sí;No
75°52'16.7''W;4°12'48.2''N;Sevilla;14:00:00;22:00:00;13MIMBR;01/04/2026;4.213388889;-75.87130556;01/04/2026;01/04/2026 14:00;01/04/2026 22:00;01/04/2026;4.21339;-75.87131;01/04/2026;Open-Meteo Archive;14.9;11.5;20.6;12.6;9.6;;;;Dato obtenido por fallback Open-Meteo;Lluvioso;Sí;No
75°50'42.1''W;4°11'47.6''N;Sevilla;6:00:00;14:00:00;13AMPAR;01/04/2026;4.196555556;-75.84502778;01/04/2026;01/04/2026 6:00;01/04/2026 14:00;01/04/2026;4.19656;-75.84503;01/04/2026;Open-Meteo Archive;16.3;12.8;21.9;12.6;9.6;;;;Dato obtenido por fallback Open-Meteo;Lluvioso;Sí;No
75°50'42.1''W;4°11'47.6''N;Sevilla;14:00:00;22:00:00;13AMPAR;01/04/2026;4.196555556;-75.84502778;01/04/2026;01/04/2026 14:00;01/04/2026 22:00;01/04/2026;4.19656;-75.84503;01/04/2026;Open-Meteo Archive;16.3;12.8;21.9;12.6;9.6;;;;Dato obtenido por fallback Open-Meteo;Lluvioso;Sí;No
75°52'33.4''W;4°06'28.8''N;Sevilla;6:00:00;14:00:00;13SINAB;02/04/2026;4.108;-75.87594444;02/04/2026;02/04/2026 6:00;02/04/2026 14:00;02/04/2026;4.108;-75.87594;02/04/2026;Open-Meteo Archive;13.8;9.2;18.4;1.5;7.3;;;;Dato obtenido por fallback Open-Meteo;Lluvioso;Sí;No
75°52'33.4''W;4°06'28.8''N;Sevilla;14:00:00;22:00:00;13SINAB;02/04/2026;4.108;-75.87594444;02/04/2026;02/04/2026 14:00;02/04/2026 22:00;02/04/2026;4.108;-75.87594;02/04/2026;Open-Meteo Archive;13.8;9.2;18.4;1.5;7.3;;;;Dato obtenido por fallback Open-Meteo;Lluvioso;Sí;No
75°52'33.4''W;4°06'28.8''N;Sevilla;6:00:00;14:00:00;13SINAB;02/04/2026;4.108;-75.87594444;02/04/2026;02/04/2026 6:00;02/04/2026 14:00;02/04/2026;4.108;-75.87594;02/04/2026;Open-Meteo Archive;13.8;9.2;18.4;1.5;7.3;;;;Dato obtenido por fallback Open-Meteo;Lluvioso;Sí;No
75°52'33.4''W;4°06'28.8''N;Sevilla;14:00:00;22:00:00;13SINAB;02/04/2026;4.108;-75.87594444;02/04/2026;02/04/2026 14:00;02/04/2026 22:00;02/04/2026;4.108;-75.87594;02/04/2026;Open-Meteo Archive;13.8;9.2;18.4;1.5;7.3;;;;Dato obtenido por fallback Open-Meteo;Lluvioso;Sí;No
75°52'33.4''W;4°06'28.8''N;Sevilla;6:00:00;14:00:00;13SINAB;03/04/2026;4.108;-75.87594444;03/04/2026;03/04/2026 6:00;03/04/2026 14:00;03/04/2026;4.108;-75.87594;03/04/2026;Open-Meteo Archive;14.4;8.9;20;2.3;8.7;;;;Dato obtenido por fallback Open-Meteo;Lluvioso;Sí;No
75°52'33.4''W;4°06'28.8''N;Sevilla;14:00:00;22:00:00;13SINAB;03/04/2026;4.108;-75.87594444;03/04/2026;03/04/2026 14:00;03/04/2026 22:00;03/04/2026;4.108;-75.87594;03/04/2026;Open-Meteo Archive;14.4;8.9;20;2.3;8.7;;;;Dato obtenido por fallback Open-Meteo;Lluvioso;Sí;No
75°52'33.4''W;4°06'28.8''N;Sevilla;6:00:00;14:00:00;13SINAB;03/04/2026;4.108;-75.87594444;03/04/2026;03/04/2026 6:00;03/04/2026 14:00;03/04/2026;4.108;-75.87594;03/04/2026;Open-Meteo Archive;14.4;8.9;20;2.3;8.7;;;;Dato obtenido por fallback Open-Meteo;Lluvioso;Sí;No
75°52'33.4''W;4°06'28.8''N;Sevilla;14:00:00;22:00:00;13SINAB;03/04/2026;4.108;-75.87594444;03/04/2026;03/04/2026 14:00;03/04/2026 22:00;03/04/2026;4.108;-75.87594;03/04/2026;Open-Meteo Archive;14.4;8.9;20;2.3;8.7;;;;Dato obtenido por fallback Open-Meteo;Lluvioso;Sí;No
76°24'26.8''W;4°04'11.9''N;Riofrio;6:00:00;14:00:00;31GRACI;02/04/2026;4.069972222;-76.40744444;02/04/2026;02/04/2026 6:00;02/04/2026 14:00;02/04/2026;4.06997;-76.40744;02/04/2026;Open-Meteo Archive;17.1;12.8;21.7;1.2;10.5;;;;Dato obtenido por fallback Open-Meteo;Lluvioso;Sí;No
76°24'26.8''W;4°04'11.9''N;Riofrio;6:00:00;14:00:00;31GRACI;03/04/2026;4.069972222;-76.40744444;03/04/2026;03/04/2026 6:00;03/04/2026 14:00;03/04/2026;4.06997;-76.40744;03/04/2026;Open-Meteo Archive;17.7;12.6;23.1;1.7;11;;;;Dato obtenido por fallback Open-Meteo;Lluvioso;Sí;No
76°24'26.8''W;4°04'11.9''N;Riofrio;6:00:00;14:00:00;31GRACI;04/04/2026;4.069972222;-76.40744444;04/04/2026;04/04/2026 6:00;04/04/2026 14:00;04/04/2026;4.06997;-76.40744;04/04/2026;Open-Meteo Archive;18.2;13.5;22.8;2.7;13.1;;;;Dato obtenido por fallback Open-Meteo;Lluvioso;Sí;No
76°24'26.8''W;4°04'11.9''N;Riofrio;6:00:00;14:00:00;31GRACI;05/04/2026;4.069972222;-76.40744444;05/04/2026;05/04/2026 6:00;05/04/2026 14:00;05/04/2026;4.06997;-76.40744;05/04/2026;Open-Meteo Archive;16.6;14.9;19.1;17.5;8.1;;;;Dato obtenido por fallback Open-Meteo;Lluvioso;Sí;No
76°24'26.8''W;4°04'11.9''N;Riofrio;6:00:00;14:00:00;31GRACI;06/04/2026;4.069972222;-76.40744444;06/04/2026;06/04/2026 6:00;06/04/2026 14:00;06/04/2026;4.06997;-76.40744;06/04/2026;Open-Meteo Archive;17.1;14.7;20.6;12.7;11.3;;;;Dato obtenido por fallback Open-Meteo;Lluvioso;Sí;No
76°24'26.8''W;4°04'11.9''N;Riofrio;14:00:00;22:00:00;31GRACI;06/04/2026;4.069972222;-76.40744444;06/04/2026;06/04/2026 14:00;06/04/2026 22:00;06/04/2026;4.06997;-76.40744;06/04/2026;Open-Meteo Archive;17.1;14.7;20.6;12.7;11.3;;;;Dato obtenido por fallback Open-Meteo;Lluvioso;Sí;No
76°24'26.8''W;4°04'11.9''N;Riofrio;14:00:00;22:00:00;31GRACI;07/04/2026;4.069972222;-76.40744444;07/04/2026;07/04/2026 14:00;07/04/2026 22:00;07/04/2026;4.06997;-76.40744;07/04/2026;Open-Meteo Archive;17.4;14.4;20.6;3.4;10.4;;;;Dato obtenido por fallback Open-Meteo;Lluvioso;Sí;No
76°24'26.8''W;4°04'11.9''N;Riofrio;6:00:00;14:00:00;31GRACI;07/04/2026;4.069972222;-76.40744444;07/04/2026;07/04/2026 6:00;07/04/2026 14:00;07/04/2026;4.06997;-76.40744;07/04/2026;Open-Meteo Archive;17.4;14.4;20.6;3.4;10.4;;;;Dato obtenido por fallback Open-Meteo;Lluvioso;Sí;No
76°32'44.7''W;3°41'27.4''N;Cumbre;6:00:00;14:00:00;32AGUAC;06/04/2026;3.690944444;-76.54575;06/04/2026;06/04/2026 6:00;06/04/2026 14:00;06/04/2026;3.69094;-76.54575;06/04/2026;Open-Meteo Archive;20.2;17.5;26;3.7;14.6;;;;Dato obtenido por fallback Open-Meteo;Lluvioso;Sí;No
76°34'23.0''W;3°41'39.8''N;Cumbre;14:00:00;22:00:00;32PORRA;06/04/2026;3.694388889;-76.57305556;06/04/2026;06/04/2026 14:00;06/04/2026 22:00;06/04/2026;3.69439;-76.57306;06/04/2026;Open-Meteo Archive;19.4;16.8;25.2;3.7;14.6;;;;Dato obtenido por fallback Open-Meteo;Lluvioso;Sí;No
76°16'44.2''W;4°24'52.3''N;Bolivar;6:00:00;14:00:00;35PLACE;06/04/2026;4.414527778;-76.27894444;06/04/2026;06/04/2026 6:00;06/04/2026 14:00;06/04/2026;4.41453;-76.27894;06/04/2026;Open-Meteo Archive;16.3;13.7;21;7.3;9.9;;;;Dato obtenido por fallback Open-Meteo;Lluvioso;Sí;No
76°16'44.2''W;4°24'52.3''N;Bolivar;14:00:00;22:00:00;35PLACE;06/04/2026;4.414527778;-76.27894444;06/04/2026;06/04/2026 14:00;06/04/2026 22:00;06/04/2026;4.41453;-76.27894;06/04/2026;Open-Meteo Archive;16.3;13.7;21;7.3;9.9;;;;Dato obtenido por fallback Open-Meteo;Lluvioso;Sí;No
76°16'44.2''W;4°24'52.3''N;Bolivar;6:00:00;14:00:00;35PLACE;07/04/2026;4.414527778;-76.27894444;07/04/2026;07/04/2026 6:00;07/04/2026 14:00;07/04/2026;4.41453;-76.27894;07/04/2026;Open-Meteo Archive;16.4;14;21.6;16.1;9.2;;;;Dato obtenido por fallback Open-Meteo;Lluvioso;Sí;No
76°16'44.2''W;4°24'52.3''N;Bolivar;14:00:00;22:00:00;35PLACE;07/04/2026;4.414527778;-76.27894444;07/04/2026;07/04/2026 14:00;07/04/2026 22:00;07/04/2026;4.41453;-76.27894;07/04/2026;Open-Meteo Archive;16.4;14;21.6;16.1;9.2;;;;Dato obtenido por fallback Open-Meteo;Lluvioso;Sí;No
76°27'15.0''W;3°45'32.4''N;Vijes;6:00:00;14:00:00;32MONTE;05/04/2026;3.759;-76.45416667;05/04/2026;05/04/2026 6:00;05/04/2026 14:00;05/04/2026;3.759;-76.45417;05/04/2026;Open-Meteo Archive;18.1;16.2;21.1;17.8;7.9;;;;Dato obtenido por fallback Open-Meteo;Lluvioso;Sí;No
76°27'15.0''W;3°45'32.4''N;Vijes;14:00:00;22:00:00;32MONTE;05/04/2026;3.759;-76.45416667;05/04/2026;05/04/2026 14:00;05/04/2026 22:00;05/04/2026;3.759;-76.45417;05/04/2026;Open-Meteo Archive;18.1;16.2;21.1;17.8;7.9;;;;Dato obtenido por fallback Open-Meteo;Lluvioso;Sí;No
76°27'15.0''W;3°45'32.4''N;Vijes;6:00:00;14:00:00;32MONTE;06/04/2026;3.759;-76.45416667;06/04/2026;06/04/2026 6:00;06/04/2026 14:00;06/04/2026;3.759;-76.45417;06/04/2026;Open-Meteo Archive;18.5;16.2;22.5;7.4;10.9;;;;Dato obtenido por fallback Open-Meteo;Lluvioso;Sí;No
76°27'15.0''W;3°45'32.4''N;Vijes;14:00:00;22:00:00;32MONTE;06/04/2026;3.759;-76.45416667;06/04/2026;06/04/2026 14:00;06/04/2026 22:00;06/04/2026;3.759;-76.45417;06/04/2026;Open-Meteo Archive;18.5;16.2;22.5;7.4;10.9;;;;Dato obtenido por fallback Open-Meteo;Lluvioso;Sí;No
76°27'15.0''W;3°45'32.4''N;Vijes;14:00:00;22:00:00;32MONTE;07/04/2026;3.759;-76.45416667;07/04/2026;07/04/2026 14:00;07/04/2026 22:00;07/04/2026;3.759;-76.45417;07/04/2026;Open-Meteo Archive;18.1;15.8;21.2;6.8;11.3;;;;Dato obtenido por fallback Open-Meteo;Lluvioso;Sí;No
76°27'15.0''W;3°45'32.4''N;Vijes;6:00:00;14:00:00;32MONTE;07/04/2026;3.759;-76.45416667;07/04/2026;07/04/2026 6:00;07/04/2026 14:00;07/04/2026;3.759;-76.45417;07/04/2026;Open-Meteo Archive;18.1;15.8;21.2;6.8;11.3;;;;Dato obtenido por fallback Open-Meteo;Lluvioso;Sí;No
75°52'33.4''W;4°06'28.8''N;Sevilla;6:00:00;14:00:00;13SINAB;04/04/2026;4.108;-75.87594444;04/04/2026;04/04/2026 6:00;04/04/2026 14:00;04/04/2026;4.108;-75.87594;04/04/2026;Open-Meteo Archive;14.1;9.4;18.6;15.5;7.8;;;;Dato obtenido por fallback Open-Meteo;Lluvioso;Sí;No
75°52'33.4''W;4°06'28.8''N;Sevilla;6:00:00;14:00:00;13SINAB;04/04/2026;4.108;-75.87594444;04/04/2026;04/04/2026 6:00;04/04/2026 14:00;04/04/2026;4.108;-75.87594;04/04/2026;Open-Meteo Archive;14.1;9.4;18.6;15.5;7.8;;;;Dato obtenido por fallback Open-Meteo;Lluvioso;Sí;No
75°52'33.4''W;4°06'28.8''N;Sevilla;6:00:00;14:00:00;13SINAB;04/04/2026;4.108;-75.87594444;04/04/2026;04/04/2026 6:00;04/04/2026 14:00;04/04/2026;4.108;-75.87594;04/04/2026;Open-Meteo Archive;14.1;9.4;18.6;15.5;7.8;;;;Dato obtenido por fallback Open-Meteo;Lluvioso;Sí;No
75°52'33.4''W;4°06'28.8''N;Sevilla;14:00:00;22:00:00;13SINAB;04/04/2026;4.108;-75.87594444;04/04/2026;04/04/2026 14:00;04/04/2026 22:00;04/04/2026;4.108;-75.87594;04/04/2026;Open-Meteo Archive;14.1;9.4;18.6;15.5;7.8;;;;Dato obtenido por fallback Open-Meteo;Lluvioso;Sí;No
76°31'18.7''W;3°03'37.9''N;Santander_Quilichao;6:00:00;14:00:00;25QUIRA;06/04/2026;3.060527778;-76.52186111;06/04/2026;06/04/2026 6:00;06/04/2026 14:00;06/04/2026;3.06053;-76.52186;06/04/2026;Open-Meteo Archive;22.3;18.5;28;6.4;9.6;;;;Dato obtenido por fallback Open-Meteo;Lluvioso;Sí;No
76°31'18.7''W;3°03'37.9''N;Santander_Quilichao;6:00:00;14:00:00;25QUIRA;07/04/2026;3.060527778;-76.52186111;07/04/2026;07/04/2026 6:00;07/04/2026 14:00;07/04/2026;3.06053;-76.52186;07/04/2026;Open-Meteo Archive;22.3;18;28.1;13.5;12.6;;;;Dato obtenido por fallback Open-Meteo;Lluvioso;Sí;No
76°32'44.7''W;3°41'27.4''N;Cumbre;6:00:00;14:00:00;32AGUAC;07/04/2026;3.690944444;-76.54575;07/04/2026;07/04/2026 6:00;07/04/2026 14:00;07/04/2026;3.69094;-76.54575;07/04/2026;Open-Meteo Archive;19.5;17.2;23.4;6.2;13.3;;;;Dato obtenido por fallback Open-Meteo;Lluvioso;Sí;No
76°32'44.7''W;3°41'27.4''N;Cumbre;14:00:00;22:00:00;32AGUAC;07/04/2026;3.690944444;-76.54575;07/04/2026;07/04/2026 14:00;07/04/2026 22:00;07/04/2026;3.69094;-76.54575;07/04/2026;Open-Meteo Archive;19.5;17.2;23.4;6.2;13.3;;;;Dato obtenido por fallback Open-Meteo;Lluvioso;Sí;No
76°32'44.7''W;3°41'27.4''N;Cumbre;22:00:00;6:00:00;32AGUAC;07/04/2026;3.690944444;-76.54575;07/04/2026;07/04/2026 22:00;08/04/2026 6:00;07/04/2026;3.69094;-76.54575;07/04/2026;Open-Meteo Archive;19.5;17.2;23.4;6.2;13.3;;;;Dato obtenido por fallback Open-Meteo;Lluvioso;Sí;No
76°24'26.8''W;4°04'11.9''N;Riofrio;6:00:00;14:00:00;31GRACI;08/04/2026;4.069972222;-76.40744444;08/04/2026;08/04/2026 6:00;08/04/2026 14:00;08/04/2026;4.06997;-76.40744;08/04/2026;Open-Meteo Archive;17.2;15.1;19.7;3.8;8.4;;;;Dato obtenido por fallback Open-Meteo;Lluvioso;Sí;No
76°24'26.8''W;4°04'11.9''N;Riofrio;14:00:00;22:00:00;31GRACI;08/04/2026;4.069972222;-76.40744444;08/04/2026;08/04/2026 14:00;08/04/2026 22:00;08/04/2026;4.06997;-76.40744;08/04/2026;Open-Meteo Archive;17.2;15.1;19.7;3.8;8.4;;;;Dato obtenido por fallback Open-Meteo;Lluvioso;Sí;No
76°31'18.7''W;3°03'37.9''N;Santander_Quilichao;6:00:00;14:00:00;25QUIRA;08/04/2026;3.060527778;-76.52186111;08/04/2026;08/04/2026 6:00;08/04/2026 14:00;08/04/2026;3.06053;-76.52186;08/04/2026;Open-Meteo Archive;21.3;17.8;25.4;0.6;12.2;;;;Dato obtenido por fallback Open-Meteo;Lluvioso;Sí;No
76°16'44.2''W;4°24'52.3''N;Bolivar;6:00:00;14:00:00;35PLACE;08/04/2026;4.414527778;-76.27894444;08/04/2026;08/04/2026 6:00;08/04/2026 14:00;08/04/2026;4.41453;-76.27894;08/04/2026;Open-Meteo Archive;16.6;14.1;20.6;7.6;6.7;;;;Dato obtenido por fallback Open-Meteo;Lluvioso;Sí;No
76°16'44.2''W;4°24'52.3''N;Bolivar;14:00:00;22:00:00;35PLACE;08/04/2026;4.414527778;-76.27894444;08/04/2026;08/04/2026 14:00;08/04/2026 22:00;08/04/2026;4.41453;-76.27894;08/04/2026;Open-Meteo Archive;16.6;14.1;20.6;7.6;6.7;;;;Dato obtenido por fallback Open-Meteo;Lluvioso;Sí;No
76°32'44.7''W;3°41'27.4''N;Cumbre;14:00:00;22:00:00;32AGUAC;08/04/2026;3.690944444;-76.54575;08/04/2026;08/04/2026 14:00;08/04/2026 22:00;08/04/2026;3.69094;-76.54575;08/04/2026;Open-Meteo Archive;19.5;17.5;22.2;3.4;12.3;;;;Dato obtenido por fallback Open-Meteo;Lluvioso;Sí;No
76°32'44.7''W;3°41'27.4''N;Cumbre;22:00:00;6:00:00;32AGUAC;08/04/2026;3.690944444;-76.54575;08/04/2026;08/04/2026 22:00;09/04/2026 6:00;08/04/2026;3.69094;-76.54575;08/04/2026;Open-Meteo Archive;19.5;17.5;22.2;3.4;12.3;;;;Dato obtenido por fallback Open-Meteo;Lluvioso;Sí;No
76°27'15.0''W;3°45'32.4''N;Vijes;6:00:00;14:00:00;32MONTE;08/04/2026;3.759;-76.45416667;08/04/2026;08/04/2026 6:00;08/04/2026 14:00;08/04/2026;3.759;-76.45417;08/04/2026;Open-Meteo Archive;17.9;15.8;20.4;8.3;6.9;;;;Dato obtenido por fallback Open-Meteo;Lluvioso;Sí;No
76°32'44.7''W;3°41'27.4''N;Cumbre;6:00:00;14:00:00;32AGUAC;08/04/2026;3.690944444;-76.54575;08/04/2026;08/04/2026 6:00;08/04/2026 14:00;08/04/2026;3.69094;-76.54575;08/04/2026;Open-Meteo Archive;19.5;17.5;22.2;3.4;12.3;;;;Dato obtenido por fallback Open-Meteo;Lluvioso;Sí;No
76°27'15.0''W;3°45'32.4''N;Vijes;14:00:00;22:00:00;32MONTE;08/04/2026;3.759;-76.45416667;08/04/2026;08/04/2026 14:00;08/04/2026 22:00;08/04/2026;3.759;-76.45417;08/04/2026;Open-Meteo Archive;17.9;15.8;20.4;8.3;6.9;;;;Dato obtenido por fallback Open-Meteo;Lluvioso;Sí;No
76°31'18.7''W;3°03'37.9''N;Santander_Quilichao;6:00:00;14:00:00;25QUIRA;09/04/2026;3.060527778;-76.52186111;09/04/2026;09/04/2026 6:00;09/04/2026 14:00;09/04/2026;3.06053;-76.52186;09/04/2026;Open-Meteo Archive;22.7;17.1;29;0.6;12.2;;;;Dato obtenido por fallback Open-Meteo;Lluvioso;Sí;No
76°24'26.8''W;4°04'11.9''N;Riofrio;6:00:00;14:00:00;31GRACI;09/04/2026;4.069972222;-76.40744444;09/04/2026;09/04/2026 6:00;09/04/2026 14:00;09/04/2026;4.06997;-76.40744;09/04/2026;Open-Meteo Archive;18.2;14.7;22.1;0.2;11.7;;;;Dato obtenido por fallback Open-Meteo;Lluvioso;Sí;No
76°24'26.8''W;4°04'11.9''N;Riofrio;14:00:00;22:00:00;31GRACI;09/04/2026;4.069972222;-76.40744444;09/04/2026;09/04/2026 14:00;09/04/2026 22:00;09/04/2026;4.06997;-76.40744;09/04/2026;Open-Meteo Archive;18.2;14.7;22.1;0.2;11.7;;;;Dato obtenido por fallback Open-Meteo;Lluvioso;Sí;No
76°32'44.7''W;3°41'27.4''N;Cumbre;6:00:00;14:00:00;32AGUAC;09/04/2026;3.690944444;-76.54575;09/04/2026;09/04/2026 6:00;09/04/2026 14:00;09/04/2026;3.69094;-76.54575;09/04/2026;Open-Meteo Archive;20.2;17.1;26.2;2;14.5;;;;Dato obtenido por fallback Open-Meteo;Lluvioso;Sí;No
76°32'44.7''W;3°41'27.4''N;Cumbre;14:00:00;22:00:00;32AGUAC;09/04/2026;3.690944444;-76.54575;09/04/2026;09/04/2026 14:00;09/04/2026 22:00;09/04/2026;3.69094;-76.54575;09/04/2026;Open-Meteo Archive;20.2;17.1;26.2;2;14.5;;;;Dato obtenido por fallback Open-Meteo;Lluvioso;Sí;No
76°32'44.7''W;3°41'27.4''N;Cumbre;22:00:00;6:00:00;32AGUAC;09/04/2026;3.690944444;-76.54575;09/04/2026;09/04/2026 22:00;10/04/2026 6:00;09/04/2026;3.69094;-76.54575;09/04/2026;Open-Meteo Archive;20.2;17.1;26.2;2;14.5;;;;Dato obtenido por fallback Open-Meteo;Lluvioso;Sí;No
76°16'44.2''W;4°24'52.3''N;Bolivar;6:00:00;14:00:00;35PLACE;09/04/2026;4.414527778;-76.27894444;09/04/2026;09/04/2026 6:00;09/04/2026 14:00;09/04/2026;4.41453;-76.27894;09/04/2026;Open-Meteo Archive;16.9;13.8;21.6;8.2;9;;;;Dato obtenido por fallback Open-Meteo;Lluvioso;Sí;No
76°16'44.2''W;4°24'52.3''N;Bolivar;14:00:00;22:00:00;35PLACE;09/04/2026;4.414527778;-76.27894444;09/04/2026;09/04/2026 14:00;09/04/2026 22:00;09/04/2026;4.41453;-76.27894;09/04/2026;Open-Meteo Archive;16.9;13.8;21.6;8.2;9;;;;Dato obtenido por fallback Open-Meteo;Lluvioso;Sí;No
76°27'15.0''W;3°45'32.4''N;Vijes;6:00:00;14:00:00;32MONTE;09/04/2026;3.759;-76.45416667;09/04/2026;09/04/2026 6:00;09/04/2026 14:00;09/04/2026;3.759;-76.45417;09/04/2026;Open-Meteo Archive;18.8;15.5;23;2.9;10.6;;;;Dato obtenido por fallback Open-Meteo;Lluvioso;Sí;No
76°27'15.0''W;3°45'32.4''N;Vijes;14:00:00;22:00:00;32MONTE;09/04/2026;3.759;-76.45416667;09/04/2026;09/04/2026 14:00;09/04/2026 22:00;09/04/2026;3.759;-76.45417;09/04/2026;Open-Meteo Archive;18.8;15.5;23;2.9;10.6;;;;Dato obtenido por fallback Open-Meteo;Lluvioso;Sí;No
76°24'26.8''W;4°04'11.9''N;Riofrio;6:00:00;14:00:00;31GRACI;10/04/2026;4.069972222;-76.40744444;10/04/2026;10/04/2026 6:00;10/04/2026 14:00;10/04/2026;4.06997;-76.40744;10/04/2026;Open-Meteo Archive;18.5;14.3;23.2;8.7;11.7;;;;Dato obtenido por fallback Open-Meteo;Lluvioso;Sí;No
76°24'26.8''W;4°04'11.9''N;Riofrio;14:00:00;22:00:00;31GRACI;10/04/2026;4.069972222;-76.40744444;10/04/2026;10/04/2026 14:00;10/04/2026 22:00;10/04/2026;4.06997;-76.40744;10/04/2026;Open-Meteo Archive;18.5;14.3;23.2;8.7;11.7;;;;Dato obtenido por fallback Open-Meteo;Lluvioso;Sí;No
76°24'26.8''W;4°04'11.9''N;Riofrio;14:00:00;22:00:00;31GRACI;10/04/2026;4.069972222;-76.40744444;10/04/2026;10/04/2026 14:00;10/04/2026 22:00;10/04/2026;4.06997;-76.40744;10/04/2026;Open-Meteo Archive;18.5;14.3;23.2;8.7;11.7;;;;Dato obtenido por fallback Open-Meteo;Lluvioso;Sí;No
76°31'18.7''W;3°03'37.9''N;Santander_Quilichao;6:00:00;14:00:00;25QUIRA;10/04/2026;3.060527778;-76.52186111;10/04/2026;10/04/2026 6:00;10/04/2026 14:00;10/04/2026;3.06053;-76.52186;10/04/2026;Open-Meteo Archive;22.9;18;29.4;27.5;15.8;;;;Dato obtenido por fallback Open-Meteo;Lluvioso;Sí;No
76°27'15.0''W;3°45'32.4''N;Vijes;6:00:00;14:00:00;32MONTE;10/04/2026;3.759;-76.45416667;10/04/2026;10/04/2026 6:00;10/04/2026 14:00;10/04/2026;3.759;-76.45417;10/04/2026;Open-Meteo Archive;18.8;15.9;22;5.7;15.8;;;;Dato obtenido por fallback Open-Meteo;Lluvioso;Sí;No
76°32'44.7''W;3°41'27.4''N;Cumbre;6:00:00;14:00:00;32AGUAC;10/04/2026;3.690944444;-76.54575;10/04/2026;10/04/2026 6:00;10/04/2026 14:00;10/04/2026;3.69094;-76.54575;10/04/2026;Open-Meteo Archive;20.4;17.9;23.9;6.2;16.2;;;;Dato obtenido por fallback Open-Meteo;Lluvioso;Sí;No
76°32'44.7''W;3°41'27.4''N;Cumbre;14:00:00;22:00:00;32AGUAC;10/04/2026;3.690944444;-76.54575;10/04/2026;10/04/2026 14:00;10/04/2026 22:00;10/04/2026;3.69094;-76.54575;10/04/2026;Open-Meteo Archive;20.4;17.9;23.9;6.2;16.2;;;;Dato obtenido por fallback Open-Meteo;Lluvioso;Sí;No
76°32'44.7''W;3°41'27.4''N;Cumbre;22:00:00;6:00:00;32AGUAC;10/04/2026;3.690944444;-76.54575;10/04/2026;10/04/2026 22:00;11/04/2026 6:00;10/04/2026;3.69094;-76.54575;10/04/2026;Open-Meteo Archive;20.4;17.9;23.9;6.2;16.2;;;;Dato obtenido por fallback Open-Meteo;Lluvioso;Sí;No
76°16'44.2''W;4°24'52.3''N;Bolivar;6:00:00;14:00:00;35PLACE;10/04/2026;4.414527778;-76.27894444;10/04/2026;10/04/2026 6:00;10/04/2026 14:00;10/04/2026;4.41453;-76.27894;10/04/2026;Open-Meteo Archive;16.4;13.4;20.1;12.7;11.8;;;;Dato obtenido por fallback Open-Meteo;Lluvioso;Sí;No
76°16'44.2''W;4°24'52.3''N;Bolivar;14:00:00;22:00:00;35PLACE;10/04/2026;4.414527778;-76.27894444;10/04/2026;10/04/2026 14:00;10/04/2026 22:00;10/04/2026;4.41453;-76.27894;10/04/2026;Open-Meteo Archive;16.4;13.4;20.1;12.7;11.8;;;;Dato obtenido por fallback Open-Meteo;Lluvioso;Sí;No
76°27'15.0''W;3°45'32.4''N;Vijes;14:00:00;22:00:00;32MONTE;10/04/2026;3.759;-76.45416667;10/04/2026;10/04/2026 14:00;10/04/2026 22:00;10/04/2026;3.759;-76.45417;10/04/2026;Open-Meteo Archive;18.8;15.9;22;5.7;15.8;;;;Dato obtenido por fallback Open-Meteo;Lluvioso;Sí;No
76°32'44.7''W;3°41'27.4''N;Cumbre;14:00:00;22:00:00;32AGUAC;11/04/2026;3.690944444;-76.54575;11/04/2026;11/04/2026 14:00;11/04/2026 22:00;11/04/2026;3.69094;-76.54575;11/04/2026;Open-Meteo Archive;20.6;17.5;25.9;17;12.2;;;;Dato obtenido por fallback Open-Meteo;Lluvioso;Sí;No
76°27'15.0''W;3°45'32.4''N;Vijes;14:00:00;22:00:00;32MONTE;11/04/2026;3.759;-76.45416667;11/04/2026;11/04/2026 14:00;11/04/2026 22:00;11/04/2026;3.759;-76.45417;11/04/2026;Open-Meteo Archive;19;16.4;23;3.7;8.1;;;;Dato obtenido por fallback Open-Meteo;Lluvioso;Sí;No
76°27'15.0''W;3°45'32.4''N;Vijes;6:00:00;14:00:00;32MONTE;11/04/2026;3.759;-76.45416667;11/04/2026;11/04/2026 6:00;11/04/2026 14:00;11/04/2026;3.759;-76.45417;11/04/2026;Open-Meteo Archive;19;16.4;23;3.7;8.1;;;;Dato obtenido por fallback Open-Meteo;Lluvioso;Sí;No
76°24'26.8''W;4°04'11.9''N;Riofrio;6:00:00;14:00:00;31GRACI;11/04/2026;4.069972222;-76.40744444;11/04/2026;11/04/2026 6:00;11/04/2026 14:00;11/04/2026;4.06997;-76.40744;11/04/2026;Open-Meteo Archive;17.9;15.3;21.2;11.3;12.2;;;;Dato obtenido por fallback Open-Meteo;Lluvioso;Sí;No
76°24'26.8''W;4°04'11.9''N;Riofrio;14:00:00;22:00:00;31GRACI;11/04/2026;4.069972222;-76.40744444;11/04/2026;11/04/2026 14:00;11/04/2026 22:00;11/04/2026;4.06997;-76.40744;11/04/2026;Open-Meteo Archive;17.9;15.3;21.2;11.3;12.2;;;;Dato obtenido por fallback Open-Meteo;Lluvioso;Sí;No
76°32'44.7''W;3°41'27.4''N;Cumbre;6:00:00;14:00:00;32AGUAC;11/04/2026;3.690944444;-76.54575;11/04/2026;11/04/2026 6:00;11/04/2026 14:00;11/04/2026;3.69094;-76.54575;11/04/2026;Open-Meteo Archive;20.6;17.5;25.9;17;12.2;;;;Dato obtenido por fallback Open-Meteo;Lluvioso;Sí;No
76°16'44.2''W;4°24'52.3''N;Bolivar;6:00:00;14:00:00;35PLACE;11/04/2026;4.414527778;-76.27894444;11/04/2026;11/04/2026 6:00;11/04/2026 14:00;11/04/2026;4.41453;-76.27894;11/04/2026;Open-Meteo Archive;17.2;14.7;21.6;4.7;7.3;;;;Dato obtenido por fallback Open-Meteo;Lluvioso;Sí;No
76°16'44.2''W;4°24'52.3''N;Bolivar;14:00:00;22:00:00;35PLACE;11/04/2026;4.414527778;-76.27894444;11/04/2026;11/04/2026 14:00;11/04/2026 22:00;11/04/2026;4.41453;-76.27894;11/04/2026;Open-Meteo Archive;17.2;14.7;21.6;4.7;7.3;;;;Dato obtenido por fallback Open-Meteo;Lluvioso;Sí;No
76°32'44.7''W;3°41'27.4''N;Cumbre;6:00:00;14:00:00;32AGUAC;12/04/2026;3.690944444;-76.54575;12/04/2026;12/04/2026 6:00;12/04/2026 14:00;12/04/2026;3.69094;-76.54575;12/04/2026;Open-Meteo Archive;21;17.6;27;8.9;15.4;;;;Dato obtenido por fallback Open-Meteo;Lluvioso;Sí;No
76°27'15.0''W;3°45'32.4''N;Vijes;6:00:00;14:00:00;32MONTE;12/04/2026;3.759;-76.45416667;12/04/2026;12/04/2026 6:00;12/04/2026 14:00;12/04/2026;3.759;-76.45417;12/04/2026;Open-Meteo Archive;19.5;16.3;24.7;2.4;12.4;;;;Dato obtenido por fallback Open-Meteo;Lluvioso;Sí;No
76°16'44.2''W;4°24'52.3''N;Bolivar;6:00:00;14:00:00;35PLACE;12/04/2026;4.414527778;-76.27894444;12/04/2026;12/04/2026 6:00;12/04/2026 14:00;12/04/2026;4.41453;-76.27894;12/04/2026;Open-Meteo Archive;17.5;14.3;22.5;20.3;10.3;;;;Dato obtenido por fallback Open-Meteo;Lluvioso;Sí;No
75°37'12.0''W;4°50'48.0''N;Santa_Rosa_Cabal;14:00:00;22:00:00;15RIEL_;05/04/2026;4.846666667;-75.62;05/04/2026;05/04/2026 14:00;05/04/2026 22:00;05/04/2026;4.84667;-75.62;05/04/2026;Open-Meteo Archive;17.5;14.8;21.4;11.6;6.1;;;;Dato obtenido por fallback Open-Meteo;Lluvioso;Sí;No
75°37'12.0''W;4°50'48.0''N;Santa_Rosa_Cabal;6:00:00;14:00:00;15RIEL_;05/04/2026;4.846666667;-75.62;05/04/2026;05/04/2026 6:00;05/04/2026 14:00;05/04/2026;4.84667;-75.62;05/04/2026;Open-Meteo Archive;17.5;14.8;21.4;11.6;6.1;;;;Dato obtenido por fallback Open-Meteo;Lluvioso;Sí;No
75°52'33.4''W;4°06'28.8''N;Sevilla;6:00:00;14:00:00;13SINAB;05/04/2026;4.108;-75.87594444;05/04/2026;05/04/2026 6:00;05/04/2026 14:00;05/04/2026;4.108;-75.87594;05/04/2026;Open-Meteo Archive;13.3;10.1;16.7;27;9.5;;;;Dato obtenido por fallback Open-Meteo;Lluvioso;Sí;No
75°37'12.0''W;4°50'48.0''N;Santa_Rosa_Cabal;6:00:00;14:00:00;15RIEL_;05/04/2026;4.846666667;-75.62;05/04/2026;05/04/2026 6:00;05/04/2026 14:00;05/04/2026;4.84667;-75.62;05/04/2026;Open-Meteo Archive;17.5;14.8;21.4;11.6;6.1;;;;Dato obtenido por fallback Open-Meteo;Lluvioso;Sí;No
75°52'33.4''W;4°06'28.8''N;Sevilla;6:00:00;14:00:00;13SINAB;05/04/2026;4.108;-75.87594444;05/04/2026;05/04/2026 6:00;05/04/2026 14:00;05/04/2026;4.108;-75.87594;05/04/2026;Open-Meteo Archive;13.3;10.1;16.7;27;9.5;;;;Dato obtenido por fallback Open-Meteo;Lluvioso;Sí;No
75°52'33.4''W;4°06'28.8''N;Sevilla;14:00:00;22:00:00;13SINAB;05/04/2026;4.108;-75.87594444;05/04/2026;05/04/2026 14:00;05/04/2026 22:00;05/04/2026;4.108;-75.87594;05/04/2026;Open-Meteo Archive;13.3;10.1;16.7;27;9.5;;;;Dato obtenido por fallback Open-Meteo;Lluvioso;Sí;No
75°37'12.0''W;4°50'48.0''N;Santa_Rosa_Cabal;14:00:00;22:00:00;15RIEL_;06/04/2026;4.846666667;-75.62;06/04/2026;06/04/2026 14:00;06/04/2026 22:00;06/04/2026;4.84667;-75.62;06/04/2026;Open-Meteo Archive;18.7;15.4;23.3;2.7;7;;;;Dato obtenido por fallback Open-Meteo;Lluvioso;Sí;No
75°37'12.0''W;4°50'48.0''N;Santa_Rosa_Cabal;6:00:00;14:00:00;15RIEL_;06/04/2026;4.846666667;-75.62;06/04/2026;06/04/2026 6:00;06/04/2026 14:00;06/04/2026;4.84667;-75.62;06/04/2026;Open-Meteo Archive;18.7;15.4;23.3;2.7;7;;;;Dato obtenido por fallback Open-Meteo;Lluvioso;Sí;No
75°37'12.0''W;4°50'48.0''N;Santa_Rosa_Cabal;14:00:00;22:00:00;15RIEL_;06/04/2026;4.846666667;-75.62;06/04/2026;06/04/2026 14:00;06/04/2026 22:00;06/04/2026;4.84667;-75.62;06/04/2026;Open-Meteo Archive;18.7;15.4;23.3;2.7;7;;;;Dato obtenido por fallback Open-Meteo;Lluvioso;Sí;No
75°37'12.0''W;4°50'48.0''N;Santa_Rosa_Cabal;6:00:00;14:00:00;15RIEL_;06/04/2026;4.846666667;-75.62;06/04/2026;06/04/2026 6:00;06/04/2026 14:00;06/04/2026;4.84667;-75.62;06/04/2026;Open-Meteo Archive;18.7;15.4;23.3;2.7;7;;;;Dato obtenido por fallback Open-Meteo;Lluvioso;Sí;No
75°52'33.4''W;4°06'28.8''N;Sevilla;6:00:00;14:00:00;13SINAB;06/04/2026;4.108;-75.87594444;06/04/2026;06/04/2026 6:00;06/04/2026 14:00;06/04/2026;4.108;-75.87594;06/04/2026;Open-Meteo Archive;13.5;9.3;18.4;16.8;9.3;;;;Dato obtenido por fallback Open-Meteo;Lluvioso;Sí;No
75°52'33.4''W;4°06'28.8''N;Sevilla;14:00:00;22:00:00;13SINAB;06/04/2026;4.108;-75.87594444;06/04/2026;06/04/2026 14:00;06/04/2026 22:00;06/04/2026;4.108;-75.87594;06/04/2026;Open-Meteo Archive;13.5;9.3;18.4;16.8;9.3;;;;Dato obtenido por fallback Open-Meteo;Lluvioso;Sí;No
75°52'33.4''W;4°06'28.8''N;Sevilla;6:00:00;14:00:00;13SINAB;06/04/2026;4.108;-75.87594444;06/04/2026;06/04/2026 6:00;06/04/2026 14:00;06/04/2026;4.108;-75.87594;06/04/2026;Open-Meteo Archive;13.5;9.3;18.4;16.8;9.3;;;;Dato obtenido por fallback Open-Meteo;Lluvioso;Sí;No
75°52'33.4''W;4°06'28.8''N;Sevilla;14:00:00;22:00:00;13SINAB;06/04/2026;4.108;-75.87594444;06/04/2026;06/04/2026 14:00;06/04/2026 22:00;06/04/2026;4.108;-75.87594;06/04/2026;Open-Meteo Archive;13.5;9.3;18.4;16.8;9.3;;;;Dato obtenido por fallback Open-Meteo;Lluvioso;Sí;No
75°37'12.0''W;4°50'48.0''N;Santa_Rosa_Cabal;6:00:00;14:00:00;15RIEL_;07/04/2026;4.846666667;-75.62;07/04/2026;07/04/2026 6:00;07/04/2026 14:00;07/04/2026;4.84667;-75.62;07/04/2026;Open-Meteo Archive;18.8;16.1;23.8;6.2;7.6;;;;Dato obtenido por fallback Open-Meteo;Lluvioso;Sí;No
75°37'12.0''W;4°50'48.0''N;Santa_Rosa_Cabal;14:00:00;22:00:00;15RIEL_;07/04/2026;4.846666667;-75.62;07/04/2026;07/04/2026 14:00;07/04/2026 22:00;07/04/2026;4.84667;-75.62;07/04/2026;Open-Meteo Archive;18.8;16.1;23.8;6.2;7.6;;;;Dato obtenido por fallback Open-Meteo;Lluvioso;Sí;No
75°37'12.0''W;4°50'48.0''N;Santa_Rosa_Cabal;6:00:00;14:00:00;15RIEL_;07/04/2026;4.846666667;-75.62;07/04/2026;07/04/2026 6:00;07/04/2026 14:00;07/04/2026;4.84667;-75.62;07/04/2026;Open-Meteo Archive;18.8;16.1;23.8;6.2;7.6;;;;Dato obtenido por fallback Open-Meteo;Lluvioso;Sí;No
75°52'33.4''W;4°06'28.8''N;Sevilla;6:00:00;14:00:00;13SINAB;07/04/2026;4.108;-75.87594444;07/04/2026;07/04/2026 6:00;07/04/2026 14:00;07/04/2026;4.108;-75.87594;07/04/2026;Open-Meteo Archive;13.9;9.7;19.2;10.1;8.6;;;;Dato obtenido por fallback Open-Meteo;Lluvioso;Sí;No
75°52'33.4''W;4°06'28.8''N;Sevilla;14:00:00;22:00:00;13SINAB;07/04/2026;4.108;-75.87594444;07/04/2026;07/04/2026 14:00;07/04/2026 22:00;07/04/2026;4.108;-75.87594;07/04/2026;Open-Meteo Archive;13.9;9.7;19.2;10.1;8.6;;;;Dato obtenido por fallback Open-Meteo;Lluvioso;Sí;No
75°52'33.4''W;4°06'28.8''N;Sevilla;6:00:00;14:00:00;13SINAB;07/04/2026;4.108;-75.87594444;07/04/2026;07/04/2026 6:00;07/04/2026 14:00;07/04/2026;4.108;-75.87594;07/04/2026;Open-Meteo Archive;13.9;9.7;19.2;10.1;8.6;;;;Dato obtenido por fallback Open-Meteo;Lluvioso;Sí;No
75°52'33.4''W;4°06'28.8''N;Sevilla;14:00:00;22:00:00;13SINAB;07/04/2026;4.108;-75.87594444;07/04/2026;07/04/2026 14:00;07/04/2026 22:00;07/04/2026;4.108;-75.87594;07/04/2026;Open-Meteo Archive;13.9;9.7;19.2;10.1;8.6;;;;Dato obtenido por fallback Open-Meteo;Lluvioso;Sí;No
75°37'12.0''W;4°50'48.0''N;Santa_Rosa_Cabal;6:00:00;14:00:00;15RIEL_;08/04/2026;4.846666667;-75.62;08/04/2026;08/04/2026 6:00;08/04/2026 14:00;08/04/2026;4.84667;-75.62;08/04/2026;Open-Meteo Archive;18.3;15.9;22;1.2;8.8;;;;Dato obtenido por fallback Open-Meteo;Lluvioso;Sí;No
75°52'33.4''W;4°06'28.8''N;Sevilla;6:00:00;14:00:00;13SINAB;08/04/2026;4.108;-75.87594444;08/04/2026;08/04/2026 6:00;08/04/2026 14:00;08/04/2026;4.108;-75.87594;08/04/2026;Open-Meteo Archive;14.6;10.9;18.4;3.8;8.1;;;;Dato obtenido por fallback Open-Meteo;Lluvioso;Sí;No
75°52'33.4''W;4°06'28.8''N;Sevilla;14:00:00;22:00:00;13SINAB;08/04/2026;4.108;-75.87594444;08/04/2026;08/04/2026 14:00;08/04/2026 22:00;08/04/2026;4.108;-75.87594;08/04/2026;Open-Meteo Archive;14.6;10.9;18.4;3.8;8.1;;;;Dato obtenido por fallback Open-Meteo;Lluvioso;Sí;No
75°52'33.4''W;4°06'28.8''N;Sevilla;6:00:00;14:00:00;13SINAB;08/04/2026;4.108;-75.87594444;08/04/2026;08/04/2026 6:00;08/04/2026 14:00;08/04/2026;4.108;-75.87594;08/04/2026;Open-Meteo Archive;14.6;10.9;18.4;3.8;8.1;;;;Dato obtenido por fallback Open-Meteo;Lluvioso;Sí;No
75°52'33.4''W;4°06'28.8''N;Sevilla;14:00:00;22:00:00;13SINAB;08/04/2026;4.108;-75.87594444;08/04/2026;08/04/2026 14:00;08/04/2026 22:00;08/04/2026;4.108;-75.87594;08/04/2026;Open-Meteo Archive;14.6;10.9;18.4;3.8;8.1;;;;Dato obtenido por fallback Open-Meteo;Lluvioso;Sí;No
75°37'12.0''W;4°50'48.0''N;Santa_Rosa_Cabal;14:00:00;22:00:00;15RIEL_;08/04/2026;4.846666667;-75.62;08/04/2026;08/04/2026 14:00;08/04/2026 22:00;08/04/2026;4.84667;-75.62;08/04/2026;Open-Meteo Archive;18.3;15.9;22;1.2;8.8;;;;Dato obtenido por fallback Open-Meteo;Lluvioso;Sí;No
75°52'33.4''W;4°06'28.8''N;Sevilla;14:00:00;22:00:00;13SINAB;08/04/2026;4.108;-75.87594444;08/04/2026;08/04/2026 14:00;08/04/2026 22:00;08/04/2026;4.108;-75.87594;08/04/2026;Open-Meteo Archive;14.6;10.9;18.4;3.8;8.1;;;;Dato obtenido por fallback Open-Meteo;Lluvioso;Sí;No
75°37'12.0''W;4°50'48.0''N;Santa_Rosa_Cabal;6:00:00;14:00:00;15RIEL_;09/04/2026;4.846666667;-75.62;09/04/2026;09/04/2026 6:00;09/04/2026 14:00;09/04/2026;4.84667;-75.62;09/04/2026;Open-Meteo Archive;19.2;15.7;23.4;0;8.1;;;;Dato obtenido por fallback Open-Meteo;Seco;No;No
75°37'12.0''W;4°50'48.0''N;Santa_Rosa_Cabal;14:00:00;22:00:00;15RIEL_;09/04/2026;4.846666667;-75.62;09/04/2026;09/04/2026 14:00;09/04/2026 22:00;09/04/2026;4.84667;-75.62;09/04/2026;Open-Meteo Archive;19.2;15.7;23.4;0;8.1;;;;Dato obtenido por fallback Open-Meteo;Seco;No;No
75°52'33.4''W;4°06'28.8''N;Sevilla;6:00:00;14:00:00;13SINAB;09/04/2026;4.108;-75.87594444;09/04/2026;09/04/2026 6:00;09/04/2026 14:00;09/04/2026;4.108;-75.87594;09/04/2026;Open-Meteo Archive;14.6;9.3;21.1;0;7.3;;;;Dato obtenido por fallback Open-Meteo;Seco;No;No
75°52'33.4''W;4°06'28.8''N;Sevilla;14:00:00;22:00:00;13SINAB;09/04/2026;4.108;-75.87594444;09/04/2026;09/04/2026 14:00;09/04/2026 22:00;09/04/2026;4.108;-75.87594;09/04/2026;Open-Meteo Archive;14.6;9.3;21.1;0;7.3;;;;Dato obtenido por fallback Open-Meteo;Seco;No;No
75°52'33.4''W;4°06'28.8''N;Sevilla;6:00:00;14:00:00;13SINAB;09/04/2026;4.108;-75.87594444;09/04/2026;09/04/2026 6:00;09/04/2026 14:00;09/04/2026;4.108;-75.87594;09/04/2026;Open-Meteo Archive;14.6;9.3;21.1;0;7.3;;;;Dato obtenido por fallback Open-Meteo;Seco;No;No
75°52'33.4''W;4°06'28.8''N;Sevilla;14:00:00;22:00:00;13SINAB;09/04/2026;4.108;-75.87594444;09/04/2026;09/04/2026 14:00;09/04/2026 22:00;09/04/2026;4.108;-75.87594;09/04/2026;Open-Meteo Archive;14.6;9.3;21.1;0;7.3;;;;Dato obtenido por fallback Open-Meteo;Seco;No;No
75°37'12.0''W;4°50'48.0''N;Santa_Rosa_Cabal;14:00:00;22:00:00;15RIEL_;09/04/2026;4.846666667;-75.62;09/04/2026;09/04/2026 14:00;09/04/2026 22:00;09/04/2026;4.84667;-75.62;09/04/2026;Open-Meteo Archive;19.2;15.7;23.4;0;8.1;;;;Dato obtenido por fallback Open-Meteo;Seco;No;No
75°37'12.0''W;4°50'48.0''N;Santa_Rosa_Cabal;6:00:00;14:00:00;15RIEL_;09/04/2026;4.846666667;-75.62;09/04/2026;09/04/2026 6:00;09/04/2026 14:00;09/04/2026;4.84667;-75.62;09/04/2026;Open-Meteo Archive;19.2;15.7;23.4;0;8.1;;;;Dato obtenido por fallback Open-Meteo;Seco;No;No
75°37'12.0''W;4°50'48.0''N;Santa_Rosa_Cabal;6:00:00;14:00:00;15RIEL_;10/04/2026;4.846666667;-75.62;10/04/2026;10/04/2026 6:00;10/04/2026 14:00;10/04/2026;4.84667;-75.62;10/04/2026;Open-Meteo Archive;19.3;16.2;24.2;4.3;9.2;;;;Dato obtenido por fallback Open-Meteo;Lluvioso;Sí;No
75°37'12.0''W;4°50'48.0''N;Santa_Rosa_Cabal;14:00:00;22:00:00;15RIEL_;10/04/2026;4.846666667;-75.62;10/04/2026;10/04/2026 14:00;10/04/2026 22:00;10/04/2026;4.84667;-75.62;10/04/2026;Open-Meteo Archive;19.3;16.2;24.2;4.3;9.2;;;;Dato obtenido por fallback Open-Meteo;Lluvioso;Sí;No
75°37'12.0''W;4°50'48.0''N;Santa_Rosa_Cabal;14:00:00;22:00:00;15RIEL_;10/04/2026;4.846666667;-75.62;10/04/2026;10/04/2026 14:00;10/04/2026 22:00;10/04/2026;4.84667;-75.62;10/04/2026;Open-Meteo Archive;19.3;16.2;24.2;4.3;9.2;;;;Dato obtenido por fallback Open-Meteo;Lluvioso;Sí;No
75°37'12.0''W;4°50'48.0''N;Santa_Rosa_Cabal;6:00:00;14:00:00;15RIEL_;10/04/2026;4.846666667;-75.62;10/04/2026;10/04/2026 6:00;10/04/2026 14:00;10/04/2026;4.84667;-75.62;10/04/2026;Open-Meteo Archive;19.3;16.2;24.2;4.3;9.2;;;;Dato obtenido por fallback Open-Meteo;Lluvioso;Sí;No
75°37'12.0''W;4°50'48.0''N;Santa_Rosa_Cabal;6:00:00;14:00:00;15RIEL_;11/04/2026;4.846666667;-75.62;11/04/2026;11/04/2026 6:00;11/04/2026 14:00;11/04/2026;4.84667;-75.62;11/04/2026;Open-Meteo Archive;19.1;15.1;23.9;5.1;8.1;;;;Dato obtenido por fallback Open-Meteo;Lluvioso;Sí;No
75°52'33.4''W;4°06'28.8''N;Sevilla;6:00:00;14:00:00;13SINAB;12/04/2026;4.108;-75.87594444;12/04/2026;12/04/2026 6:00;12/04/2026 14:00;12/04/2026;4.108;-75.87594;12/04/2026;Open-Meteo Archive;15.2;9.9;21.9;11;8.2;;;;Dato obtenido por fallback Open-Meteo;Lluvioso;Sí;No
75°52'33.4''W;4°06'28.8''N;Sevilla;14:00:00;22:00:00;13SINAB;12/04/2026;4.108;-75.87594444;12/04/2026;12/04/2026 14:00;12/04/2026 22:00;12/04/2026;4.108;-75.87594;12/04/2026;Open-Meteo Archive;15.2;9.9;21.9;11;8.2;;;;Dato obtenido por fallback Open-Meteo;Lluvioso;Sí;No
75°52'33.4''W;4°06'28.8''N;Sevilla;6:00:00;14:00:00;13SINAB;12/04/2026;4.108;-75.87594444;12/04/2026;12/04/2026 6:00;12/04/2026 14:00;12/04/2026;4.108;-75.87594;12/04/2026;Open-Meteo Archive;15.2;9.9;21.9;11;8.2;;;;Dato obtenido por fallback Open-Meteo;Lluvioso;Sí;No
75°52'33.4''W;4°06'28.8''N;Sevilla;14:00:00;22:00:00;13SINAB;12/04/2026;4.108;-75.87594444;12/04/2026;12/04/2026 14:00;12/04/2026 22:00;12/04/2026;4.108;-75.87594;12/04/2026;Open-Meteo Archive;15.2;9.9;21.9;11;8.2;;;;Dato obtenido por fallback Open-Meteo;Lluvioso;Sí;No
75°52'33.4''W;4°06'28.8''N;Sevilla;6:00:00;14:00:00;13SINAB;12/04/2026;4.108;-75.87594444;12/04/2026;12/04/2026 6:00;12/04/2026 14:00;12/04/2026;4.108;-75.87594;12/04/2026;Open-Meteo Archive;15.2;9.9;21.9;11;8.2;;;;Dato obtenido por fallback Open-Meteo;Lluvioso;Sí;No
75°52'33.4''W;4°06'28.8''N;Sevilla;14:00:00;22:00:00;13SINAB;12/04/2026;4.108;-75.87594444;12/04/2026;12/04/2026 14:00;12/04/2026 22:00;12/04/2026;4.108;-75.87594;12/04/2026;Open-Meteo Archive;15.2;9.9;21.9;11;8.2;;;;Dato obtenido por fallback Open-Meteo;Lluvioso;Sí;No
75°52'33.4''W;4°06'28.8''N;Sevilla;6:00:00;14:00:00;13SINAB;12/04/2026;4.108;-75.87594444;12/04/2026;12/04/2026 6:00;12/04/2026 14:00;12/04/2026;4.108;-75.87594;12/04/2026;Open-Meteo Archive;15.2;9.9;21.9;11;8.2;;;;Dato obtenido por fallback Open-Meteo;Lluvioso;Sí;No
75°52'33.4''W;4°06'28.8''N;Sevilla;14:00:00;22:00:00;13SINAB;12/04/2026;4.108;-75.87594444;12/04/2026;12/04/2026 14:00;12/04/2026 22:00;12/04/2026;4.108;-75.87594;12/04/2026;Open-Meteo Archive;15.2;9.9;21.9;11;8.2;;;;Dato obtenido por fallback Open-Meteo;Lluvioso;Sí;No
75°37'12.0''W;4°50'48.0''N;Santa_Rosa_Cabal;6:00:00;14:00:00;15RIEL_;12/04/2026;4.846666667;-75.62;12/04/2026;12/04/2026 6:00;12/04/2026 14:00;12/04/2026;4.84667;-75.62;12/04/2026;Open-Meteo Archive;20.1;16.5;24.9;1.9;5.8;;;;Dato obtenido por fallback Open-Meteo;Lluvioso;Sí;No
76°31'18.7''W;3°03'37.9''N;Santander_Quilichao;6:00:00;14:00:00;25QUIRA;11/04/2026;3.060527778;-76.52186111;11/04/2026;11/04/2026 6:00;11/04/2026 14:00;11/04/2026;3.06053;-76.52186;11/04/2026;Open-Meteo Archive;22.7;18.8;27.9;14.4;10.8;;;;Dato obtenido por fallback Open-Meteo;Lluvioso;Sí;No
76°31'18.7''W;3°03'37.9''N;Santander_Quilichao;6:00:00;14:00:00;25QUIRA;12/04/2026;3.060527778;-76.52186111;12/04/2026;12/04/2026 6:00;12/04/2026 14:00;12/04/2026;3.06053;-76.52186;12/04/2026;Open-Meteo Archive;23.3;18;29.6;24;9.8;;;;Dato obtenido por fallback Open-Meteo;Lluvioso;Sí;No
76°24'26.8''W;4°04'11.9''N;Riofrio;6:00:00;14:00:00;31GRACI;12/04/2026;4.069972222;-76.40744444;12/04/2026;12/04/2026 6:00;12/04/2026 14:00;12/04/2026;4.06997;-76.40744;12/04/2026;Open-Meteo Archive;19.1;15.5;24.4;1.5;14.9;;;;Dato obtenido por fallback Open-Meteo;Lluvioso;Sí;No
76°24'26.8''W;4°04'11.9''N;Riofrio;14:00:00;22:00:00;31GRACI;12/04/2026;4.069972222;-76.40744444;12/04/2026;12/04/2026 14:00;12/04/2026 22:00;12/04/2026;4.06997;-76.40744;12/04/2026;Open-Meteo Archive;19.1;15.5;24.4;1.5;14.9;;;;Dato obtenido por fallback Open-Meteo;Lluvioso;Sí;No
76°27'15.0''W;3°45'32.4''N;Vijes;14:00:00;22:00:00;32MONTE;12/04/2026;3.759;-76.45416667;12/04/2026;12/04/2026 14:00;12/04/2026 22:00;12/04/2026;3.759;-76.45417;12/04/2026;Open-Meteo Archive;19.5;16.3;24.7;2.4;12.4;;;;Dato obtenido por fallback Open-Meteo;Lluvioso;Sí;No
76°24'26.8''W;4°04'11.9''N;Riofrio;6:00:00;14:00:00;31GRACI;13/04/2026;4.069972222;-76.40744444;13/04/2026;13/04/2026 6:00;13/04/2026 14:00;13/04/2026;4.06997;-76.40744;13/04/2026;Open-Meteo Archive;16.9;15.2;19.1;38.1;8.8;;;;Dato obtenido por fallback Open-Meteo;Lluvioso;Sí;No
76°31'18.7''W;3°03'37.9''N;Santander_Quilichao;6:00:00;14:00:00;25QUIRA;13/04/2026;3.060527778;-76.52186111;13/04/2026;13/04/2026 6:00;13/04/2026 14:00;13/04/2026;3.06053;-76.52186;13/04/2026;Open-Meteo Archive;22.1;19;27.3;12.5;13.3;;;;Dato obtenido por fallback Open-Meteo;Lluvioso;Sí;No
75°52'33.4''W;4°06'28.8''N;Sevilla;6:00:00;14:00:00;13SINAB;13/04/2026;4.108;-75.87594444;13/04/2026;13/04/2026 6:00;13/04/2026 14:00;13/04/2026;4.108;-75.87594;13/04/2026;Open-Meteo Archive;13.7;10.3;16.8;32;9.7;;;;Dato obtenido por fallback Open-Meteo;Lluvioso;Sí;No
76°27'15.0''W;3°45'32.4''N;Vijes;14:00:00;22:00:00;32MONTE;13/04/2026;3.759;-76.45416667;13/04/2026;13/04/2026 14:00;13/04/2026 22:00;13/04/2026;3.759;-76.45417;13/04/2026;Open-Meteo Archive;18.4;16.3;22.1;16.8;9.5;;;;Dato obtenido por fallback Open-Meteo;Lluvioso;Sí;No
75°52'33.4''W;4°06'28.8''N;Sevilla;14:00:00;22:00:00;13SINAB;13/04/2026;4.108;-75.87594444;13/04/2026;13/04/2026 14:00;13/04/2026 22:00;13/04/2026;4.108;-75.87594;13/04/2026;Open-Meteo Archive;13.7;10.3;16.8;32;9.7;;;;Dato obtenido por fallback Open-Meteo;Lluvioso;Sí;No
75°52'33.4''W;4°06'28.8''N;Sevilla;6:00:00;14:00:00;13SINAB;13/04/2026;4.108;-75.87594444;13/04/2026;13/04/2026 6:00;13/04/2026 14:00;13/04/2026;4.108;-75.87594;13/04/2026;Open-Meteo Archive;13.7;10.3;16.8;32;9.7;;;;Dato obtenido por fallback Open-Meteo;Lluvioso;Sí;No
75°52'33.4''W;4°06'28.8''N;Sevilla;14:00:00;22:00:00;13SINAB;13/04/2026;4.108;-75.87594444;13/04/2026;13/04/2026 14:00;13/04/2026 22:00;13/04/2026;4.108;-75.87594;13/04/2026;Open-Meteo Archive;13.7;10.3;16.8;32;9.7;;;;Dato obtenido por fallback Open-Meteo;Lluvioso;Sí;No
76°27'15.0''W;3°45'32.4''N;Vijes;6:00:00;14:00:00;32MONTE;13/04/2026;3.759;-76.45416667;13/04/2026;13/04/2026 6:00;13/04/2026 14:00;13/04/2026;3.759;-76.45417;13/04/2026;Open-Meteo Archive;18.4;16.3;22.1;16.8;9.5;;;;Dato obtenido por fallback Open-Meteo;Lluvioso;Sí;No
